A2600	3-d zapper	Shooter
A2600	3-d genesis	Action
A2600	3-d ghost attack	Shooter
A2600	3-d tic-tac-toe	Strategy
A2600	32 in 1 game cartridge	Various
A2600	action man - action force	Shoot'em Up
A2600	acid drop	Puzzle
A2600	abre-te, sesamo!	Action
A2600	4 game in one	Action
A2600	actionauts	Simulation
A2600	activision decathlon, the	Sports
A2600	adventure	Adventure
A2600	adventures of tron	Platform
A2600	air raiders	Shooter
A2600	air raid	Shoot'em Up
A2600	air-sea battle	Shoot'em Up
A2600	airlock	Platform
A2600	air-sea battle ~ target fun	Shoot'em Up
A2600	alien	Action
A2600	alien's return	Action
A2600	alligator people	Action
A2600	alpha beam	Educational
A2600	alpha beam with ernie	Educational
A2600	amidar	Action
A2600	androman on the moon	Action
A2600	angry video game nerd k.o. boxing - ntsc	Sports
A2600	anguna 2600	Adventure
A2600	apples and dolls	Action
A2600	aquaventure	Action
A2600	armor ambush	Shooter
A2600	artillery duel	Strategy
A2600	assault	Action
A2600	asteroids	Shooter
A2600	astroblast	Shooter
A2600	astrowar	Shoot'em Up
A2600	atari video cube	Puzzle
A2600	atlantis	Action
A2600	atlantis ii	Action
A2600	atom smasher	Shoot'em Up
A2600	bachelor party	Action
A2600	bachelorette party	Action
A2600	backgammon	Board
A2600	bank heist	Action
A2600	barnstorming	Action
A2600	base attack	Shoot'em Up
A2600	baseball	Sports
A2600	basic math	Educational
A2600	basic programming	Various
A2600	basketball	Sports
A2600	battlezone	Shooter
A2600	beamrider	Action
A2600	beany bopper	Action
A2600	beat'em & eat'em	Action
A2600	berenstain bears	Educational
A2600	bermuda triangle	Action
A2600	berzerk	Shooter
A2600	big bird's egg catch	Educational
A2600	bionic breakthrough	Action
A2600	black jack	Gambling
A2600	blueprint	Action
A2600	bloody human freeway	Platform
A2600	bmx air master	Sports
A2600	bobby is going home	Action
A2600	boggle	Board
A2600	boing!	Action
A2600	bowling	Sports
A2600	boxen	Sports
A2600	boxing	Sports
A2600	brain games	Educational
A2600	breakout	Action
A2600	breakout ~ breakaway iv	Action
A2600	bridge	Card
A2600	buck rogers - planet of zoom	Action
A2600	bugs	Action
A2600	bugs bunny	Action
A2600	bump 'n' jump	Racing
A2600	bumper bash	Pinball
A2600	burning desire	Various
A2600	cabbage patch kids - adventures in the park	Platform
A2600	burgertime	Platform
A2600	cakewalk	Action
A2600	california games	Sports
A2600	canyon bomber	Action
A2600	care bears	Action
A2600	carnival	Action
A2600	casino	Gambling
A2600	casino ~ poker plus	Gambling
A2600	cat trax	Action
A2600	centipede	Action
A2600	cathouse blues	Action
A2600	challenge	Action
A2600	challenge of.... nexar, the	Action
A2600	championship soccer ~ soccer	Sports
A2600	championship soccer	Sports
A2600	chase the chuck wagon	Action
A2600	china syndrome	Action
A2600	checkers	Strategy
A2600	chuck norris superkicks	Action
A2600	chopper command	Action
A2600	circus atari	Adventure
A2600	coco nuts	Action
A2600	codebreaker	Puzzle
A2600	col 'n'	Action
A2600	combat	Action
A2600	combat two	Action
A2600	combat ~ tank-plus	Action
A2600	commando	Shooter
A2600	commando raid	Action
A2600	communist mutants from space	Shooter
A2600	computer chess	Board
A2600	condor attack	Shoot'em Up
A2600	confrontation	Strategy
A2600	congo bongo	Platform
A2600	cookie monster munch	Educational
A2600	cosmic ark	Shooter
A2600	cosmic commuter	Action
A2600	cosmic creeps	Action
A2600	cosmic swarm	Shooter
A2600	crack'ed	Action
A2600	crackpots	Shoot'em Up
A2600	crazy climber	Action
A2600	crash dive	Action
A2600	cross force	Action
A2600	crossbow	Action
A2600	crypts of chaos	Action
A2600	cubicolor	Strategy
A2600	crystal castles	Action
A2600	dancing plate	Strategy
A2600	dark cavern	Action
A2600	custer's revenge	Action
A2600	dark chambers	Action
A2600	deadly duck	Shooter
A2600	death trap	Strategy
A2600	demolition herby	Action
A2600	defender	Action
A2600	demons to diamonds	Shooter
A2600	depth charge	Shoot'em Up
A2600	demon attack	Action
A2600	desert falcon	Action
A2600	dice puzzle	Puzzle
A2600	dig dug	Action
A2600	dishaster	Strategy
A2600	dodge 'em ~ dodger cars	Racing
A2600	dodge 'em	Racing
A2600	dolphin	Action
A2600	donald duck's speedboat	Action
A2600	donkey kong	Platform
A2600	donkey kong junior	Platform
A2600	double dragon	Beat'em Up
A2600	dragonfire	Action
A2600	double dunk	Sports
A2600	dragon defender	Shoot'em Up
A2600	dragonstomper	Role-playing (RPG)
A2600	dukes of hazzard	Racing
A2600	dragster	Racing
A2600	e.t. - the extra-terrestrial	Action
A2600	dune	Strategy
A2600	dumbo's flying circus	Adventure
A2600	earth dies screaming, the	Shooter
A2600	eggomania	Action
A2600	elevator action	Platform
A2600	elk attack	Action
A2600	eli's ladder	Educational
A2600	encounter at l-5	Shooter
A2600	entombed	Strategy
A2600	entity, the	Role-playing (RPG)
A2600	escape from the mindmaster	Action
A2600	enduro	Racing
A2600	espial	Shooter
A2600	exocet	Action
A2600	extra terrestrials	Strategy
A2600	farmyard fun	Action
A2600	fast eddie	Platform
A2600	fast food	Action
A2600	fantastic voyage	Action
A2600	fatal run	Racing
A2600	fathom	Action
A2600	final approach	Strategy
A2600	fire fighter	Action
A2600	fire fly	Action
A2600	fire spinner	Action
A2600	flag capture ~ capture	Strategy
A2600	flash gordon	Shooter
A2600	football	Sports
A2600	fireball	Action
A2600	fishing derby	Hunting and Fishing
A2600	forest	Action
A2600	frankenstein's monster	Platform
A2600	frisco	Action
A2600	freeway	Action
A2600	frogger	Action
A2600	frogger ii - threeedeep!	Action
A2600	frog pond	Action
A2600	frogs and flies	Action
A2600	front line	Action
A2600	frostbite	Action
A2600	funky fish	Action
A2600	g.i. joe - cobra strike	Shoot'em Up
A2600	galaxian	Shoot'em Up
A2600	gangster alley	Action
A2600	gamma-attack	Action
A2600	garfield	Platform
A2600	gas hog	Shooter
A2600	gauntlet	Action
A2600	ghost manor	Action
A2600	ghostbusters ii	Action
A2600	ghostbusters	Action
A2600	glib - video word game	Strategy
A2600	gigolo	Action
A2600	go fish!	Action
A2600	glacier patrol	Action
A2600	golf	Sports
A2600	gopher	Action
A2600	gorf	Action
A2600	gravitar	Shooter
A2600	grand prix	Racing
A2600	gremlins	Action
A2600	grover's music maker	Various
A2600	guardian	Action
A2600	great escape	Shoot'em Up
A2600	h.e.r.o.	Action
A2600	gyruss	Shoot'em Up
A2600	halloween	Action
A2600	halo 2600	Shoot'em Up
A2600	harem	Various
A2600	hangman ~ spelling	Strategy
A2600	haunted house	Adventure
A2600	hell driver	Racing
A2600	hole hunter	Action
A2600	holey moley	Action
A2600	home run ~ baseball	Sports
A2600	human cannonball ~ cannon man	Strategy
A2600	i.q. 180	Puzzle
A2600	i.q. memory teaser	Puzzle
A2600	i want my mommy	Action
A2600	ice hockey	Sports
A2600	ikari warriors	Action
A2600	immies & aggies	Shoot'em Up
A2600	infiltrate	Platform
A2600	indy 500 ~ race	Racing
A2600	inv+	Action
A2600	international soccer	Sports
A2600	iq 180	Puzzle
A2600	james bond 007	Action
A2600	jawbreaker	Action
A2600	ixion	Shoot'em Up
A2600	joust	Action
A2600	journey escape	Action
A2600	jungle fever	Action
A2600	jr. pac-man	Action
A2600	jungle hunt	Platform
A2600	kabobber	Action
A2600	kamikaze saucers	Shoot'em Up
A2600	kaboom!	Action
A2600	kangaroo	Action
A2600	karate	Sports
A2600	keystone kapers	Action
A2600	killer satellites	Action
A2600	klax	Strategy
A2600	king kong	Action
A2600	kool-aid man	Action
A2600	knight on the town	Action
A2600	krull	Action
A2600	kung-fu master	Action
A2600	kyphus	Action
A2600	laaser voley	Action
A2600	lady in wading	Various
A2600	laser gates	Action
A2600	laser blast	Action
A2600	lasercade	Shoot'em Up
A2600	lilly adventure	Platform
A2600	lochjaw	Action
A2600	lock 'n' chase	Action
A2600	london blitz	Strategy
A2600	looping	Action
A2600	lord of the rings, the - journey to rivendell	Platform
A2600	lost luggage	Action
A2600	m.a.s.h	Action
A2600	magicard	Various
A2600	m.a.d.	Action
A2600	mangia'	Action
A2600	malagai	Action
A2600	marine wars	Action
A2600	mario bros.	Platform
A2600	marauder	Action
A2600	masters of the universe - the power of he-man	Action
A2600	maze craze - a game of cops 'n robbers ~ maze mania - a game of cops 'n robbers	Action
A2600	math gran prix	Racing
A2600	master builder	Action
A2600	mcdonald's - golden arches adventure	Action
A2600	mega force	Action
A2600	megaboy	Educational
A2600	meltdown	Puzzle
A2600	mein weg	Action
A2600	megamania - a space nightmare	Action
A2600	midnight magic	Various
A2600	millipede	Shooter
A2600	mind maze	Educational
A2600	miner 2049er - starring bounty bob	Action
A2600	mines of minos	Strategy
A2600	miner 2049er volume ii	Action
A2600	miniature golf ~ arcade golf	Sports
A2600	miss piggy's wedding	Action
A2600	missile command	Action
A2600	missile war ~ astro war	Shoot'em Up
A2600	missile control	Action
A2600	mission 3,000 a.d.	Action
A2600	mogul maniac	Sports
A2600	mission survive	Shoot'em Up
A2600	montezuma's revenge - featuring panama joe	Action
A2600	moonsweeper	Action
A2600	moon patrol	Action
A2600	motocross racer	Racing
A2600	motocross	Racing
A2600	motorodeo	Racing
A2600	mountain king	Platform
A2600	mouse trap	Action
A2600	mr. do!	Action
A2600	mr. postman	Platform
A2600	mr. do!'s castle	Action
A2600	music machine, the	Educational
A2600	my golf	Sports
A2600	ms. pac-man	Action
A2600	mysterious thief, a	Platform
A2600	name this game	Action
A2600	night driver	Racing
A2600	nightmare	Platform
A2600	no escape!	Action
A2600	nuts	Shoot'em Up
A2600	o monstro marinho	Action
A2600	obelix	Action
A2600	off the wall	Action
A2600	omega race	Action
A2600	oink!	Action
A2600	open sesame	Action
A2600	off your rocker	Action
A2600	official frogger, the	Action
A2600	oscar's trash race	Racing
A2600	out of control	Racing
A2600	outlaw	Action
A2600	othello	Board
A2600	oystron	Action
A2600	outlaw ~ gunslinger	Action
A2600	pac-man	Action
A2600	panda chase	Action
A2600	parachute	Racing
A2600	pete rose baseball	Sports
A2600	party mix	Action
A2600	pengo	Action
A2600	peek-a-boo	Educational
A2600	peter penguin	Action
A2600	phantom tank	Action
A2600	phantom ufo	Action
A2600	phoenix	Action
A2600	pharaoh's curse	Action
A2600	pick up	Action
A2600	pick 'n' pile	Puzzle
A2600	phaser patrol	Shooter
A2600	piece o' cake	Action
A2600	picnic	Action
A2600	pigs in space - starring miss piggy	Action
A2600	pitfall ii - lost caverns	Platform
A2600	planet of the apes	Action
A2600	pizza chef	Action
A2600	pitfall! - pitfall harry's jungle adventure	Platform
A2600	planet patrol	Action
A2600	pleiades	Action
A2600	polaris	Action
A2600	plaque attack	Educational
A2600	polo	Sports
A2600	pole position	Racing
A2600	pooyan	Shooter
A2600	popeye	Action
A2600	porky's	Action
A2600	pressure cooker	Action
A2600	private eye	Action
A2600	pygmy	Action
A2600	q-bert	Action
A2600	q-bert's qubes	Action
A2600	quadrun	Action
A2600	quick step!	Action
A2600	quest for quintana roo	Adventure
A2600	rabbit transit	Action
A2600	radar	Shoot'em Up
A2600	racing car	Racing
A2600	racquetball	Sports
A2600	radar lock	Action
A2600	raft rider	Action
A2600	raiders of the lost ark	Adventure
A2600	raumpatrouille	Shoot'em Up
A2600	reactor	Action
A2600	rampage!	Action
A2600	ram it	Action
A2600	realsports baseball	Sports
A2600	realsports basketball	Sports
A2600	realsports boxing	Sports
A2600	realsports tennis	Sports
A2600	realsports soccer	Sports
A2600	realsports football	Sports
A2600	red sea crossing	Action
A2600	rescue terra i	Action
A2600	realsports volleyball	Sports
A2600	revenge of the beefsteak tomatoes	Action
A2600	riddle of the sphinx	Adventure
A2600	river patrol	Action
A2600	robin hood	Action
A2600	river raid	Action
A2600	river raid ii	Action
A2600	road runner	Racing
A2600	robot tank	Action
A2600	roc 'n rope	Action
A2600	room of doom	Action
A2600	rocky & bullwinkle	Action
A2600	rubik's cube	Puzzle
A2600	rubik's cube 3-d	Puzzle
A2600	rush hour	Racing
A2600	s.a.c. alert	Action
A2600	saboteur	Action
A2600	save our ship	Action
A2600	save mary!	Action
A2600	save the whales	Action
A2600	sea battle	Strategy
A2600	sea hawk	Shoot'em Up
A2600	sea hunt ~ scuba diver	Adventure
A2600	sea monster	Action
A2600	seaquest	Action
A2600	seahawk	Shoot'em Up
A2600	secret agent	Action
A2600	secret quest	Action
A2600	sentinel	Action
A2600	shootin' gallery	Shoot'em Up
A2600	shooting arcade	Lightgun Shooter
A2600	shuttle orbiter	Simulation
A2600	sinistar	Shoot'em Up
A2600	sir lancelot	Action
A2600	skate boardin'	Sports
A2600	skeet shoot	Action
A2600	ski run	Sports
A2600	ski hunt	Sports
A2600	skiing	Sports
A2600	skindiver	Action
A2600	sky alien ~ assault	Shoot'em Up
A2600	sky diver ~ dare diver	Action
A2600	sky jinks	Racing
A2600	sky skipper	Action
A2600	sky patrol	Simulation
A2600	slot machine ~ slots	Gambling
A2600	slot racers ~ maze	Action
A2600	smurf - rescue in gargamel's castle	Platform
A2600	smurfs save the day	Educational
A2600	snail against squirrel	Platform
A2600	snoopy and the red baron	Action
A2600	sneak 'n peek	Puzzle
A2600	snow white and the seven dwarfs	Adventure
A2600	solar fox	Action
A2600	solaris	Action
A2600	solar storm	Action
A2600	sorcerer	Action
A2600	sorcerer's apprentice	Action
A2600	space attack	Simulation
A2600	space cavern	Action
A2600	space shuttle - a journey into space	Simulation
A2600	space invaders	Shooter
A2600	space jockey	Action
A2600	space tunnel	Shoot'em Up
A2600	spacechase	Action
A2600	space war ~ space combat	Simulation
A2600	spacemaster x-7	Strategy
A2600	spider fighter	Action
A2600	spider maze	Platform
A2600	spider-man	Action
A2600	spinning fireball	Action
A2600	spike's peak	Action
A2600	spitfire attack	Action
A2600	springer	Platform
A2600	sprint master	Racing
A2600	squeeze box	Action
A2600	spy hunter	Racing
A2600	squirrel ~ o esquilo	Platform
A2600	sssnake	Action
A2600	star fox	Action
A2600	stampede	Action
A2600	star raiders	Strategy
A2600	star trek - strategic operations simulator	Action
A2600	star strike	Action
A2600	star voyager	Action
A2600	star ship ~ outer space	Action
A2600	star wars - jedi arena	Action
A2600	star wars - return of the jedi - death star battle	Action
A2600	star wars - return of the jedi - ewok adventure	Shoot'em Up
A2600	star wars - the empire strikes back	Action
A2600	star wars - the arcade game	Action
A2600	stargate	Shooter
A2600	stargunner	Shoot'em Up
A2600	starmaster	Action
A2600	steeplechase	Sports
A2600	stone age	Action
A2600	stellar track	Strategy
A2600	strawberry shortcake - musical match-ups	Strategy
A2600	stronghold	Shoot'em Up
A2600	strategy x	Action
A2600	stunt man	Platform
A2600	stunt cycle	Racing
A2600	street racer ~ speedway ii	Racing
A2600	submarine commander	Simulation
A2600	sub-scan	Shoot'em Up
A2600	subterranea	Action
A2600	suicide mission	Action
A2600	super baseball	Sports
A2600	summer games	Sports
A2600	super breakout	Action
A2600	super cobra	Shoot'em Up
A2600	super football	Sports
A2600	superman	Adventure
A2600	super challenge baseball	Sports
A2600	super challenge football	Sports
A2600	surfer's paradise - but danger below!	Sports
A2600	surf's up	Sports
A2600	surround ~ chase	Action
A2600	survival island	Adventure
A2600	survival run	Action
A2600	sweat! the decathlon game	Sports
A2600	swordfight	Action
A2600	sword of saros	Adventure
A2600	swordquest - earthworld	Adventure
A2600	swordquest - fireworld	Adventure
A2600	swordquest - waterworld	Adventure
A2600	tac-scan	Action
A2600	tanks but no tanks	Shoot'em Up
A2600	tapeworm	Action
A2600	tapper	Action
A2600	tax avoiders	Action
A2600	telepathy	Action
A2600	taz	Action
A2600	tempest	Shoot'em Up
A2600	texas chainsaw massacre, the	Action
A2600	threshold	Action
A2600	tennis	Sports
A2600	thunderground	Action
A2600	thwocker	Action
A2600	time pilot	Action
A2600	time warp	Shooter
A2600	title match pro wrestling	Sports
A2600	tomarc the barbarian	Action
A2600	tomcat - the f-14 fighter simulator	Simulation
A2600	tooth protectors	Action
A2600	towering inferno	Action
A2600	track and field	Sports
A2600	treasure below	Action
A2600	treasure island	Shoot'em Up
A2600	trick shot	Sports
A2600	tunnel de l'espace, le	Shoot'em Up
A2600	tron - deadly discs	Action
A2600	tunnel runner	Action
A2600	turmoil	Action
A2600	tutankham	Action
A2600	universal chaos	Action
A2600	up 'n down	Racing
A2600	vanguard	Action
A2600	venetian blinds demo	Demo
A2600	venture	Action
A2600	vault assault	Action
A2600	video checkers ~ checkers	Board
A2600	video chess	Board
A2600	video jogger	Action
A2600	video life	Simulation
A2600	video olympics ~ pong sports	Action
A2600	video pinball ~ arcade pinball	Pinball
A2600	video reflex	Action
A2600	vogel flieh	Action
A2600	wabbit	Action
A2600	wall ball	Action
A2600	wall break	Shoot'em Up
A2600	walker ~ schussel, der polizistenschreck	Platform
A2600	wall-defender	Action
A2600	warlords	Action
A2600	warplock	Action
A2600	wing war	Action
A2600	winter games	Sports
A2600	wizard	Action
A2600	wizard of wor	Action
A2600	word zapper	Action
A2600	words-attack	Shooter
A2600	world end	Shoot'em Up
A2600	x-man	Action
A2600	worm war i	Action
A2600	xevious	Shooter
A2600	xenophobe	Action
A2600	unreleased prototype but nearly 100% finished version	Shooter
A2600	yars' revenge	Shoot'em Up
A2600	zaxxon	Shoot'em Up
A2600	zoo fun	Platform
A2600	z-tack	Action
DS	advance wars - days of ruin	Strategy
DS	advance wars - dual strike	Strategy
DS	age of empires - the age of kings	Strategy
DS	animal crossing - wild world	Simulation
DS	asphalt - urban gt	Racing
DS	bomberman	Action
DS	bomberman land touch!	Puzzle
DS	castlevania - dawn of sorrow	Action
DS	castlevania - portrait of ruin	Platform
DS	chrono trigger	Role-playing (RPG)
DS	contra 4	Shooter
DS	dk - jungle climber	Platform
DS	dragon quest heroes - rocket slime	Action
DS	dragon quest ix - sentinels of the starry skies	Role-playing (RPG)
DS	elite beat agents	Music
DS	grand theft auto - chinatown wars	Action
DS	kirby - canvas curse	Platform
DS	legend of zelda, the - phantom hourglass	Action
DS	legend of zelda, the - spirit tracks	Action
DS	lunar knights	Role-playing (RPG)
DS	madagascar	Platform
DS	mario & luigi - partners in time	Role-playing (RPG)
DS	mario kart ds	Racing
DS	mario vs. donkey kong 2 - march of the minis	Puzzle
DS	meteos	Puzzle
DS	need for speed - underground 2	Racing
DS	new super mario bros.	Platform
DS	phoenix wright - ace attorney	Adventure
DS	planet puzzle league	Puzzle
DS	pokemon dash	Racing
DS	professor layton and the curious village	Puzzle
DS	professor layton and the unwound future	Puzzle
DS	sonic rush	Platform
DS	sonic rush adventure	Platform
DS	spider-man 2	Action
DS	spider-man 3	Action
DS	star wars - episode iii - revenge of the sith	Action
DS	super mario 64 ds	Platform
DS	tony hawk's american sk8land	Sports
DS	tony hawk's downhill jam	Sports
DS	warioware - touched!	Action
DS	worms - open warfare	Strategy
DS	worms - open warfare 2	Strategy
DS	yoshi touch & go	Platform
DS	yu-gi-oh! - nightmare troubadour	Card
FC	'89 dennou kyuusei uranai	Simulation
FC	10-yard fight	Sports
FC	100 man dollar kid - maboroshi no teiou hen	Gambling
FC	1942	Shoot'em Up
FC	1943	Shoot'em Up
FC	1943 - the battle of midway	Shoot'em Up
FC	1991 du ma racing	Sports with Animals
FC	1943 - the battle of valhalla	Shoot'em Up
FC	2 in 1 geminim-siamond	Puzzle
FC	1999 - hore, mitakotoka! seikimatsu	Board
FC	2010 street fighter	Platform
FC	2048	Puzzle
FC	3 in 1 supergun	Shooter
FC	3-d worldrunner	Shoot'em Up
FC	3d block	Puzzle
FC	4 nin uchi mahjong	Board
FC	720 degrees	Sports
FC	8 eyes	Adventure
FC	a ressha de ikou	Simulation
FC	aa yakyuu jinsei icchokusen	Board
FC	abadox	Shoot'em Up
FC	abadox - the deadly inner war	Shoot'em Up
FC	aces - iron eagle iii	Simulation
FC	abarenbou tengu	Shoot'em Up
FC	action 52	Compilation
FC	action 53 function 16 - volume one	Compilation
FC	action 53 vol. 3 - revenge of the twins	Compilation
FC	action 53 vol. 4 - actually 54	Compilation
FC	action in new york	Shoot'em Up
FC	addams family, the	Platform
FC	addams family, the - pugsley's scavenger hunt	Platform
FC	advanced dungeons & dragons - dragons of flame	Role-playing (RPG)
FC	addams family, the - uncle fester's quest	Shooter
FC	advanced dungeons & dragons - dragonstrike	Shooter
FC	advanced dungeons & dragons - heroes of the lance	Role-playing (RPG)
FC	advanced dungeons & dragons - hillsfar	Role-playing (RPG)
FC	advanced dungeons & dragons - pool of radiance	Role-playing (RPG)
FC	adventure	Platform
FC	adventure island	Platform
FC	adventure island classic	Platform
FC	adventure island 3	Platform
FC	adventure island ii	Platform
FC	adventure island iii	Platform
FC	adventure island part ii, the	Platform
FC	adventures in the magic kingdom	Platform
FC	adventures of bayou billy, the	Beat'em Up
FC	adventures of dino riki	Shoot'em Up
FC	adventures of gilligan's island, the	Adventure
FC	adventures of dr. franken, the	Platform
FC	adventures of lex and grim, the	Adventure
FC	adventures of lolo	Strategy
FC	adventures of lolo 2	Strategy
FC	adventures of lolo 3	Strategy
FC	adventures of lolo ii	Strategy
FC	adventures of panzer, the	Platform
FC	adventures of rad gravity, the	Platform
FC	adventures of rocky and bullwinkle and friends, the	Platform
FC	adventures of tom sawyer	Platform
FC	after burner	Shooter
FC	ai sensei no oshiete - watashi no hoshi	Simulation
FC	aigina no yogen - balubalouk no densetsu yori	Adventure
FC	air fortress	Shoot'em Up
FC	airball	Puzzle
FC	airwolf	Shooter
FC	akira	Adventure
FC	akagawa jirou no yuurei ressha	Adventure
FC	akuma no shoutaijou	Adventure
FC	akuma-kun - makai no wana	Role-playing (RPG)
FC	akumajou densetsu	Platform
FC	akumajou dracula	Action
FC	akumajou special - boku dracula-kun	Adventure
FC	al unser jr. turbo racing	Action
FC	aladdin	Platform
FC	alex demeo's race america	Racing
FC	alfombra magica, la	Shoot'em Up
FC	alfonzo's arctic adventure	Action
FC	alfred chicken	Platform
FC	alien 3	Platform
FC	alien syndrome	Shooter
FC	all-pro basketball	Sports
FC	alpha mission	Shoot'em Up
FC	alter ego	Puzzle
FC	amagon	Platform
FC	america daitouryou senkyo	Strategy
FC	america oudan ultra quiz - shijou saidai no tatakai	Simulation
FC	american dream	Adventure
FC	american football - touchdown fever	Sports
FC	american gladiators	Sports
FC	angry birds	Puzzle
FC	ankoku shinwa - yamato takeru densetsu	Adventure
FC	anticipation	Quiz
FC	ao	Strategy
FC	aoki ookami to shiroki mejika - genchou hishi	Strategy
FC	aoki ookami to shiroki mejika - genghis khan	Strategy
FC	arcadia vi	Sports
FC	arabian dream scheherazade	Role-playing (RPG)
FC	arch rivals - a basketbrawl!	Sports
FC	archon	Strategy
FC	arctic	Strategy
FC	arctic adventure - penguin & seal	Puzzle
FC	argos no senshi	Platform
FC	argos no senshi - hachamecha daishingeki	Platform
FC	argus	Shoot'em Up
FC	arkanoid	Action
FC	arkanoid ii	Action
FC	arkista's ring	Role-playing (RPG)
FC	armadillo	Adventure
FC	artelius	Role-playing (RPG)
FC	asmik-kun land	Action
FC	aso - armored scrum object	Shoot'em Up
FC	assimilate	Shooter
FC	asterix	Platform
FC	astro fang - super machine	Racing
FC	astro robo sasa	Action
FC	astyanax	Adventure
FC	athena	Platform
FC	athletic world	Sports
FC	atlantis no nazo	Adventure
FC	attack animal gakuen	Shooter
FC	attack of the killer tomatoes	Platform
FC	auto-upturn	Puzzle
FC	aussie rules footy	Sports
FC	av hanafuda club	Adult
FC	av kyuukyoku mahjong 2	Gambling
FC	av mahjong club	Board
FC	av mei shao nv zhan shi	Fighting
FC	av pachi-slot	Gambling
FC	av poker	Gambling
FC	av super real pachinko	Gambling
FC	av soccer	Sports
FC	b-wings	Shoot'em Up
FC	babel no tou	Platform
FC	baby boomer	Lightgun Shooter
FC	back to the future	Adventure
FC	back to the future part ii & iii	Adventure
FC	bad dudes	Beat'em Up
FC	bad dudes vs. dragon ninja	Beat'em Up
FC	bad street brawler	Beat'em Up
FC	bad news baseball	Sports
FC	baken hisshou gaku - gate in	Sports with Animals
FC	bakushou! star monomane shitennou	Strategy
FC	bakushou!! ai no gekijou	Board
FC	bakushou!! jinsei gekijou	Simulation
FC	bakushou!! jinsei gekijou 2	Board
FC	bakushou!! jinsei gekijou 3	Board
FC	ball'n'flag	Puzzle
FC	ballblazer	Sports
FC	balloon fight	Platform
FC	baltron	Shoot'em Up
FC	banana	Strategy
FC	bananan ouji no daibouken	Adventure
FC	banana prince	Adventure
FC	bandai golf - challenge pebble beach	Sports
FC	bandit kings of ancient china	Strategy
FC	bao xiao san guo	Strategy
FC	barbie	Platform
FC	barcode world	Strategy
FC	bard's tale ii, the - the destiny knight	Role-playing (RPG)
FC	bard's tale, the	Role-playing (RPG)
FC	bard's tale, the - tales of the unknown	Role-playing (RPG)
FC	barker bill's trick shooting	Shooter
FC	baseball	Sports
FC	baseball fighter	Sports
FC	baseball simulator 1.000	Sports
FC	baseball star - mezase sankanou!!	Sports
FC	baseball stars	Sports
FC	bases loaded	Sports
FC	baseball stars ii	Sports
FC	bases loaded 3	Sports
FC	bases loaded ii - second season	Sports
FC	bases loaded 4	Sports
FC	bashi bazook - morphoid masher	Adventure
FC	batman - return of the joker	Platform
FC	batman	Platform
FC	batman - the video game	Platform
FC	basse def adventures	Platform
FC	batman iii	Beat'em Up
FC	batman returns	Beat'em Up
FC	batsu & terry - makyou no tetsujin race	Platform
FC	battle baseball	Sports
FC	battle chess	Board
FC	battle fleet	Strategy
FC	battle kid - fortress of peril	Platform
FC	battle formula	Racing
FC	battle kid 2 - mountain of torment	Platform
FC	battle of olympus, the	Adventure
FC	battle stadium - senbatsu pro yakyuu	Sports
FC	battle storm	Strategy
FC	battlecity	Shooter
FC	battleship	Strategy
FC	battletoads	Beat'em Up
FC	battletoads-double dragon	Beat'em Up
FC	bb car	Racing
FC	be-bop-highschool - koukousei gokuraku densetsu	Adventure
FC	beauty and the beast	Platform
FC	bee 52	Shooter
FC	beer slinger	Action
FC	beetlejuice	Platform
FC	best keiba - derby stallion	Sports with Animals
FC	best of the best - championship karate	Sports
FC	best play pro yakyuu	Sports
FC	best play pro yakyuu '90	Sports
FC	best play pro yakyuu ii	Sports
FC	best play pro yakyuu special	Sports
FC	bible adventures	Platform
FC	bible buffet	Casual Game
FC	big city sliding blaster	Puzzle
FC	big nose and the witchdoctor	Adventure
FC	big nose freaks out	Platform
FC	big nose the caveman	Adventure
FC	bigfoot	Racing
FC	bikkuriman world - gekitou sei senshi	Role-playing (RPG)
FC	bikkuri nekketsu shin kiroku! - harukanaru kin medal	Sports
FC	bill & ted's excellent video game adventure	Adventure
FC	bill elliott's nascar challenge	Racing
FC	binary land	Strategy
FC	bingo	Gambling
FC	bingo 75	Gambling
FC	binguo 75	Gambling
FC	bio force ape	Platform
FC	bio miracle bokutte upa	Platform
FC	bio senshi dan - increaser tono tatakai	Adventure
FC	bionic commando	Platform
FC	bird week	Adventure
FC	black bass ii, the	Hunting and Fishing
FC	black bass, the	Hunting and Fishing
FC	blackjack	Gambling
FC	blade buster	Shoot'em Up
FC	blades of steel	Sports
FC	blaster master	Platform
FC	block out	Puzzle
FC	blodia land - puzzle quest	Puzzle
FC	bloody warriors - shan-go no gyakushuu	Role-playing (RPG)
FC	bloque magico, el	Puzzle
FC	blow'em out	Action
FC	blow'em out!	Action
FC	blue marlin, the	Hunting and Fishing
FC	blue shadow	Platform
FC	blues brothers, the	Platform
FC	bmx simulator	Sports
FC	bo jackson baseball	Sports
FC	bobl	Platform
FC	bokosuka wars	Strategy
FC	bomb sweeper	Puzzle
FC	bomber king	Shooter
FC	bomberman	Puzzle
FC	bomberman ii	Action
FC	bonk's adventure	Platform
FC	boogerman	Platform
FC	booby kids	Adventure
FC	booky man	Action
FC	boulder dash	Puzzle
FC	bootee	Platform
FC	bowling	Sports
FC	bram stoker's dracula	Platform
FC	break time - the national pool tour	Sports
FC	box boy	Platform
FC	breakthru	Shoot'em Up
FC	brilliant com cocoma pack 1	Educational
FC	brilliant com cocoma pack 2	Educational
FC	brush roller	Puzzle
FC	bubble bath babes	Puzzle
FC	bubble bobble	Platform
FC	bubble bobble 2	Platform
FC	bubble bobble part 2	Platform
FC	bucky o'hare	Platform
FC	buggy popper	Racing
FC	bugs bunny birthday bash	Adventure
FC	bugs bunny blowout, the	Adventure
FC	bugs bunny birthday blowout, the	Adventure
FC	bugs bunny crazy castle, the	Platform
FC	bugs bunny fun house	Platform
FC	bugtris	Puzzle
FC	bump 'n' jump	Racing
FC	burai fighter	Shoot'em Up
FC	burgertime	Platform
FC	business wars	Adventure
FC	buzz & waldog	Platform
FC	cabal	Shooter
FC	cadillac	Puzzle
FC	caesars palace	Gambling
FC	california games	Sports
FC	california raisins - the grape escape	Platform
FC	caltron - 6 in 1	Various
FC	caltron - 9 in 1	Compilation
FC	capcom barcelona '92	Sports
FC	capcom's gold medal challenge '92	Sports
FC	captain america and the avengers	Platform
FC	captain comic - the adventure	Platform
FC	captain ed	Shoot'em Up
FC	captain planet and the planeteers	Platform
FC	captain saver	Platform
FC	captain silver	Platform
FC	captain skyhawk	Shoot'em Up
FC	captain tsubasa	Sports
FC	captain tsubasa ii - super striker	Sports
FC	casino derby	Sports with Animals
FC	casino kid	Gambling
FC	casino kid ii	Gambling
FC	castelian	Platform
FC	castle of deceit	Adventure
FC	castle excellent	Role-playing (RPG)
FC	castle of dragon	Beat'em Up
FC	castle quest	Strategy
FC	castlequest	Role-playing (RPG)
FC	castlevania	Action
FC	castlevania ii - simon's quest	Adventure
FC	castlevania iii - dracula's curse	Platform
FC	cat ninden teyandee	Platform
FC	caveman games	Sports
FC	chack'n pop	Action
FC	challenge of the dragon	Beat'em Up
FC	challenger	Adventure
FC	championship bowling	Sports
FC	championship lode runner	Platform
FC	championship pool	Sports
FC	championship rally	Racing
FC	chaos world	Role-playing (RPG)
FC	chase	Action
FC	cheetahmen ii	Platform
FC	cheril perils classic	Platform
FC	chess academy	Board
FC	chessmaster, the	Board
FC	chester field - ankoku shin e no chousen	Role-playing (RPG)
FC	chevaliers du zodiaque, les - la legende d'or	Role-playing (RPG)
FC	chibi maruko-chan - uki uki shopping	Board
FC	chiisana obake - acchi socchi kocchi	Puzzle
FC	chiller	Lightgun Shooter
FC	chiki chiki machine mou race	Platform
FC	chinese checkers	Board
FC	chinese kungfu	Beat'em Up
FC	chip 'n dale - rescue rangers	Platform
FC	chip 'n dale - rescue rangers 2	Platform
FC	chip to dale no daisakusen	Platform
FC	chip to dale no daisakusen 2	Platform
FC	chitei senkuu vazolder	Shooter
FC	chiyonofuji no ooichou	Sports
FC	choplifter	Shoot'em Up
FC	chou fuyuu yousai exed exes	Shoot'em Up
FC	chou-wakusei senki - metafight	Platform
FC	choujikuu yousai - macross	Shoot'em Up
FC	choujin - ultra baseball	Sports
FC	choujin sentai jetman	Platform
FC	choujinrou senki - warwolf	Platform
FC	chris evert & ivan lendl in top players' tennis	Sports
FC	chubby cherub	Platform
FC	chuugoku senseijutsu	Simulation
FC	chuugoku janshi story - tonfuu	Board
FC	chuck yeager's fighter combat	Racing
FC	chuuka taisen	Shoot'em Up
FC	circus caper	Platform
FC	circus charlie	Action
FC	city adventure touch - mystery of triangle	Beat'em Up
FC	city connection	Racing
FC	clash at demonhead	Platform
FC	classic concentration	Strategy
FC	cliffhanger	Platform
FC	clu clu land	Strategy
FC	cobra command	Shoot'em Up
FC	cobra mission	Platform
FC	cobra triangle	Racing
FC	cocoron	Platform
FC	code name - viper	Platform
FC	color a dinosaur	Educational
FC	colorful dragon	Strategy
FC	columbus - ougon no yoake	Role-playing (RPG)
FC	commando	Shooter
FC	conflict	Strategy
FC	conan	Platform
FC	conquest of the crystal palace	Platform
FC	contra	Shooter
FC	contra force	Shooter
FC	cool world	Platform
FC	corre benny	Shoot'em Up
FC	corvette zr-1 challenge	Racing
FC	cosmic epsilon	Shoot'em Up
FC	cosmic wars	Strategy
FC	cosmo genesis	Shooter
FC	cosmos cop	Shooter
FC	cosmo police galivan	Platform
FC	cowboy kid	Role-playing (RPG)
FC	crackout	Puzzle
FC	crayon shin-chan - ora to poi poi	Puzzle
FC	crash 'n' the boys - street challenge	Sports
FC	crazy climber	Platform
FC	creepy brawlers	Action
FC	creatom	Puzzle
FC	crime busters	Lightgun Shooter
FC	crisis force	Shoot'em Up
FC	crossfire	Platform
FC	crystal mines	Action
FC	crystalis	Role-playing (RPG)
FC	cyber stadium series - base wars	Sports
FC	cyberball	Sports
FC	cybernoid - the fighting machine	Shoot'em Up
FC	cycle race - road man	Sports
FC	d+pad hero	Music / Dancing
FC	d+pad hero ii	Music / Dancing
FC	dai-2-ji super robot taisen	Role-playing (RPG)
FC	daikaijuu deburas	Strategy
FC	daikoukai jidai	Adventure
FC	daiku no gen-san 2 - akage no dan no gyakushuu	Action
FC	daiku no gen-san	Platform
FC	daisenryaku	Strategy
FC	daiva - imperial of nirsartia	Action
FC	dance aerobics	Sports
FC	dancing blocks	Shooter
FC	danny sullivan's indy heat	Racing
FC	dao shuai	Platform
FC	dark	Platform
FC	darkman	Platform
FC	dark lord	Role-playing (RPG)
FC	darkwing duck	Platform
FC	dash galaxy in the alien asylum	Platform
FC	dash yarou	Racing
FC	datach - battle rush - build up robot tournament	Fighting
FC	datach - crayon shin-chan - ora to poi poi	Puzzle
FC	datach - dragon ball z - gekitou tenkaichi budoukai	Card
FC	datach - j.league super top players	Sports
FC	datach - sd gundam - gundam wars	Strategy
FC	datach - yu yu hakusho - bakutou ankoku bujutsukai	Fighting
FC	datach - ultraman club - supokon fight!	Sports
FC	datsugoku	Beat'em Up
FC	david crane's a boy and his blob - trouble on blobolonia	Platform
FC	day dreamin' davey	Adventure
FC	days of thunder	Racing
FC	de-block	Strategy
FC	dead fox	Platform
FC	deadly towers	Role-playing (RPG)
FC	deathbots	Shooter
FC	death race	Action
FC	decathlon	Sports
FC	deep dungeon iv - kuro no youjutsushi	Role-playing (RPG)
FC	deep dungeon iii - yuushi e no tabi	Role-playing (RPG)
FC	defender ii	Shoot'em Up
FC	defender of the crown	Strategy
FC	defenders of dynatron city	Shooter
FC	deja vu	Adventure
FC	deja vu - a nightmare comes true!!	Adventure
FC	demon sword	Platform
FC	dengeki - big bang!	Platform
FC	densetsu no kishi - elrond	Platform
FC	derby stallion - zenkoku ban	Sports with Animals
FC	desert commander	Strategy
FC	destination earthstar	Simulation
FC	destiny of an emperor	Role-playing (RPG)
FC	destroyer	Action
FC	destructor, el	Action
FC	devil man	Action
FC	devil world	Puzzle
FC	dick tracy	Platform
FC	die hard	Shooter
FC	dig dug	Puzzle
FC	dig dug ii	Puzzle
FC	dig dug ii - trouble in paradise	Puzzle
FC	digger t. rock - the legend of the lost city	Puzzle
FC	digital devil story - megami tensei	Role-playing (RPG)
FC	digital devil story - megami tensei ii	Role-playing (RPG)
FC	dino hockey	Sports
FC	dirty harry	Adventure
FC	dizzy the adventurer	Action
FC	doki! doki! yuuenchi - crazy land daisakusen	Platform
FC	dokuganryuu masamune	Strategy
FC	don doko don	Platform
FC	don doko don 2	Platform
FC	donald duck	Sports
FC	donald land	Action
FC	dong dong nao ii - guo zhong ying wen	Educational
FC	donkey kong	Platform
FC	donkey kong - original edition	Compilation
FC	donkey kong 3	Platform
FC	donkey kong classics	Compilation
FC	donkey kong country 4	Platform
FC	donkey kong jr.	Platform
FC	donkey kong jr. math	Educational
FC	donkey kong jr. + jr. lesson	Educational
FC	donkey kong jr. no sansuu asobi	Educational
FC	dooly bravo land	Platform
FC	door door	Platform
FC	doraemon	Platform
FC	doraemon - giga zombie no gyakushuu	Role-playing (RPG)
FC	dou zhi pin pan - wisdom boy	Puzzle
FC	double action 53 - volume 2	Compilation
FC	double dare	Quiz
FC	double dragon	Beat'em Up
FC	double dragon - sou setsu ryuu	Beat'em Up
FC	double dragon ii - the revenge	Beat'em Up
FC	double dragon iii - the sacred stones	Beat'em Up
FC	double dribble	Sports
FC	double moon densetsu	Role-playing (RPG)
FC	double strike - aerial attack force	Shoot'em Up
FC	dough boy	Action
FC	downtown - nekketsu koushinkyoku - soreyuke daiundoukai	Beat'em Up
FC	downtown - nekketsu monogatari	Beat'em Up
FC	downtown special - kunio-kun no jidaigeki da yo zenin shuugou!	Beat'em Up
FC	dr. chaos	Platform
FC	dr. jekyll and mr. hyde	Platform
FC	dr. mario	Puzzle
FC	drac's night out	Action
FC	dragon ball - daimaou fukkatsu	Role-playing (RPG)
FC	dragon ball - le secret du dragon	Adventure
FC	dragon ball 3 - gokuu den	Role-playing (RPG)
FC	dragon ball - shen long no nazo	Adventure
FC	dragon ball z - kyoushuu! saiya jin	Strategy
FC	dragon ball z gaiden - saiya jin zetsumetsu keikaku	Role-playing (RPG)
FC	dragon ball z ii - gekishin freeza!!	Role-playing (RPG)
FC	dragon ball z iii - ressen jinzou ningen	Role-playing (RPG)
FC	dragon buster	Role-playing (RPG)
FC	dragon buster ii - yami no fuuin	Adventure
FC	dragon fighter	Platform
FC	dragon ninja	Beat'em Up
FC	dragon power	Adventure
FC	dragon quest	Role-playing (RPG)
FC	dragon quest iii - soshite densetsu e...	Role-playing (RPG)
FC	dragon quest ii - akuryou no kamigami	Role-playing (RPG)
FC	dragon quest iv - michibikareshi monotachi	Role-playing (RPG)
FC	dragon scroll - yomigaerishi maryuu	Action
FC	dragon slayer iv - drasle family	Role-playing (RPG)
FC	dragon spirit - aratanaru densetsu	Shoot'em Up
FC	dragon spirit - the new legend	Shoot'em Up
FC	dragon unit	Beat'em Up
FC	dragon warrior	Role-playing (RPG)
FC	dragon warrior ii	Role-playing (RPG)
FC	dragon warrior iii	Role-playing (RPG)
FC	dragon warrior iv	Role-playing (RPG)
FC	dragon wars	Role-playing (RPG)
FC	dragon's lair	Adventure
FC	dreamworld pogie	Platform
FC	driar	Platform
FC	dropzone	Shoot'em Up
FC	druaga no tou	Role-playing (RPG)
FC	duck	Platform
FC	duck hunt	Lightgun Shooter
FC	duck maze	Platform
FC	ducktales	Platform
FC	ducktales 2	Platform
FC	dudes with attitude	Strategy
FC	dungeon & magic - swords of element	Role-playing (RPG)
FC	dungeon kid	Role-playing (RPG)
FC	dungeon magic - sword of the elements	Role-playing (RPG)
FC	dusty diamond's all-star softball	Sports
FC	dynablaster	Action
FC	dynamite bowl	Sports
FC	dynamite batman	Platform
FC	dynowarz - the destruction of spondylus	Platform
FC	earthworm jim 2	Platform
FC	earthbound beginnings	Role-playing (RPG)
FC	earthworm jim 3	Platform
FC	eggerland - meikyuu no fukkatsu	Puzzle
FC	egypt	Strategy
FC	elevator action	Platform
FC	eliminator boat duel	Racing
FC	elite	Simulation
FC	elnark no zaihou	Shooter
FC	elysion	Role-playing (RPG)
FC	emoyan no 10 bai pro yakyuu	Sports
FC	empereur, l'	Strategy
FC	erika to satoru no yume bouken	Adventure
FC	eric cantona football challenge - goal! 2	Sports
FC	escape from atlantis	Action
FC	escape from atlantis, the	Action
FC	eskimo bob starring alfonzo	Action
FC	eskimo bob starring alfonzo - deluxe edition	Action
FC	esper bouken tai	Role-playing (RPG)
FC	esper dream 2 - aratanaru tatakai	Role-playing (RPG)
FC	excitebike	Racing
FC	exciting boxing	Sports
FC	exciting rally - world rally championship	Racing
FC	exerion	Shoot'em Up
FC	exodus - journey to the promised land	Puzzle
FC	exploding fist	Sports
FC	f-1 race	Racing
FC	f-1 sensation	Racing
FC	f-117a stealth fighter	Action
FC	f-15 city war	Shooter
FC	f-15 strike eagle	Simulation
FC	f1 circus	Racing
FC	f1 race	Racing
FC	famicom doubutsu seitai zukan! - katte ni shirokuma - mori o sukue no maki!	Adventure
FC	famicom igo nyuumon	Board
FC	famicom jump - eiyuu retsuden	Role-playing (RPG)
FC	famicom meijin sen	Board
FC	famicom jump ii - saikyou no 7 nin	Role-playing (RPG)
FC	famicom shougi - ryuuousen	Board
FC	famicom wars	Strategy
FC	famicom yakyuu ban	Sports
FC	family basic	Action
FC	family block	Action
FC	family boxing	Sports
FC	family circuit	Racing
FC	family circuit '91	Racing
FC	family feud	Quiz
FC	family jockey	Sports
FC	family mahjong	Board
FC	family mahjong ii - shanghai e no michi	Board
FC	family picross	Puzzle
FC	family pinball	Pinball
FC	family quiz - 4-nin wa rival	Quiz
FC	family tennis	Sports
FC	family school	Puzzle
FC	family trainer 1 - athletic world	Sports
FC	family trainer 3 - aerobics studio	Sports
FC	family trainer 2 - running stadium	Sports
FC	family trainer 5 - meiro daisakusen	Action
FC	family trainer 4 - jogging race	Sports
FC	family trainer 6 - manhattan police	Action
FC	family trainer 7 - daiundoukai	Sports
FC	family trainer 8 - totsugeki! fuuun takeshi-jou	Sports
FC	famista '89 - kaimaku ban!!	Sports
FC	famista '90	Sports
FC	famista '91	Sports
FC	famista '92	Sports
FC	famista '93	Sports
FC	famista '94	Sports
FC	fantastic adventures of dizzy, the	Adventure
FC	fantasy zone	Shoot'em Up
FC	fantasy zone ii - opa-opa no namida	Shoot'em Up
FC	faria - a world of mystery & danger!	Role-playing (RPG)
FC	faria - fuuin no tsurugi	Role-playing (RPG)
FC	faxanadu	Role-playing (RPG)
FC	fc genjin - freakthoropus computerus	Platform
FC	felix the cat	Platform
FC	feng shen bang	Role-playing (RPG)
FC	ferrari	Racing
FC	ferrari grand prix challenge	Racing
FC	fester's quest	Shooter
FC	field combat	Shooter
FC	fighting golf	Sports
FC	fighting hero	Fighting
FC	fighting road	Fighting
FC	final combat	Shooter
FC	final fantasy	Role-playing (RPG)
FC	final fantasy i, ii	Role-playing (RPG)
FC	final fantasy ii	Role-playing (RPG)
FC	final fantasy iii	Role-playing (RPG)
FC	final fight 3	Beat'em Up
FC	final fantasy vii	Role-playing (RPG)
FC	final lap	Racing
FC	final mission	Shoot'em Up
FC	fire 'n ice	Puzzle
FC	fire emblem - ankoku ryuu to hikari no tsurugi	Role-playing (RPG)
FC	fire emblem gaiden	Role-playing (RPG)
FC	firehawk	Shooter
FC	fisher-price - firehouse rescue	Racing
FC	fisher-price - i can remember	Various
FC	fisher-price - perfect fit	Various
FC	fist of the north star	Platform
FC	flappy bird	Puzzle
FC	flappy	Puzzle
FC	flight of the intruder	Shooter
FC	fleet commander	Strategy
FC	flintstones, the - the rescue of dino & hoppy	Platform
FC	flintstones, the - the surprise at dinosaur peak!	Platform
FC	flintstones, the - the surprise at dinosaur peak	Platform
FC	flipull - an exciting cube game	Puzzle
FC	flying dragon - the secret scroll	Platform
FC	flying hero	Shoot'em Up
FC	flying warriors	Platform
FC	formation z	Shoot'em Up
FC	formula 1 sensation	Racing
FC	fox's peter pan & the pirates - the revenge of captain hook	Platform
FC	formula one - built to win	Racing
FC	four players' tennis	Sports
FC	frankenstein - the monster returns	Adventure
FC	free fall	Puzzle
FC	freedom force	Lightgun Shooter
FC	friday the 13th	Action
FC	front line	Shooter
FC	fudou myouou den	Platform
FC	funblaster pak	Compilation
FC	fun house	Puzzle
FC	from below	Puzzle
FC	fushigi no umi no nadia	Role-playing (RPG)
FC	fushigi na blobby - blobania no kiki	Platform
FC	fuzzical fighter	Adventure
FC	future wars - mirai senshi lios	Strategy
FC	g.i. joe - a real american hero	Platform
FC	g.i. joe - a real american hero - the atlantis factor	Platform
FC	gaiapolis	Adventure
FC	g.i. joe - the atlantis factor	Platform
FC	futebol	Sports
FC	galactic crusader	Shoot'em Up
FC	galaga	Shoot'em Up
FC	galaga - demons of death	Shoot'em Up
FC	galaxian	Shoot'em Up
FC	galaxxon - the third war	Shooter
FC	galaxy 5000 - racing in the 51st century	Racing
FC	galaxy 5000	Racing
FC	gambler jiko chuushinha 2	Board
FC	gambler jiko chuushinha	Board
FC	game designer yousei soft - dezaemon	Shoot'em Up
FC	game party	Sports
FC	ganbare goemon 2	Platform
FC	ganbare goemon gaiden - kieta ougon kiseru	Role-playing (RPG)
FC	ganbare goemon gaiden 2 - tenka no zaihou	Role-playing (RPG)
FC	ganbare goemon! - karakuri douchuu	Adventure
FC	ganbare pennant race!	Sports
FC	ganso saiyuuki - super monkey daibouken	Action
FC	garfield no isshukan	Platform
FC	gargoyle's quest ii	Adventure
FC	garry kitchen's battletank	Shooter
FC	gauntlet	Action
FC	gauntlet ii	Action
FC	gegege no kitarou - youkai daimakyou	Platform
FC	gegege no kitarou 2 - youkai gundan no chousen	Role-playing (RPG)
FC	geimos	Shoot'em Up
FC	gekikame ninja den	Platform
FC	gekitotsu yonku battle	Racing
FC	gekitou pro wrestling!! - toukon densetsu	Sports
FC	gekitou stadium!!	Sports
FC	gemfire	Strategy
FC	geminim	Puzzle
FC	genghis khan	Strategy
FC	genpei touma den - computer boardgame	Board
FC	george foreman's ko boxing	Sports
FC	get'em gary	Action
FC	getsu fuuma den	Action
FC	ghost lion	Role-playing (RPG)
FC	ghost'n goblins	Platform
FC	ghostbusters	Adventure
FC	ghostbusters ii	Platform
FC	ghosts'n goblins	Platform
FC	ghoul school	Platform
FC	gimmi a break - shijou saikyou no quiz ou ketteisen	Quiz
FC	gimmi a break - shijou saikyou no quiz ou ketteisen 2	Quiz
FC	gimmick!	Platform
FC	ginga eiyuu densetsu	Strategy
FC	ginga no sannin	Role-playing (RPG)
FC	go! benny!	Shoot'em Up
FC	gluk the thunder warrior	Platform
FC	goal!	Sports
FC	goal! two	Sports
FC	goal!!	Sports
FC	god slayer - haruka tenkuu no sonata	Role-playing (RPG)
FC	godzilla - king of the monsters	Strategy
FC	godzilla 2 - war of the monsters	Strategy
FC	golf	Sports
FC	golf club - birdy rush	Sports
FC	golf '92, the	Sports
FC	golf grand slam	Sports
FC	golfkko open	Sports
FC	golgo 13 - daiisshou - kamigami no tasogare	Shooter
FC	golgo 13 - dainishou - icarus no nazo	Adventure
FC	golgo 13 - top secret episode	Shooter
FC	gomoku narabe	Board
FC	goonies	Platform
FC	goonies 2 - fratelli saigo no chousen	Platform
FC	goonies ii, the	Platform
FC	gorby no pipeline daisakusen	Puzzle
FC	goonies ii, the - fratelli saigo no chousen	Platform
FC	gorilla man, the	Board
FC	gozonji - yaji kita chin douchuu	Adventure
FC	gotcha! - the sport!	Lightgun Shooter
FC	gradius	Shoot'em Up
FC	gradius ii	Shoot'em Up
FC	gran aventura submarina, la	Shoot'em Up
FC	grand master	Action
FC	great battle cyber	Fighting
FC	great boxing - rush up	Sports
FC	great deal	Puzzle
FC	great tank	Shooter
FC	great waldo search, the	Strategy
FC	great wall, the	Puzzle
FC	greg norman's golf power	Sports
FC	gremlin 2 - shinshu tanjou	Shooter
FC	gremlins 2 - the new batch	Shooter
FC	guardian legend, the	Shoot'em Up
FC	guardic gaiden	Shoot'em Up
FC	guerrilla war	Shooter
FC	guevara	Shooter
FC	gumshoe	Lightgun Shooter
FC	gun nac	Shoot'em Up
FC	gun sight	Shooter
FC	gun-dec	Racing
FC	gun.smoke	Shoot'em Up
FC	gunhed - aratanaru tatakai	Strategy
FC	gyrodine	Shoot'em Up
FC	gyromite	Platform
FC	gyruss	Shoot'em Up
FC	haja no fuuin	Role-playing (RPG)
FC	hammerin' harry	Platform
FC	hana no star kaidou	Platform
FC	hanafuda yuukyou den - nagarebana oryuu	Board
FC	hanjuku hero	Role-playing (RPG)
FC	happy birthday bugs	Adventure
FC	harlem globetrotters	Sports
FC	hatris	Strategy
FC	haunted - halloween '85	Action
FC	haunted - halloween '86	Action
FC	harry's legend	Platform
FC	hayauchi super igo	Board
FC	heavy barrel	Shooter
FC	heavy shreddin'	Sports
FC	hebereke	Adventure
FC	hector '87	Shoot'em Up
FC	heisei tensai bakabon	Platform
FC	hell fighter	Platform
FC	hello kitty world	Action
FC	hello kitty no ohanabatake	Action
FC	heracles no eikou - toujin makyou den	Role-playing (RPG)
FC	heracles no eikou ii - titan no metsubou	Role-playing (RPG)
FC	heroquest	Role-playing (RPG)
FC	higemaru - makai-jima - nanatsu no shima daibouken	Adventure
FC	high speed	Pinball
FC	highway star	Racing
FC	hikari no senshi foton - the ultimate game on planet earth	Adventure
FC	hino tori - houou hen - gaou no bouken	Platform
FC	hirake! ponkikki	Educational
FC	hiryuu no ken ii - dragon no tsubasa	Action
FC	hiryuu no ken - ougi no sho	Platform
FC	hiryuu no ken iii - 5 nin no dragon	Action
FC	hiryuu no ken special - fighting wars	Fighting
FC	hissatsu doujou yaburi	Role-playing (RPG)
FC	hissatsu shigoto nin	Role-playing (RPG)
FC	hit marmot	Lightgun Shooter
FC	hit the ice	Sports
FC	hitler no fukkatsu - top secret	Platform
FC	hogan's alley	Lightgun Shooter
FC	hokkaidou rensa satsujin - okhotsk ni kiyu	Adventure
FC	hokuto no ken	Beat'em Up
FC	hokuto no ken 3 - shin seiki souzou seiken retsuden	Role-playing (RPG)
FC	hokuto no ken 2	Platform
FC	hokuto no ken 4 - shichisei haken den - hokuto shinken no kanata e	Role-playing (RPG)
FC	hollywood squares	Strategy
FC	holy diver	Platform
FC	home alone	Adventure
FC	home alone 2 - lost in new york	Adventure
FC	honey peach	Adult
FC	honoo no toukyuuji - dodge danpei	Sports
FC	honoo no toukyuuji - dodge danpei 2	Sports
FC	honshougi - naitou 9 dan shougi hiden	Strategy
FC	hook	Platform
FC	hoops	Sports
FC	hoppin' mad	Platform
FC	hoshi no kirby - yume no izumi no monogatari	Platform
FC	hoshi o miru hito	Role-playing (RPG)
FC	hostages - the embassy mission	Simulation
FC	hototogisu	Strategy
FC	hot slots	Gambling
FC	hottarman no chitei tanken	Action
FC	huang di	Platform
FC	hudson hawk	Platform
FC	huge insect	Shooter
FC	hunt for red october, the	Shooter
FC	hyaku no sekai no monogatari - the tales on a watery wilderness	Board
FC	hyakkiyagyou	Role-playing (RPG)
FC	hydlide	Role-playing (RPG)
FC	hydlide 3 - yami kara no houmonsha	Role-playing (RPG)
FC	hydlide special	Role-playing (RPG)
FC	hyper sports	Sports
FC	hyper olympic	Sports
FC	i love softball	Sports
FC	hyperbeatz	Music / Dancing
FC	ice climber	Platform
FC	ice hockey	Sports
FC	ide yousuke meijin no jissen mahjong	Board
FC	ide yousuke meijin no jissen mahjong ii	Board
FC	idol hakkenden	Adventure
FC	idol shisen mahjong	Board
FC	igo - kyuu roban taikyoku	Board
FC	igo meikan	Board
FC	igo shinan	Board
FC	igo shinan '91	Board
FC	igo shinan '92	Board
FC	igo shinan '93	Board
FC	igo shinan '94	Board
FC	ikari	Shoot'em Up
FC	ikari ii - dogosoken	Shooter
FC	ikari iii	Beat'em Up
FC	ikari iii - the rescue	Beat'em Up
FC	ikari warriors	Shoot'em Up
FC	ikari warriors ii - victory road	Shooter
FC	ike ike! nekketsu hockey-bu - subette koronde dairantou	Sports
FC	ikinari musician	Educational
FC	ikki	Shooter
FC	image fight	Shoot'em Up
FC	immortal, the	Adventure
FC	impossible mission ii	Platform
FC	incantation	Shoot'em Up
FC	incredible crash dummies, the	Platform
FC	indiana jones and the last crusade	Platform
FC	indiana jones and the temple of doom	Platform
FC	indora no hikari	Role-playing (RPG)
FC	infiltrator	Adventure
FC	insector x	Shoot'em Up
FC	international cricket	Sports
FC	iron tank - the invasion of normandy	Shooter
FC	ironsword - wizards & warriors ii	Platform
FC	isaki shuugorou no keiba hisshou gaku	Sports with Animals
FC	ishin no arashi	Strategy
FC	isolated warrior	Shoot'em Up
FC	itadaki street - watashi no omise ni yottette	Strategy
FC	ivan 'ironman' stewart's super off road	Racing
FC	j.league fighting soccer - the king of ace strikers	Sports
FC	j.league winning goal	Sports
FC	jack nicklaus' greatest 18 holes of major championship golf	Sports
FC	jackal	Racing
FC	jackie chan	Platform
FC	jackie chan's action kung fu	Platform
FC	jackpot	Gambling
FC	jajamaru gekimaden - maboroshi no kinmajou	Role-playing (RPG)
FC	jajamaru ninpou chou	Role-playing (RPG)
FC	james bond jr	Adventure
FC	jajamaru no daibouken	Platform
FC	janggun-ui adeul	Fighting
FC	jarinko chie - bakudan musume no shiawase sagashi	Adventure
FC	jangou	Board
FC	jaws	Adventure
FC	jay and silent bob - mall brawl	Action
FC	jeopardy!	Educational
FC	jekyll hakase no houma ga toki	Platform
FC	jeopardy! 25th anniversary edition	Educational
FC	jeopardy! junior edition	Strategy
FC	jesus - kyoufu no bio monster	Adventure
FC	jetsons, the - cogswell's caper	Platform
FC	jigoku gokuraku maru	Platform
FC	jikuu yuuden - debias	Role-playing (RPG)
FC	jim power - the lost dimension	Shooter
FC	jimmy	Sports
FC	jimmy connors tennis	Sports
FC	jj	Shoot'em Up
FC	joe & mac	Platform
FC	joe & mac - caveman ninja	Platform
FC	john elway's quarterback	Sports
FC	john smith - special agent	Adventure
FC	jongbou	Board
FC	jordan vs bird - one on one	Sports
FC	joshua & the battle of jericho	Puzzle
FC	journey to silius	Platform
FC	journey	Platform
FC	journey to the west	Platform
FC	joust	Platform
FC	jovial race	Racing
FC	joy mech fight	Fighting
FC	juju densetsu	Platform
FC	jumbo ozaki no hole in one professional	Sports
FC	jumpin' kid - jack to mame no ki monogatari	Platform
FC	jungle book, the	Platform
FC	jurassic boy	Platform
FC	jurassic park	Adventure
FC	just breed	Role-playing (RPG)
FC	juuouki	Beat'em Up
FC	juuryoku soukou metal storm	Platform
FC	juvei quest	Role-playing (RPG)
FC	kabuki - quantum fighter	Platform
FC	kabushiki doujou	Strategy
FC	kaettekita! gunjin shougi - nanya sore!	Board
FC	kage no densetsu	Platform
FC	kagerou densetsu	Role-playing (RPG)
FC	kaguya hime densetsu	Adventure
FC	kaijuu monogatari	Role-playing (RPG)
FC	kaiketsu yancha maru	Platform
FC	kaiketsu yancha maru 3 - taiketsu! zouringen	Platform
FC	kaiketsu yancha maru 2 - karakuri land	Platform
FC	kakefu-kun no jump tengoku - speed jigoku	Platform
FC	kame no ongaeshi - urashima densetsu	Platform
FC	kamen no ninja - akakage	Platform
FC	kamen no ninja - hanamaru	Platform
FC	kamen rider club	Platform
FC	kamen rider sd - granshocker no yabou	Board
FC	kanshakudama nage kantarou no toukaidou gojuusan tsugi	Platform
FC	karaoke studio	Music / Dancing
FC	karakuri kengou den musashi lord - karakuribito hashiru	Role-playing (RPG)
FC	karate champ	Fighting
FC	karate kid, the	Platform
FC	karateka	Fighting
FC	karnov	Platform
FC	kart fighter	Fighting
FC	kawa no nushi tsuri	Role-playing (RPG)
FC	kazama jun to asama yuuko no av dragon mahjong	Puzzle
FC	keiba simulation - honmei	Sports with Animals
FC	kekkyoku nankyoku daibouken	Platform
FC	kero kero keroppi no daibouken	Puzzle
FC	kero kero keroppi no daibouken 2 - donuts ike wa oosawagi!	Platform
FC	keroppi to keroriinu no splash bomb!	Action
FC	ki no bouken - the quest of ki	Platform
FC	kick off	Sports
FC	kickmaster	Beat'em Up
FC	kickle cubicle	Puzzle
FC	kid dracula	Adventure
FC	kid icarus	Platform
FC	kid kool and the quest for the seven wonder herbs	Platform
FC	kid klown in night mayor world	Platform
FC	kid niki - radical ninja	Platform
FC	kidou senshi z gundam - hot scramble	Shoot'em Up
FC	kiddy sun in fantasia	Platform
FC	king neptune's adventure	Adventure
FC	king kong 2 - ikari no megaton punch	Adventure
FC	king of kings	Strategy
FC	king of kings, the - the early years	Educational
FC	king's knight	Shoot'em Up
FC	king's quest v	Adventure
FC	kings of the beach - professional beach volleyball	Sports
FC	kinnikuman - muscle tag match	Sports
FC	kira kira star night	Music / Dancing
FC	kira kira star night dx	Music / Dancing
FC	kira kira star night dx - tournament edition	Music / Dancing
FC	kirby's adventure	Platform
FC	kiteretsu daihyakka	Platform
FC	kiwi kraze - a bird-brained adventure!	Platform
FC	klax	Puzzle
FC	klashball	Sports
FC	knight rider	Racing
FC	koko adventure	Platform
FC	konami hyper soccer	Sports
FC	konami wai wai world	Adventure
FC	kouryuu densetsu villgust gaiden	Role-playing (RPG)
FC	konamic sports in seoul	Sports
FC	koushien	Sports
FC	krazy kreatures	Strategy
FC	krusty's fun house	Puzzle
FC	krion conquest, the	Platform
FC	kubo	Adventure
FC	kubo 3	Adventure
FC	kujaku ou	Adventure
FC	kujaku ou ii	Adventure
FC	kung fu	Fighting
FC	kung-fu heroes	Fighting
FC	kunio-kun no nekketsu soccer league	Sports
FC	kurogane hiroshi no yosou daisuki! - kachiuma densetsu	Sports
FC	kyonshiizu 2	Action
FC	kyoro-chan land	Platform
FC	kyoto hana no misshitsu satsujin jiken	Adventure
FC	kyouryuu sentai zyuranger	Platform
FC	kyoto ryuu no tera satsujin jiken	Adventure
FC	kyuukyoku harikiri koushien	Sports
FC	kyuukyoku harikiri stadium	Sports
FC	kyuukyoku harikiri stadium - '88 senshu shin data version	Sports
FC	kyuukyoku harikiri stadium - heisei gannen ban	Sports
FC	kyuukyoku harikiri stadium iii	Sports
FC	l.a cop - miss. peach world	Platform
FC	kyuukyoku tiger	Shoot'em Up
FC	l'abbaye des morts	Platform
FC	lagrange point	Role-playing (RPG)
FC	labyrinth	Adventure
FC	lan master	Puzzle
FC	lasalle ishii no child's quest	Role-playing (RPG)
FC	laser invasion	Shooter
FC	last action hero	Platform
FC	last ninja, the	Adventure
FC	last armageddon	Role-playing (RPG)
FC	last starfighter, the	Shoot'em Up
FC	law of the west	Action
FC	lawn mower	Action
FC	layla	Platform
FC	lee trevino's fighting golf	Sports
FC	legacy of the wizard	Role-playing (RPG)
FC	legend of kage, the	Platform
FC	legend of prince valiant, the	Platform
FC	legend of robin hood, the	Adventure
FC	legend of zelda, the	Role-playing (RPG)
FC	legends of owlia, the	Action
FC	legendary wings	Shoot'em Up
FC	legends of the diamond - the baseball championship game	Sports
FC	lemmings	Strategy
FC	lethal weapon	Beat'em Up
FC	life force	Shoot'em Up
FC	life force - salamander	Shoot'em Up
FC	lightgun game 2 in 1 - tough cop + super tough cop	Platform
FC	lion king, the	Platform
FC	little league baseball - championship series	Sports
FC	little medusa	Action
FC	little magic	Puzzle
FC	little mermaid - ningyo hime	Action
FC	little mermaid, the	Action
FC	little nemo - the dream master	Platform
FC	little ninja brothers	Role-playing (RPG)
FC	little red hood	Platform
FC	little red hood - xiao hong mao	Platform
FC	little samson	Platform
FC	lizard	Platform
FC	locksmith	Puzzle
FC	lode runner	Platform
FC	lone ranger, the	Adventure
FC	loopz	Puzzle
FC	lord of king, the	Adventure
FC	lost word of jenny - ushinawareta message	Platform
FC	lot lot	Strategy
FC	low g man - the low gravity man	Platform
FC	lucky bingo 777	Gambling
FC	lunar ball	Sports
FC	lunar pool	Sports
FC	lupin sansei - pandora no isan	Platform
FC	m.c. kids	Platform
FC	m.u.l.e.	Strategy
FC	m.u.s.c.l.e. - tag team match	Sports
FC	mach rider	Racing
FC	mad max	Action
FC	mad city	Beat'em Up
FC	madoola no tsubasa	Adventure
FC	mafat conspiracy, the	Adventure
FC	magic block	Puzzle
FC	magic carpet 1001	Shoot'em Up
FC	magic candle, the	Role-playing (RPG)
FC	magic cube	Puzzle
FC	magic bubble	Strategy
FC	magic darts	Sports
FC	magic jewelry	Puzzle
FC	magic john	Adventure
FC	magic jewelry 2	Puzzle
FC	magic johnson's fast break	Sports
FC	magic of scheherazade, the	Role-playing (RPG)
FC	magical mathematics	Educational
FC	magical kid's doropie	Platform
FC	magical taruruuto-kun - fantastic world!!	Platform
FC	magical taruruuto-kun 2 - mahou daibouken	Platform
FC	magician	Role-playing (RPG)
FC	magmax	Shoot'em Up
FC	magnum kikiippatsu - empire city - 1931	Lightgun Shooter
FC	maharaja	Adventure
FC	mahjang companion	Strategy
FC	mahjong	Board
FC	mahjong block	Puzzle
FC	mahjong club nagatachou - sousaisen	Board
FC	mahjong rpg dora dora dora	Thinking
FC	mahjong taikai	Strategy
FC	mahjong samit - kabukicho hen	Board
FC	mahjong taisen	Board
FC	mahjong trap - si cuan ma que	Board
FC	mahou no princess minky momo - remember dream	Action
FC	maison ikkoku	Adventure
FC	majaventure - mahjong senki	Board
FC	major league	Sports
FC	major league baseball	Sports
FC	majou densetsu ii - daimashikyou galious	Platform
FC	makai island	Adventure
FC	makaimura	Platform
FC	maniac mansion	Adventure
FC	mappy	Platform
FC	mappy kids	Platform
FC	mappy-land	Platform
FC	marble madness	Action
FC	mario & yoshi	Puzzle
FC	mario bros.	Platform
FC	mario is missing!	Educational
FC	mario open golf	Sports
FC	marusa no onna	Adventure
FC	mashin eiyuuden wataru gaiden	Role-playing (RPG)
FC	mario's time machine	Educational
FC	mashou	Role-playing (RPG)
FC	masuzoe youichi - asa made famicom	Adventure
FC	master chu and the drunkard hu	Platform
FC	matsumoto tooru no kabushiki hisshou gaku	Strategy
FC	matendouji	Platform
FC	matsumoto tooru no kabushiki hisshou gaku - part ii	Strategy
FC	maxi 15	Strategy
FC	max warrior - wakusei kaigenrei	Shoot'em Up
FC	maxi-15 pack	Strategy
FC	mcdonaldland	Platform
FC	mechanized attack	Lightgun Shooter
FC	mega man	Platform
FC	mega man 2	Platform
FC	mega man 3	Platform
FC	mega man 4	Platform
FC	mega man 5	Platform
FC	mega man 6	Platform
FC	meiji ishin	Adventure
FC	meikyuu kumikyoku - milon no daibouken	Platform
FC	meikyuu no tatsujin - daimeiro	Adventure
FC	meimon! daisan yakyuubu	Sports
FC	meikyuu-jima	Puzzle
FC	meimon! takonishi ouendan - kouha 6 nin shuu	Strategy
FC	meitantei holmes - kiri no london satsujin jiken	Adventure
FC	meitantei holmes - m kara no chousenjou	Adventure
FC	menace beach	Platform
FC	mendel palace	Strategy
FC	mermaids of atlantis - the riddle of the magic bubble	Strategy
FC	metal fighter	Shoot'em Up
FC	metal flame - psy buster	Platform
FC	metal fighter mu	Shoot'em Up
FC	metal force	Platform
FC	metal gear	Action
FC	metal max	Role-playing (RPG)
FC	metal slader glory	Adventure
FC	metalmech - man & machine	Platform
FC	metal storm	Platform
FC	metro-cross	Sports
FC	metroid	Platform
FC	mezase pachi pro - pachio-kun	Gambling
FC	mezase! top pro - green ni kakeru yume	Sports
FC	michael andretti's world gp	Racing
FC	mickey mania 7	Platform
FC	mickey mouse - dream balloon	Platform
FC	mickey's adventure in numberland	Action
FC	mickey mouse - fushigi no kuni no daibouken	Platform
FC	mickey mousecapade	Platform
FC	mickey's safari in letterland	Action
FC	mickey mouse iii - yume fuusen	Platform
FC	micro machines	Racing
FC	micro mages	Platform
FC	mig 29 - soviet fighter	Shooter
FC	might & magic - secret of the inner sanctum	Role-playing (RPG)
FC	might and magic - book one - secret of the inner sanctum	Role-playing (RPG)
FC	mighty bomb jack	Platform
FC	mighty final fight	Beat'em Up
FC	mike tyson's intergalactic power punch	Sports
FC	mike tyson's punch-out!!	Sports
FC	milionesy	Board
FC	millionaire	Board
FC	millipede	Shooter
FC	milon's secret castle	Platform
FC	millipede - kyodai konchuu no gyakushuu	Shooter
FC	mindseeker	Adventure
FC	minelvaton saga - ragon no fukkatsu	Role-playing (RPG)
FC	mini-putt	Sports
FC	minna no taabou no nakayoshi daisakusen	Puzzle
FC	miracle piano teaching system, the	Educational
FC	miracle ropit's - 2100 nen no daibouken	Platform
FC	mirai shinwa jarvas	Role-playing (RPG)
FC	mission - impossible	Action
FC	mississippi satsujin jiken	Adventure
FC	mission cobra	Shoot'em Up
FC	mitsume ga tooru	Adventure
FC	mizushima shinji no daikoushien	Sports
FC	moai-kun	Puzzle
FC	moe pro! - saikyou hen	Sports
FC	moe pro! '90 - kandou hen	Sports
FC	moero twinbee - cinnamon hakase o sukue!	Shoot'em Up
FC	moero!! junior basket - two on two	Sports
FC	moero!! juudou warriors	Sports
FC	moero!! pro tennis	Sports
FC	moero!! pro soccer	Sports
FC	moero!! pro yakyuu	Sports
FC	moero!! pro yakyuu '88 - ketteiban	Sports
FC	moeru! oniisan	Platform
FC	momotarou densetsu	Board
FC	momotarou densetsu gaiden	Role-playing (RPG)
FC	momotarou dentetsu	Board
FC	money game ii, the - kabutochou no kiseki	Simulation
FC	money game, the	Simulation
FC	monopoly	Board
FC	monster in my pocket	Platform
FC	monster maker - 7 tsu no hihou	Role-playing (RPG)
FC	monster party	Platform
FC	monster truck rally	Racing
FC	monstruo de los globos, el	Shooter
FC	moon crystal	Adventure
FC	moon ranger	Shooter
FC	morita shougi	Board
FC	mortal kombat ii	Fighting
FC	mortal kombat ii special	Fighting
FC	mortal kombat iii special	Fighting
FC	motocross champion	Racing
FC	mother	Role-playing (RPG)
FC	motor city patrol	Racing
FC	mouryou senki madara	Role-playing (RPG)
FC	moulin rouge senki - melville no honoo	Role-playing (RPG)
FC	mottomo abunai deka	Platform
FC	mr. assy - momoco & hanako	Platform
FC	mr. gimmick	Platform
FC	mr. maymunshine's christmas land	Platform
FC	mr. splash	Platform
FC	mugen senshi valis	Platform
FC	ms. pac-man	Action
FC	muppet adventure - chaos at the carnival	Casual Game
FC	murder club - honkaku mystery adventure	Adventure
FC	musashi no bouken	Role-playing (RPG)
FC	musashi no ken - tadaima shugyou chuu	Platform
FC	mutant virus, the - crisis in a computer world	Action
FC	my life my love - boku no yume - watashi no negai	Board
FC	mystery quest	Platform
FC	mystery world dizzy	Action
FC	nagagutsu o haita neko - sekai isshuu 80 nichi daibouken	Platform
FC	nakajima satoru kanshuu - f-1 hero 2	Racing
FC	nakayoshi to issho	Adventure
FC	nakajima satoru - f-1 hero	Racing
FC	namco classic	Sports
FC	namco classic ii	Sports
FC	namcot mahjong iii - mahjong tengoku	Board
FC	namco prism zone - dream master	Role-playing (RPG)
FC	nangoku shirei!! - spy vs spy	Strategy
FC	nantettatte!! baseball	Sports
FC	napoleon senki	Strategy
FC	nantettatte!! baseball + nantettatte!! baseball - ko-game cassette - ob all star hen	Sports
FC	narc	Shooter
FC	navy blue	Strategy
FC	nebs 'n debs	Platform
FC	nekketsu kakutou densetsu	Fighting
FC	nekketsu kouha kunio-kun	Beat'em Up
FC	nekketsu koukou dodgeball-bu - soccer hen	Sports
FC	nekketsu koukou dodgeball-bu	Sports
FC	nekketsu! street basket - ganbare dunk heroes	Sports
FC	nes open tournament golf	Sports
FC	nes play action football	Sports
FC	nesnake 2	Puzzle
FC	new ghostbusters ii	Racing
FC	new york nyankies	Adventure
FC	newzealand story, the	Platform
FC	nfl	Sports
FC	nhk gakuen - space school - sansu 5 nen	Educational
FC	nhk gakuen - space school - sansu 6 nen	Educational
FC	nichibutsu mahjong iii - mahjong g men	Board
FC	nigel mansell's world championship	Racing
FC	nigel mansell's world championship racing	Racing
FC	nightmare on elm street, a	Platform
FC	nightshade	Action
FC	nihonichi no mei kantoku	Sports
FC	niji no silk road	Role-playing (RPG)
FC	ninja	Platform
FC	ninja cop saizou	Platform
FC	ninja crusaders	Platform
FC	ninja crusaders - ryuuga	Platform
FC	ninja gaiden	Platform
FC	ninja gaiden - episode ii - the dark sword of chaos	Action
FC	ninja gaiden ii - the dark sword of chaos	Action
FC	ninja gaiden iii - the ancient ship of doom	Platform
FC	ninja hattori-kun - ninja wa syugyou de gozaru no maki	Platform
FC	ninja jajamaru-kun	Platform
FC	ninja jajamaru - ginga daisakusen	Adventure
FC	ninja kid	Platform
FC	ninja ryuuken den	Platform
FC	ninja ryuuken den iii - yomi no hakobune	Platform
FC	ninja ryuuken den ii - ankoku no jashin ken	Action
FC	ninja-kun - ashura no shou	Platform
FC	ninja-kun - majou no bouken	Platform
FC	ninjara hoi!	Role-playing (RPG)
FC	nintendo world championships 1990	Strategy
FC	nintendo world cup	Sports
FC	nishimura kyoutarou mystery - super express satsujin jiken	Adventure
FC	nishimura kyoutarou mystery - blue train satsujin jiken	Adventure
FC	noah's ark	Platform
FC	nobunaga no yabou - bushou fuuun roku	Strategy
FC	nobunaga no yabou - sengoku gunyuuden	Strategy
FC	nobunaga no yabou - zenkoku ban	Strategy
FC	nobunaga's ambition	Strategy
FC	nobunaga's ambition ii	Strategy
FC	nomolos - storming the catsle	Action
FC	north & south	Strategy
FC	north and south	Strategy
FC	north & south - wakuwaku nanboku sensou	Strategy
FC	nova the squirrel	Platform
FC	nuts & milk	Platform
FC	obocchama-kun	Board
FC	obake no q tarou - wanwan panic	Platform
FC	oeka kids - anpanman no hiragana daisuki	Educational
FC	oeka kids - anpanman to oekaki shiyou!!	Educational
FC	oishinbo - kyuukyoku no menu sanbon shoubu	Adventure
FC	okkotoshi puzzle - tonjan!	Puzzle
FC	olympic iq	Puzzle
FC	olympic i.q.	Puzzle
FC	olympus no tatakai	Adventure
FC	onyanko town	Action
FC	operation secret storm	Platform
FC	operation wolf	Lightgun Shooter
FC	orb-3d	Strategy
FC	osomatsu-kun - back to the me no deppa no maki	Adventure
FC	otaku no seiza - an adventure in the otaku galaxy	Role-playing (RPG)
FC	othello	Board
FC	outlanders	Role-playing (RPG)
FC	over horizon	Shoot'em Up
FC	p.o.w. - prisoners of war	Beat'em Up
FC	overlord	Strategy
FC	p'radikus conflict	Shoot'em Up
FC	pac-man	Action
FC	pac-land	Platform
FC	pac-man championship edition	Action
FC	pac-mania	Action
FC	pachi-slot adventure 3 - bitaoshii 7 kenzan!	Gambling
FC	pachi-slot adventure 2 - sorotta-kun no pachi-slot tanteidan	Gambling
FC	pachinko daisakusen	Gambling
FC	pachicom	Gambling
FC	pachinko daisakusen 2	Gambling
FC	pachio-kun 2	Gambling
FC	pachio-kun 3	Gambling
FC	pachio-kun 4	Gambling
FC	pachio-kun 5	Gambling
FC	pajama hero - nemo	Platform
FC	palamedes	Puzzle
FC	palamedes ii - star twinkle, hoshi no mabataki	Puzzle
FC	panic restaurant	Platform
FC	panic! dizzy	Puzzle
FC	paperboy	Sports
FC	paperboy 2	Sports
FC	papillon gals	Shoot'em Up
FC	parallel world	Strategy
FC	parasol henbee	Platform
FC	paris-dakar rally special	Racing
FC	parasol stars - rainbow islands ii	Platform
FC	parasol stars - the story of bubble bobble iii	Platform
FC	parodius	Shoot'em Up
FC	parodius da!	Shoot'em Up
FC	parody world - monster party	Platform
FC	peepar time	Puzzle
FC	peek-a-boo poker	Strategy
FC	penguin-kun wars	Sports
FC	perfect bowling	Sports
FC	pennant league!! - home run nighter	Sports
FC	perman	Platform
FC	perman part 2 - himitsu kessha madoodan o taose!	Platform
FC	pesterminator - the western exterminator	Platform
FC	pescatore	Puzzle
FC	phantom air mission	Shooter
FC	phantom fighter	Fighting
FC	pictionary - the game of video quick draw	Board
FC	pin bot	Pinball
FC	pinball	Pinball
FC	pinball quest	Pinball
FC	pipe dream	Puzzle
FC	pirates!	Sports
FC	pizza pop!	Action
FC	platoon	Shooter
FC	plasma ball	Action
FC	pocket zaurus - juu ouken no nazo	Platform
FC	poker ii	Card
FC	poke block	Puzzle
FC	poker iii	Card
FC	pooyan	Shooter
FC	popeye	Platform
FC	popeye no eigo asobi	Puzzle
FC	popo team	Action
FC	portopia renzoku satsujin jiken	Adventure
FC	power blade	Platform
FC	power blade 2	Platform
FC	power blazer	Platform
FC	power punch ii	Sports
FC	power soccer	Sports
FC	predator	Platform
FC	president no sentaku	Strategy
FC	prince of persia	Platform
FC	princess tomato in the salad kingdom	Adventure
FC	pro sport hockey	Sports
FC	pro wres	Sports
FC	pro wrestling	Sports
FC	pro yakyuu - family stadium '88	Sports
FC	pro yakyuu - family stadium	Sports
FC	pro yakyuu - family stadium '87	Sports
FC	probotector	Action
FC	pro yakyuu satsujin jiken!	Adventure
FC	probotector ii - return of the evil forces	Platform
FC	project blue	Platform
FC	pu ke jing ling	Strategy
FC	punch-out!!	Sports
FC	punisher, the	Shooter
FC	puss 'n boots - pero's great adventure	Platform
FC	puyo puyo	Puzzle
FC	puzzle	Puzzle
FC	puzslot	Puzzle
FC	puzznic	Puzzle
FC	pyokotan no daimeiro	Action
FC	pyramid	Puzzle
FC	pyramid - cleopatra kikiippatsu	Role-playing (RPG)
FC	pyramid ii	Puzzle
FC	pyramids of ra	Puzzle
FC	q boy	Platform
FC	q-bert	Puzzle
FC	qix	Puzzle
FC	quarter back scramble	Sports
FC	quarth	Puzzle
FC	quattro adventure	Adventure
FC	quattro arcade	Compilation
FC	quattro sports	Sports
FC	quest forge - by order of kings	Role-playing (RPG)
FC	quinty	Strategy
FC	r.b.i. baseball	Sports
FC	r.b.i. baseball 2	Sports
FC	r.b.i. baseball 3	Sports
FC	r.c. pro-am	Racing
FC	r.c. pro-am ii	Racing
FC	racer mini yonku - japan cup	Racing
FC	racermate challenge ii	Sports
FC	racket attack	Sports
FC	rackets & rivals	Various
FC	rad racer	Racing
FC	rad racer ii	Racing
FC	rad racket - deluxe tennis ii	Sports
FC	radac tailor-made	Educational
FC	radia senki - reimei hen	Role-playing (RPG)
FC	raid 2020	Shooter
FC	raid on bungeling bay	Shooter
FC	rainbow islands - bubble bobble 2	Platform
FC	rainbow islands	Platform
FC	rainbow islands - the story of bubble bobble 2	Platform
FC	rally bike	Racing
FC	rambo	Platform
FC	rampage	Fighting
FC	rampart	Strategy
FC	red arremer ii	Adventure
FC	reigen doushi	Fighting
FC	remote control	Strategy
FC	ren & stimpy show, the - buckeroo$!	Platform
FC	renegade	Beat'em Up
FC	rescue - the embassy mission	Simulation
FC	ring king	Sports
FC	ripple island	Adventure
FC	river city ransom	Beat'em Up
FC	road fighter	Racing
FC	roadblasters	Racing
FC	road runner	Action
FC	robin hood - prince of thieves	Adventure
FC	robo warrior	Shooter
FC	robocco wars	Platform
FC	robocop	Platform
FC	robocop 2	Platform
FC	robocop 3	Platform
FC	robocop versus the terminator	Platform
FC	robodemons	Shoot'em Up
FC	rock 'n' ball	Pinball
FC	rocket ranger	Shooter
FC	rockball	Puzzle
FC	rocketeer, the	Platform
FC	rockin' kats	Adventure
FC	rockman	Platform
FC	rockman 2 - dr. wily no nazo	Platform
FC	rockman 3 - dr. wily no saigo!	Platform
FC	rockman 4 - aratanaru yabou!!	Platform
FC	rockman 5 - blues no wana!	Platform
FC	rocman x	Platform
FC	rockman 6 - shijou saidai no tatakai!!	Platform
FC	rodland	Platform
FC	rodland featuring rit and tam	Platform
FC	roger clemens' mvp baseball	Sports
FC	rollerball	Pinball
FC	rokudenashi blues	Role-playing (RPG)
FC	rollergames	Sports
FC	rollerblade racer	Sports
FC	rolling thunder	Shooter
FC	rom city rampage	Action
FC	romance of the three kingdoms	Strategy
FC	romance of the three kingdoms ii	Strategy
FC	romancia	Adventure
FC	roniu's tale	Puzzle
FC	roundball - 2-on-2 challenge	Sports
FC	route-16 turbo	Racing
FC	rpg jinsei game	Board
FC	royal blood	Strategy
FC	rumble station - 15 in 1	Compilation
FC	rush'n attack	Shooter
FC	rygar	Platform
FC	s.c.a.t. - special cybernetic attack team	Shoot'em Up
FC	saint seiya - ougon densetsu	Role-playing (RPG)
FC	saint seiya - ougon densetsu kanketsu hen	Adventure
FC	saiyuuki world	Action
FC	sakigake!! otoko juku - shippuu ichi gou sei	Beat'em Up
FC	saiyuuki world 2 - tenjoukai no majin	Platform
FC	salad no kuni no tomato hime	Adventure
FC	salamander	Shoot'em Up
FC	samsara naga	Role-playing (RPG)
FC	sanada juu yuushi	Role-playing (RPG)
FC	sangokushi	Strategy
FC	sangokushi - chuugen no hasha	Strategy
FC	sangokushi ii	Strategy
FC	sangokushi ii - haou no tairiku	Strategy
FC	sanguozhi - chibi zhi zhan	Action
FC	sanma no meitantei	Adventure
FC	sanrio carnival	Puzzle
FC	sanrio carnival 2	Puzzle
FC	sanrio cup - pon pon volley	Sports
FC	sansuu 1 nen - keisan game	Educational
FC	sansuu 2 nen - keisan game	Educational
FC	sansuu 3 nen - keisan game	Educational
FC	sansuu 4 nen - keisan game	Educational
FC	sansuu 5 & 6 nen - keisan game	Educational
FC	satomi hakkenden	Role-playing (RPG)
FC	satsui no kaisou - soft house renzoku satsujin jiken	Adventure
FC	scarabeus	Puzzle
FC	sd battle oozumou - heisei hero basho	Sports
FC	sd gundam - gachapon senshi 2 - capsule senki	Strategy
FC	sd gundam - gachapon senshi 3 - eiyuu senki	Strategy
FC	sd gundam - gachapon senshi 4 - newtype story	Strategy
FC	sd gundam gaiden - knight gundam monogatari	Role-playing (RPG)
FC	sd gundam - gachapon senshi 5 - battle of universal century	Strategy
FC	sd gundam gaiden - knight gundam monogatari 2 - hikari no knight	Role-playing (RPG)
FC	sd hero soukessen - taose! aku no gundan	Action
FC	sd gundam gaiden - knight gundam monogatari 3 - densetsu no kishi dan	Role-playing (RPG)
FC	sd keiji - blader	Role-playing (RPG)
FC	secret scout in the temple of demise	Adventure
FC	secret ties	Adventure
FC	section-z	Shoot'em Up
FC	seicross	Shoot'em Up
FC	seikima ii - akuma no gyakushuu!	Platform
FC	seirei densetsu lickle	Platform
FC	seirei gari	Adventure
FC	seiryaku simulation - inbou no wakusei - shancara	Strategy
FC	sekiryuuou	Adventure
FC	senjou no ookami	Shooter
FC	sensha senryaku - sabaku no kitsune	Strategy
FC	sesame street - 123	Educational
FC	sesame street - abc & 123	Educational
FC	sesame street - abc	Educational
FC	sesame street - big bird's hide & speak	Educational
FC	sesame street - countdown	Educational
FC	shadow brain	Role-playing (RPG)
FC	shadow of the ninja	Platform
FC	shadow warriors - ninja gaiden	Platform
FC	shadow warriors ii - ninja gaiden ii	Action
FC	shadowgate	Adventure
FC	shanghai	Board
FC	shanghai ii	Board
FC	shatterhand	Platform
FC	shen tan ke nan	Adventure
FC	sheng huo lie zhuan	Role-playing (RPG)
FC	sherlock holmes - hakushaku reijou yuukai jiken	Action
FC	shikinjou	Board
FC	shin 4 nin uchi mahjong - yakuman tengoku	Board
FC	shin moero!! pro yakyuu	Sports
FC	shin jinrui - the new type	Shoot'em Up
FC	shin satomi hakken-den - hikari to yami no tatakai	Role-playing (RPG)
FC	shinobi	Platform
FC	shingen the ruler	Strategy
FC	shinsenden	Role-playing (RPG)
FC	shisen mahjong - seifuku hen	Board
FC	shockwave	Strategy
FC	shogun	Strategy
FC	shooting range	Lightgun Shooter
FC	short order + eggsplode!	Compilation
FC	shougi meikan '92	Board
FC	shougi meikan '93	Board
FC	shoukoushi ceddie	Adventure
FC	shounen ashibe - nepal daibouken no maki	Adventure
FC	shufflepuck cafe	Sports
FC	shui guo li	Gambling
FC	side pocket	Sports
FC	sidewinder	Shoot'em Up
FC	silent assault	Shooter
FC	silent service	Simulation
FC	silk worm	Shoot'em Up
FC	silva saga	Role-playing (RPG)
FC	silver eagle	Shooter
FC	silver surfer	Shoot'em Up
FC	simcity	Simulation
FC	simpsons, the - bart vs. the space mutants	Platform
FC	simpsons, the - bart vs. the world	Platform
FC	simpsons, the - bartman meets radioactive man	Platform
FC	sir ababol	Platform
FC	skate or die	Sports
FC	skate or die 2 - the search for double trouble	Sports
FC	ski or die	Sports
FC	skull & crossbones	Platform
FC	sky destroyer	Shoot'em Up
FC	sky kid	Shoot'em Up
FC	sky shark	Shoot'em Up
FC	slalom	Sports
FC	smash t.v.	Shoot'em Up
FC	smurfs, the	Platform
FC	snake rattle n roll	Platform
FC	snake's revenge	Adventure
FC	snoopy's silly sports spectacular!	Sports
FC	snow bros.	Platform
FC	snow brothers	Platform
FC	snowboard challenge	Sports
FC	soap panic	Puzzle
FC	soccer	Sports
FC	soccer league - winner's cup	Sports
FC	softball tengoku	Sports
FC	solar jetman - hunt for the golden warpship	Shooter
FC	solar wars	Strategy
FC	solitaire	Card
FC	solomon no kagi 2 - coolmintou kyuushutsu sakusen	Puzzle
FC	solomon no kagi	Puzzle
FC	solomon's key	Puzzle
FC	solomon's key 2	Puzzle
FC	solstice	Adventure
FC	solstice - the quest for the staff of demnos	Adventure
FC	somari	Platform
FC	son son	Platform
FC	soreike! anpanman - minna de hiking game!	Puzzle
FC	sou setsu ryuu ii - the revenge	Beat'em Up
FC	sou setsu ryuu	Beat'em Up
FC	sou setsu ryuu iii - the rosetta stone	Beat'em Up
FC	space harrier	Shooter
FC	space hunter	Action
FC	space invaders	Shooter
FC	space shadow	Lightgun Shooter
FC	space shuttle project	Simulation
FC	spartan x	Fighting
FC	spartan x 2	Beat'em Up
FC	spelunker	Platform
FC	spelunker ii - yuusha e no chousen	Role-playing (RPG)
FC	spider-man - return of the sinister six	Platform
FC	spirit impel	Action
FC	spiritual warfare	Role-playing (RPG)
FC	splatterhouse - wanpaku graffiti	Beat'em Up
FC	spot	Puzzle
FC	spot - the video game	Puzzle
FC	spy hunter	Racing
FC	spy vs spy	Strategy
FC	sqoon	Shoot'em Up
FC	square deal	Puzzle
FC	square no tom sawyer	Role-playing (RPG)
FC	squashed	Adventure
FC	stack-up	Educational
FC	stadium events	Sports
FC	stanley - the search for dr. livingston	Adventure
FC	star force	Shoot'em Up
FC	star gate	Shoot'em Up
FC	star luster	Simulation
FC	star soldier	Shoot'em Up
FC	star trek - 25th anniversary	Adventure
FC	star trek - the next generation	Simulation
FC	star trek v - the final frontier	Platform
FC	star versus	Action
FC	star wars	Platform
FC	star voyager	Shooter
FC	star wars - the empire strikes back	Platform
FC	starship hector	Shoot'em Up
FC	startropics	Adventure
FC	stealth atf	Simulation
FC	sted - iseki wakusei no yabou	Role-playing (RPG)
FC	stick hunter - exciting ice hockey	Sports
FC	stinger	Shoot'em Up
FC	strategist	Card
FC	streemerz	Platform
FC	street cop	Action
FC	street fighter 2010 - the final fight	Platform
FC	street gangs	Beat'em Up
FC	street heroes	Fighting
FC	strider	Platform
FC	strider hiryu	Platform
FC	strike wolf	Lightgun Shooter
FC	stunt kids	Racing
FC	sudoku	Puzzle
FC	sugoro quest - dice no senshitachi	Role-playing (RPG)
FC	suikoden - tenmei no chikai	Strategy
FC	sukeban deka iii	Beat'em Up
FC	summer carnival '92 - recca	Shoot'em Up
FC	sunman	Platform
FC	sunday funday - the ride	Compilation
FC	super adventure quests	Adventure
FC	super arabian	Platform
FC	super bat puncher	Platform
FC	super black onyx	Role-playing (RPG)
FC	super c	Shooter
FC	super cars	Racing
FC	super chinese	Fighting
FC	super chinese 2 - dragon kid	Role-playing (RPG)
FC	super contra	Shooter
FC	super dodge ball	Sports
FC	super dyna'mix badminton	Sports
FC	super glove ball	Action
FC	super jeopardy!	Strategy
FC	super mario bros.	Platform
FC	super mario bros. - 25th anniversary	Platform
FC	super mario bros. + duck hunt	Compilation
FC	super mario bros. + duck hunt + world class track meet	Compilation
FC	super mario bros. + tetris + nintendo world cup	Sports
FC	super mario bros. 2	Platform
FC	super mario bros. 3	Platform
FC	super mario usa	Platform
FC	super mario world	Platform
FC	super mogura tataki!! - pokkun mogurar	Puzzle
FC	super momotarou dentetsu	Board
FC	super pang	Shooter
FC	super pang ii	Shooter
FC	super pinball	Pinball
FC	super pitfall	Platform
FC	super pitfall ii	Adventure
FC	super real baseball '88	Sports
FC	super rugby	Sports
FC	super spike v'ball	Sports
FC	super spike v'ball + nintendo world cup	Compilation
FC	super sports challenge - quattro sports	Sports
FC	super sprint	Racing
FC	super spy hunter	Racing
FC	super star force	Shoot'em Up
FC	super team games	Sports
FC	super turrican	Platform
FC	super uwol	Platform
FC	super xevious - gump no nazo	Shoot'em Up
FC	superman	Platform
FC	superstar pro wrestling	Sports
FC	swamp thing	Platform
FC	swat - special weapons and tactics	Role-playing (RPG)
FC	sweet home	Role-playing (RPG)
FC	sword master	Adventure
FC	swords and serpents	Role-playing (RPG)
FC	taboo - the sixth sense	Various
FC	tag team pro-wrestling	Sports
FC	tag team pro-wrestling special	Sports
FC	tag team wrestling	Sports
FC	tagin' dragon	Strategy
FC	taito basketball	Sports
FC	taito chase h.q.	Action
FC	taiwan mahjong - tai wan ma que 16	Strategy
FC	taito grand prix - eikou e no license	Racing
FC	taiyou no shinden	Adventure
FC	taiyou no yuusha - fighbird	Shoot'em Up
FC	takahashi meijin no bouken-jima	Platform
FC	takahashi meijin no bouken-jima iv	Action
FC	takahashi meijin no bouken-jima iii	Platform
FC	takahashi meijin no bouken-jima ii	Platform
FC	takahashi meijin no bugutte honey	Shooter
FC	takeda shingen	Strategy
FC	takeda shingen 2	Strategy
FC	takeshi no sengoku fuuunji	Board
FC	takeshi no chousenjou	Platform
FC	tale, the - elrond no eiyuu	Platform
FC	talespin	Shoot'em Up
FC	tanigawa kouji no shougi shinan ii	Board
FC	tamura koushou mahjong seminar	Board
FC	tanigawa kouji no shougi shinan iii	Board
FC	tank	Shooter
FC	tanque	Action
FC	tantei jinguuji saburou - toki no sugiyuku mama ni	Adventure
FC	tantei jinguuji saburou - yokohamakou renzoku satsujin jiken	Adventure
FC	tao	Action
FC	taro's quest	Role-playing (RPG)
FC	tasac	Shoot'em Up
FC	target - renegade	Beat'em Up
FC	tashiro masashi no princess ga ippai	Platform
FC	tatakae! chou robot seimeitai transformers - convoy no nazo	Platform
FC	tatakae!! rahmen man - sakuretsu choujin 102 gei	Adventure
FC	tatakai no banka	Beat'em Up
FC	tecmo baseball	Sports
FC	tecmo bowl	Sports
FC	tecmo cup - football game	Sports
FC	tecmo cup - soccer game	Sports
FC	tecmo nba basketball	Sports
FC	tecmo super bowl	Sports
FC	tecmo world cup soccer	Sports
FC	tecmo world wrestling	Sports
FC	teenage mutant hero turtles	Platform
FC	teenage mutant hero turtles - tournament fighters	Fighting
FC	teenage mutant hero turtles ii - the arcade game	Beat'em Up
FC	teenage mutant ninja turtles	Platform
FC	teenage mutant ninja turtles - tournament fighters	Fighting
FC	teenage mutant ninja turtles 2 - the manhattan project	Beat'em Up
FC	teenage mutant ninja turtles ii - the arcade game	Beat'em Up
FC	teenage mutant ninja turtles iii - the manhattan project	Beat'em Up
FC	tenchi o kurau	Role-playing (RPG)
FC	tenchi o kurau ii - shokatsu koumei den	Strategy
FC	tenkaichi bushi - keru naguuru	Action
FC	tenka no goikenban - mito koumon	Action
FC	tennis	Sports
FC	terminator 2	Platform
FC	terminator 2 - judgment day	Platform
FC	terra cresta	Shoot'em Up
FC	terminator, the	Platform
FC	tetrastar - the fighter	Shoot'em Up
FC	tetris	Puzzle
FC	tetris 2	Puzzle
FC	tetris 2 + bombliss	Puzzle
FC	tetris flash	Puzzle
FC	tetsudou ou - famicom boardgame	Board
FC	tetsuwan atom	Platform
FC	thexder	Platform
FC	thomas the tank engine & friends	Educational
FC	three stooges, the	Platform
FC	thunder & lightning	Action
FC	thunder warrior	Platform
FC	thunderbirds	Shoot'em Up
FC	thundercade	Shoot'em Up
FC	tic-tac xo	Puzzle
FC	tiger-heli	Shoot'em Up
FC	tiles of fate	Board
FC	time diver - avenger	Platform
FC	time diver - eon man	Platform
FC	time lord	Platform
FC	times of lore	Adventure
FC	time zone	Platform
FC	tiny toon adventures	Platform
FC	tiny toon adventures 2 - montana land e youkoso	Platform
FC	tiny toon adventures 2 - trouble in wackyland	Platform
FC	tiny toon adventures cartoon workshop	Puzzle
FC	titan	Strategy
FC	titan warriors	Shoot'em Up
FC	tm network - live in power bowl	Adventure
FC	to the earth	Lightgun Shooter
FC	toki	Platform
FC	toki no tabibito - time stranger	Adventure
FC	tokkyuu shirei solbrain	Platform
FC	tokoro-san no mamoru mo semeru mo	Platform
FC	tom & jerry	Platform
FC	tom & jerry - the ultimate game of cat and mouse!	Platform
FC	tom sawyer no bouken	Platform
FC	tombs & treasure	Adventure
FC	toobin'	Sports
FC	top gun	Simulation
FC	top gun - dual fighters	Simulation
FC	top gun - the second mission	Simulation
FC	top rider	Sports
FC	top striker	Sports
FC	total funpak	Compilation
FC	total recall	Action
FC	totally rad	Adventure
FC	totsuzen! macchoman	Platform
FC	touchdown fever	Sports
FC	touhou kenbun roku	Adventure
FC	toukon club	Sports
FC	toukyou pachi-slot adventure	Gambling
FC	tower of radia	Role-playing (RPG)
FC	town & country surf designs - thrilla's surfari	Sports
FC	town & country surf designs - wood & water rage	Sports
FC	toxic crusaders	Beat'em Up
FC	track & field	Sports
FC	track & field ii	Sports
FC	track & field in barcelona	Sports
FC	treasure master	Platform
FC	triathron, the	Sports
FC	trog!	Action
FC	trojan	Beat'em Up
FC	trolls in crazyland, the	Platform
FC	trolls on treasure island	Strategy
FC	tsuppari oozumou	Sports
FC	tsuppari wars	Fighting
FC	tsuru pika hagemaru - mezase! tsuru seko no akashi	Action
FC	tsuri kichi sanpei - blue marlin hen	Hunting and Fishing
FC	tu ji	Shooter
FC	turbo racing	Action
FC	twin cobra	Shoot'em Up
FC	twin dragons	Platform
FC	twin eagle	Shoot'em Up
FC	twinbee	Shoot'em Up
FC	twinbee 3 - poko poko daimaou	Action
FC	u-force power games	Compilation
FC	u.s. championship v'ball	Sports
FC	uchuu keibitai sdf	Shoot'em Up
FC	uchuusen cosmo carrier	Strategy
FC	ufouria - the saga	Adventure
FC	ultima - exodus	Role-playing (RPG)
FC	ultima - kyoufu no exodus	Role-playing (RPG)
FC	ultima - quest of the avatar	Role-playing (RPG)
FC	ultima - seija e no michi	Role-playing (RPG)
FC	ultimate air combat	Simulation
FC	ultima - warriors of destiny	Role-playing (RPG)
FC	ultimate basketball	Sports
FC	ultimate league soccer	Sports
FC	ultimate stuntman, the	Racing
FC	ultraman club - kaijuu daikessen!!	Action
FC	ultraman club 3 - matamata shutsugeki!! ultra kyoudai	Role-playing (RPG)
FC	ultraman club 2 - kaettekita ultraman club	Role-playing (RPG)
FC	uncanny x-men, the	Shooter
FC	uncharted waters	Adventure
FC	underground adventure	Platform
FC	uninvited	Adventure
FC	universe soldiers, the	Action
FC	untouchables, the	Shooter
FC	urban champion	Fighting
FC	urusei yatsura - lum no wedding bell	Platform
FC	usa ice hockey in fc	Sports
FC	ushio to tora - shinen no taiyou	Role-playing (RPG)
FC	utsurun desu - kawauso hawaii e iku	Platform
FC	uwc	Sports
FC	valkyrie no bouken - toki no kagi densetsu	Action
FC	vegas connection - casino kara ai o komete	Gambling
FC	vegas dream	Gambling
FC	venice beach volleyball	Sports
FC	venus senki - back the city	Strategy
FC	vice - project doom	Racing
FC	videomation	Educational
FC	vindicators	Shooter
FC	virus	Puzzle
FC	viva! las vegas	Gambling
FC	volguard ii	Shoot'em Up
FC	volley ball	Sports
FC	volleyball	Sports
FC	wagyan land	Platform
FC	wacky races	Platform
FC	wagyan land 2	Platform
FC	wagyan land 3	Platform
FC	wai wai world 2 - sos!! paseri jou	Platform
FC	wait and see!	Platform
FC	wally bear and the no! gang	Platform
FC	wall street kid	Simulation
FC	wanpaku duck yume bouken	Platform
FC	wanpaku kokkun no gourmet world	Platform
FC	war in the gulf	Shoot'em Up
FC	war on wheels	Sports
FC	wario no mori	Puzzle
FC	wario's woods	Puzzle
FC	warpman	Shooter
FC	wayne gretzky hockey	Sports
FC	wayne's world	Platform
FC	wcw world championship wrestling	Sports
FC	wei lai xiao zi - joy van kid	Shoot'em Up
FC	werewolf - the last warrior	Platform
FC	western kids	Role-playing (RPG)
FC	wheel of fortune	Quiz
FC	wheel of fortune - family edition	Quiz
FC	wheel of fortune - junior edition	Quiz
FC	wheel of fortune featuring vanna white	Quiz
FC	where's waldo	Strategy
FC	where in time is carmen sandiego	Educational
FC	white lion densetsu - pyramid no kanata ni	Role-playing (RPG)
FC	who framed roger rabbit	Action
FC	whomp 'em	Platform
FC	widget	Platform
FC	wild gunman	Lightgun Shooter
FC	willow	Role-playing (RPG)
FC	wily & right no rockboard - that's paradise	Strategy
FC	win, lose or draw	Strategy
FC	winter games	Sports
FC	wit's	Puzzle
FC	witch n' wiz	Puzzle
FC	wizardry - knight of diamonds - the second scenario	Role-playing (RPG)
FC	wizardry - proving grounds of the mad overlord	Role-playing (RPG)
FC	wizardry ii - llylgamyn no isan	Role-playing (RPG)
FC	wizards & warriors	Platform
FC	wizardry iii - diamond no kishi	Role-playing (RPG)
FC	wizards & warriors iii - kuros...visions of power	Platform
FC	wolverine	Platform
FC	wonderland dizzy	Platform
FC	woody poko	Role-playing (RPG)
FC	world boxing	Sports
FC	world champ	Sports
FC	world class track meet	Sports
FC	world games	Sports
FC	world of card games, the	Gambling
FC	world grand-prix - pole to finish	Action
FC	world super tennis	Sports
FC	wrath of the black manta	Platform
FC	wrecking crew	Puzzle
FC	wurm - journey to the center of the earth!	Shooter
FC	wwf king of the ring	Sports
FC	wwf wrestlemania	Sports
FC	wwf wrestlemania - steel cage challenge	Sports
FC	wwf wrestlemania challenge	Sports
FC	xenophobe	Shooter
FC	xevious	Shoot'em Up
FC	xexyz	Platform
FC	xevious - the avenger	Shoot'em Up
FC	xing zhan qing yuan	Role-playing (RPG)
FC	xybots	Shooter
FC	yamamura misa suspense series - kyoto zai-tech satsujin jiken	Adventure
FC	yami no shigotonin kage	Platform
FC	yasuda fire & marine - safety rally	Racing
FC	yeah yeah beebiss ii	Action
FC	yie ar kung-fu	Fighting
FC	yo! noid	Platform
FC	yoshi	Puzzle
FC	yoshi no cookie	Strategy
FC	yoshi no tamago	Puzzle
FC	yoshi's cookie	Strategy
FC	youkai club	Platform
FC	youkai douchuuki	Platform
FC	young indiana jones chronicles, the	Platform
FC	yousei monogatari - rod land	Platform
FC	ys	Role-playing (RPG)
FC	ys ii - ancient ys vanished - the final chapter	Role-playing (RPG)
FC	yume penguin monogatari	Platform
FC	ys iii - wanderers from ys	Role-playing (RPG)
FC	yun	Platform
FC	zanac	Shoot'em Up
FC	zdey the game	Platform
FC	zelda ii - the adventure of link	Action
FC	zen - intergalactic ninja	Platform
FC	zelda no densetsu 1 - the hyrule fantasy	Role-playing (RPG)
FC	zenbei pro basket	Sports
FC	zhen ben xi you ji	Fighting
FC	zhi li xiao zhuang yuan	Puzzle
FC	zhong guo xiang qi - chinese chese	Board
FC	zippy race	Racing
FC	zhuang qiu chuan shuo hua zhuang ii - ball story	Sports
FC	zoda's revenge - startropics ii	Adventure
FC	zoids - chuuou tairiku no tatakai	Role-playing (RPG)
FC	zoids 2 - zenebas no gyakushuu	Role-playing (RPG)
FC	zombie hunter	Adventure
FC	zoids mokushiroku	Strategy
FC	zooming secretary	Puzzle
FC	zombie nation	Shoot'em Up
FC	zunou senkan galg	Shoot'em Up
GB	10-pin bowling	Sports
GB	3 choume no tama - tama and friends - 3 choume obake panic!!	Adventure
GB	3-pun yosou - umaban club	Sports with Animals
GB	4 in 1	Board
GB	4-in-1 fun pak	Board
GB	aa harimanada	Action
GB	4-in-1 funpak - volume ii	Board
GB	a-mazing tater	Strategy
GB	addams family, the	Platform
GB	adventure island	Platform
GB	adventure island ii - aliens in paradise	Platform
GB	adventures of pinocchio, the	Platform
GB	adventures of lolo	Action
GB	addams family, the - pugsley's scavenger hunt	Platform
GB	adventures of rocky and bullwinkle and friends, the	Platform
GB	aerostar	Action
GB	after burst	Action
GB	adventures of star saver, the	Platform
GB	agro soar	Platform
GB	akazukin chacha	Role-playing (RPG)
GB	akumajou dracula - shikkoku taru zensoukyoku - dark night prelude	Platform
GB	akumajou special - boku dracula-kun	Adventure
GB	aladdin	Platform
GB	alfred chicken	Platform
GB	alien 3	Shooter
GB	alien olympics	Sports
GB	alien vs predator	Platform
GB	alien vs predator - the last of his clan	Platform
GB	alleyway	Action
GB	all-star baseball 99	Sports
GB	altered space - a 3-d alien adventure	Puzzle
GB	amazing penguin	Action
GB	america oudan ultra quiz	Quiz
GB	amazing spider-man, the	Platform
GB	america oudan ultra quiz part 2	Quiz
GB	america oudan ultra quiz part 3 - champion taikai	Quiz
GB	america oudan ultra quiz part 4	Quiz
GB	amida	Action
GB	animal breeder	Strategy
GB	animaniacs	Platform
GB	animal breeder 2	Strategy
GB	another bible	Role-playing (RPG)
GB	aoki densetsu shoot!	Sports
GB	arcade classic no. 1 - asteroids & missile command	Shoot'em Up
GB	arcade classic no. 2 - centipede & millipede	Compilation
GB	arcade classic no. 4 - defender & joust	Action
GB	arcade classic no. 3 - galaga & galaxian	Compilation
GB	arcade classics - super breakout & battlezone	Action
GB	aretha	Role-playing (RPG)
GB	aretha ii	Role-playing (RPG)
GB	aretha iii	Role-playing (RPG)
GB	asmik-kun world 2	Action
GB	asterix	Platform
GB	asterix & obelix	Platform
GB	asteroids	Action
GB	astro rabby	Platform
GB	atomic punk	Puzzle
GB	attack of the killer tomatoes	Platform
GB	avenging spirit	Platform
GB	ayakashi no shiro	Role-playing (RPG)
GB	b.c. kid	Platform
GB	baby t-rex	Platform
GB	b.c. kid 2	Platform
GB	bakenou tv '94	Sports with Animals
GB	bakenou v3	Sports with Animals
GB	bakuchou retrieve master	Role-playing (RPG)
GB	bakuchou retsuden shou - hyper fishing	Hunting and Fishing
GB	bakuretsu senshi warrior	Puzzle
GB	bamse	Platform
GB	balloon kid	Platform
GB	barbie - game girl	Action
GB	banishing racer	Platform
GB	bart no survival camp	Platform
GB	bart simpson's escape from camp deadly	Platform
GB	baseball kids	Sports
GB	baseball	Sports
GB	bass fishing tatsujin techou	Hunting and Fishing
GB	bases loaded	Sports
GB	bataille navale	Strategy
GB	batman - return of the joker	Platform
GB	batman forever	Beat'em Up
GB	batman - the video game	Platform
GB	batman - the animated series	Platform
GB	battle arena toshinden	Action
GB	battle bull	Action
GB	battle crusher	Fighting
GB	battle dodge ball	Sports
GB	battle of kingdom	Card
GB	battle of olympus, the	Adventure
GB	battle pingpong	Sports
GB	battle unit zeoth	Action
GB	battlecity	Action
GB	battle space	Action
GB	battleship	Strategy
GB	battletoads	Beat'em Up
GB	battletoads in ragnarok's world	Beat'em Up
GB	battletoads-double dragon	Beat'em Up
GB	beethoven	Platform
GB	beavis and butt-head	Adventure
GB	beetlejuice	Platform
GB	best of the best - championship karate	Sports
GB	bill & ted's excellent game boy adventure - a bogus journey!	Adventure
GB	bikkuri nekketsu shin kiroku! - dokodemo kin medal	Sports
GB	bill elliott's nascar fast tracks	Racing
GB	bionic battler	Action
GB	bionic commando	Platform
GB	bishoujo senshi sailor moon r	Adventure
GB	bishoujo senshi sailor moon	Beat'em Up
GB	black bass - lure fishing	Hunting and Fishing
GB	blades of steel	Sports
GB	blaster master boy	Action
GB	blaster master jr.	Action
GB	block kuzushi gb	Action
GB	blodia	Puzzle
GB	blues brothers, the	Platform
GB	blues brothers, the - jukebox adventure	Platform
GB	bo jackson - two games in one	Sports
GB	boggle plus	Board
GB	bokujou monogatari gb	Simulation
GB	bomb jack	Platform
GB	bomber boy	Puzzle
GB	bomberman collection	Action
GB	bomberman gb	Action
GB	bomber king - scenario 2	Action
GB	bomberman gb 3	Action
GB	bomberman gb 2	Action
GB	bonk's adventure	Platform
GB	booby boys	Action
GB	bonk's revenge	Platform
GB	boomer's adventure in asmik world	Action
GB	bouken! puzzle road	Puzzle
GB	boulder dash	Action
GB	boxxle	Strategy
GB	boxing	Sports
GB	boxxle ii	Puzzle
GB	brain bender	Puzzle
GB	brain drain	Puzzle
GB	bram stoker's dracula	Platform
GB	breakthru!	Puzzle
GB	bubble bobble	Platform
GB	bubble bobble part 2	Platform
GB	bubble bobble junior	Platform
GB	bubble ghost	Action
GB	bubsy ii	Platform
GB	bugs bunny collection	Action
GB	bugs bunny crazy castle 2, the	Strategy
GB	bugs bunny crazy castle, the	Strategy
GB	burai senshi deluxe	Shoot'em Up
GB	burai fighter deluxe	Shoot'em Up
GB	burgertime deluxe	Platform
GB	burning paper	Puzzle
GB	bust-a-move 2 - arcade edition	Puzzle
GB	bust-a-move 3 dx	Puzzle
GB	buster bros.	Action
GB	cadillac ii	Gambling
GB	caesars palace	Gambling
GB	capcom quiz - hatena no daibouken	Quiz
GB	captain america and the avengers	Beat'em Up
GB	captain tsubasa j - zenkoku seiha e no chousen	Sports
GB	captain tsubasa vs	Sports
GB	card game	Card
GB	casino funpak	Gambling
GB	casper	Adventure
GB	castelian	Platform
GB	castle quest	Role-playing (RPG)
GB	castlevania - the adventure	Action
GB	castlevania ii - belmont's revenge	Platform
GB	castlevania legends	Platform
GB	catrap	Puzzle
GB	cave noire	Role-playing (RPG)
GB	centipede	Action
GB	chachamaru boukenki 3 - abyss no tou	Role-playing (RPG)
GB	chachamaru panic	Action
GB	chalvo 55 - super puzzle action	Platform
GB	championship pool	Sports
GB	chase h.q.	Racing
GB	chessmaster, the	Board
GB	chibi maruko-chan - maruko deluxe theater	Adventure
GB	chibi maruko-chan - okozukai daisakusen!	Role-playing (RPG)
GB	chibi maruko-chan 3 - mezase! game taishou no maki	Action
GB	chiki chiki machine mou race	Racing
GB	chibi maruko-chan 2 - deluxe maruko world	Adventure
GB	chibi maruko-chan 4 - kore ga nihon da yo! ouji-sama	Board
GB	chiki chiki tengoku	Puzzle
GB	chikyuu kaihou gun zas	Shoot'em Up
GB	choplifter ii	Shooter
GB	choplifter ii - rescue & survive	Shooter
GB	chou mashin eiyuu den wataru - mazekko monster	Role-playing (RPG)
GB	choplifter iii	Shooter
GB	chou mashin eiyuu den wataru - mazekko monster 2	Role-playing (RPG)
GB	chousoku spinner	Adventure
GB	chuck rock	Platform
GB	cliffhanger	Platform
GB	collection pocket	Compilation
GB	college slam	Sports
GB	contra	Shooter
GB	contra - the alien wars	Shooter
GB	contra spirits	Shooter
GB	cool ball	Platform
GB	cool hand	Gambling
GB	cool spot	Platform
GB	cool world	Platform
GB	cosmo tank	Action
GB	crayon shin-chan - ora no gokigen collection	Action
GB	crayon shin-chan 2 - ora to wanpaku gokko dazo	Platform
GB	crayon shin-chan - ora to shiro wa otomodachi da yo	Platform
GB	crayon shin-chan 3 - ora no gokigen athletic	Action
GB	crayon shin-chan 4 - ora no itazura daihenshin	Platform
GB	crystal quest	Adventure
GB	cult jump	Quiz
GB	cult master - ultraman ni miserarete	Quiz
GB	cutthroat island	Platform
GB	cyraid	Puzzle
GB	daedalian opus	Puzzle
GB	dai-2-ji super robot taisen g	Role-playing (RPG)
GB	daffy duck	Action
GB	daikaijuu monogatari - the miracle of the zone	Role-playing (RPG)
GB	daiku no gen-san - ghost building company	Platform
GB	daiku no gen-san - robot teikoku no yabou	Action
GB	daisenryaku	Strategy
GB	darkman	Beat'em Up
GB	darkwing duck	Platform
GB	david crane's the rescue of princess blobette	Platform
GB	days of thunder	Racing
GB	dead heat scramble	Racing
GB	deadeus	Adventure
GB	dennis	Platform
GB	dennis the menace	Platform
GB	desert strike - return to the gulf	Shooter
GB	diablo	Role-playing (RPG)
GB	dexterity	Puzzle
GB	dig dug	Action
GB	dick tracy	Platform
GB	dino breeder	Simulation
GB	dino breeder 2	Simulation
GB	dirty racing	Racing
GB	dodge boy	Sports
GB	donkey kong	Platform
GB	donkey kong land	Platform
GB	donkey kong land 2	Platform
GB	donkey kong land iii	Platform
GB	doraemon 2 - animal planet densetsu	Action
GB	doraemon kart	Racing
GB	doraemon - taiketsu himitsudougu!!	Action
GB	doraemon no game boy de asobouyo deluxe 10	Action
GB	doraemon no study boy 1 - shou 1 kokugo kanji	Educational
GB	doraemon no study boy 2 - shou 1 sansuu keisan	Educational
GB	doraemon no study boy 3 - ku ku master	Educational
GB	doraemon no study boy 4 - shou ni kokugo kanji	Educational
GB	doraemon no study boy 6 - gakushuu kanji master 1006	Educational
GB	doraemon no study boy 5 - shou 2 sansuu keisan	Educational
GB	double dragon	Beat'em Up
GB	double dragon 3 - the arcade game	Beat'em Up
GB	double dragon ii	Beat'em Up
GB	double yakuman	Board
GB	double dribble - 5 on 5	Sports
GB	double yakuman ii	Board
GB	double yakuman jr.	Board
GB	downtown - nekketsu koushinkyoku - dokodemo daiundoukai	Action
GB	dr. franken	Platform
GB	dr. franken ii	Platform
GB	dr. mario	Puzzle
GB	dracula densetsu	Action
GB	dracula densetsu ii	Platform
GB	dragon ball z - gokuu gekitouden	Role-playing (RPG)
GB	dragon ball z - gokuu hishouden	Role-playing (RPG)
GB	dragon slayer gaiden - nemuri no oukan	Role-playing (RPG)
GB	dragon slayer i	Role-playing (RPG)
GB	dragon tail	Action
GB	dragon's lair	Adventure
GB	dragon's lair - the legend	Adventure
GB	dragonborne	Role-playing (RPG)
GB	dragonheart	Adventure
GB	dropzone	Shoot'em Up
GB	druaga no tou	Role-playing (RPG)
GB	ducktales	Action
GB	ducktales 2	Action
GB	dungeon land	Card
GB	dx bakenou z	Sports with Animals
GB	earthworm jim	Platform
GB	dynablaster	Puzzle
GB	eddie's puzzle time	Puzzle
GB	elevator action	Platform
GB	exodus - journey to the promised land	Action
GB	elite soccer	Sports
GB	extra bases	Sports
GB	f-1 race	Racing
GB	f-1 spirit	Racing
GB	f-15 strike eagle ii	Simulation
GB	f-15 strike eagle	Simulation
GB	f1 boy	Racing
GB	f1 challenge	Racing
GB	f1 pole position	Racing
GB	faceball 2000	Shooter
GB	family jockey	Sports with Animals
GB	family jockey 2 - meiba no kettou	Sports with Animals
GB	famista	Sports
GB	famista 2	Sports
GB	famista 3	Sports
GB	fastest lap	Racing
GB	felix the cat	Platform
GB	ferrari	Racing
GB	ferrari grand prix challenge	Racing
GB	fidgetts, the	Platform
GB	fifa - road to world cup 98	Sports
GB	fifa international soccer	Sports
GB	fifa soccer 96	Simulation
GB	fifa soccer 97	Sports
GB	fighting simulator 2 in 1 - flying warriors	Platform
GB	final fantasy adventure	Role-playing (RPG)
GB	final fantasy legend ii	Role-playing (RPG)
GB	final fantasy legend iii	Role-playing (RPG)
GB	final fantasy legend, the	Role-playing (RPG)
GB	final reverse	Shoot'em Up
GB	fire fighter	Platform
GB	fish dude	Action
GB	fist of the north star	Action
GB	flappy special	Puzzle
GB	flash, the	Platform
GB	fleet commander vs.	Strategy
GB	flintstones, the	Platform
GB	flintstones, the - king rock treasure island	Platform
GB	flipull	Puzzle
GB	flipull - an exciting cube game	Puzzle
GB	football international	Sports
GB	foreman for real	Sports
GB	fortified zone	Shooter
GB	frank thomas big hurt baseball	Simulation
GB	franky, joe & dirk - on the tiles	Puzzle
GB	frogger	Action
GB	from tv animation slam dunk 2 - zenkoku e no tip off	Sports
GB	funny field	Puzzle
GB	fushigi na blobby - princess blob o sukue!	Platform
GB	fushigi no dungeon - fuurai no shiren gb - tsukikage mura no kaibutsu	Role-playing (RPG)
GB	g arms - operation gundam	Action
GB	galaga & galaxian	Compilation
GB	game & watch gallery	Compilation
GB	game boy camera	Action
GB	game boy controller kensa cartridge	Strategy
GB	game boy camera gold	Action
GB	game boy gallery	Compilation
GB	game boy gallery - 5 games in 1	Compilation
GB	game boy gallery 2	Compilation
GB	game boy wars	Strategy
GB	game boy wars turbo	Strategy
GB	game boy wars turbo - famitsu version	Strategy
GB	game de hakken!! tamagotchi	Simulation
GB	game de hakken!! tamagotchi - osutchi to mesutchi	Strategy
GB	game of harmony, the	Strategy
GB	gamera - daikaijuu kuuchuu kessen	Strategy
GB	ganbare goemon - sarawareta ebisumaru	Action
GB	ganbare goemon - kurofunetou no nazo	Role-playing (RPG)
GB	ganso!! yancha maru	Platform
GB	garfield labyrinth	Puzzle
GB	gargoyle's quest	Platform
GB	gauntlet ii	Action
GB	gb basketball	Sports
GB	gb genjin land - viva! chikkun oukoku	Platform
GB	gb genjin 2	Platform
GB	gb genjin	Platform
GB	gb pachi-slot hisshouhou! jr.	Gambling
GB	gegege no kitarou - youkai souzoushu arawaru!	Role-playing (RPG)
GB	gear works	Puzzle
GB	gekitou power modeller	Fighting
GB	gem gem	Puzzle
GB	genjin collection	Platform
GB	genjin cottsu	Action
GB	genki bakuhatsu gambaruger	Fighting
GB	george foreman's ko boxing	Sports
GB	gerry anderson's thunderbirds	Action
GB	getaway, the - high speed ii	Pinball
GB	ghostbusters ii	Shooter
GB	gi king! - sanbiki no yosouya	Sports
GB	ginga - card & puzzle collection	Puzzle
GB	go go ackman	Action
GB	go! go! hitchhike	Board
GB	go! go! tank	Strategy
GB	goal!	Sports
GB	god medicine - fantasy sekai no tanjou	Role-playing (RPG)
GB	godzilla	Action
GB	god medicine - fukkokuban	Role-playing (RPG)
GB	gojira-kun - kaijuu daikoushin	Action
GB	golf	Sports
GB	golf classic	Sports
GB	goukaku boy series - eitango target 1900	Educational
GB	goukaku boy series - eiken 2kyuu level no kaiwa hyougen 333	Educational
GB	goukaku boy series - koukou nyuushi derujun - chuugaku eitango 1700	Educational
GB	gradius - the interstellar assault	Shoot'em Up
GB	great greed	Role-playing (RPG)
GB	grander musashi rv	Hunting and Fishing
GB	gremlins 2 - the new batch	Platform
GB	hal wrestling	Sports
GB	hammerin' harry	Platform
GB	hammerin' harry - ghost building company	Platform
GB	harvest moon gb	Simulation
GB	hatris	Puzzle
GB	hayaoshi quiz - ouza ketteisen	Quiz
GB	head on	Racing
GB	heavyweight championship boxing	Sports
GB	heiankyo alien	Strategy
GB	heiankyou alien	Strategy
GB	heracles no eikou - ugokidashita kamigami	Role-playing (RPG)
GB	heisei tensai bakabon	Action
GB	hiden inyou kikouhou - ca da	Puzzle
GB	hercules	Platform
GB	hero shuugou!! pinball party	Pinball
GB	higashio osamu kanshuu pro yakyuu stadium '91	Sports
GB	high stakes gambling	Gambling
GB	higashio osamu kanshuu pro yakyuu stadium '92	Sports
GB	hiryuu no ken gaiden	Platform
GB	hit the ice - vhl - the official video hockey league	Sports
GB	hoi hoi - game boy ban	Strategy
GB	hitori de dekirumon! - cooking densetsu	Role-playing (RPG)
GB	hokuto no ken - seizetsu juuban shoubu	Action
GB	home alone	Platform
GB	hon shougi	Board
GB	home alone 2 - lost in new york	Platform
GB	hong kong	Board
GB	honmei boy	Sports with Animals
GB	honoo no toukyuuji - dodge danpei	Sports
GB	hook	Platform
GB	hoshi no kirby	Platform
GB	hudson hawk	Platform
GB	hoshi no kirby 2	Platform
GB	hugo	Platform
GB	hugo 2	Platform
GB	humans, the	Strategy
GB	hunchback of notre dame, the - 5 foolishly fun topsy turvy games	Compilation
GB	hunt for red october, the	Action
GB	hyper black bass	Hunting and Fishing
GB	hyper black bass '95	Hunting and Fishing
GB	hyper dunk	Sports
GB	hyper lode runner	Action
GB	ikari no yousai	Shooter
GB	ikari no yousai 2	Shooter
GB	in your face	Sports
GB	incredible crash dummies, the	Action
GB	indiana jones - saigo no seisen	Platform
GB	indiana jones and the last crusade	Platform
GB	indien dans la ville, un	Platform
GB	infogenius productivity pak - berlitz spanish translator	Various
GB	infogenius productivity pak - frommer's travel guide	Various
GB	infogenius productivity pak - personal organizer and phone book	Various
GB	infogenius productivity pak - spell checker and calculator	Various
GB	initial d gaiden	Racing
GB	infogenius systems - personal organizer with phone book	Various
GB	international superstar soccer	Sports
GB	ippatsu gyakuten! dx bakenou	Sports with Animals
GB	ishida yoshio tsumego paradise	Card
GB	ishido - the way of stones	Puzzle
GB	itsudemo! nyan to wonderful	Strategy
GB	j.league big wave soccer	Sports
GB	j.league fighting soccer - the king of ace strikers	Sports
GB	j.league live 95	Sports
GB	j.league winning goal	Sports
GB	jack nicklaus golf	Sports
GB	jaleco j.cup soccer	Sports
GB	james bond 007	Adventure
GB	jankenman	Action
GB	janshirou ii - sekai saikyou no janshi	Card
GB	janshirou	Card
GB	jantaku boy	Card
GB	jeep jamboree - off-road adventure	Racing
GB	jelly boy	Action
GB	jeopardy!	Quiz
GB	jeopardy! - platinum edition	Quiz
GB	jeopardy! - sports edition	Quiz
GB	jeopardy! - teen tournament	Quiz
GB	jet pack	Compilation
GB	jetsons, the - robot panic	Platform
GB	jikuu senki mu	Role-playing (RPG)
GB	jimmy connors no pro tennis tour	Sports
GB	jimmy connors tennis	Sports
GB	jinsei game densetsu	Board
GB	joe & mac	Platform
GB	joe & mac - caveman ninja	Platform
GB	jordan vs bird - one on one	Sports
GB	joshua & the battle of jericho	Puzzle
GB	judge dredd	Platform
GB	jungle book, the	Platform
GB	jungle no ouja tar-chan	Action
GB	jungle strike	Shooter
GB	jungle wars	Role-playing (RPG)
GB	jurassic park	Adventure
GB	jurassic park part 2 - the chaos continues	Platform
GB	kachiuma yosou keiba kizoku	Sports with Animals
GB	kachiuma yosou keiba kizoku ex '94	Sports with Animals
GB	kachiuma yosou keiba kizoku ex '95	Sports with Animals
GB	kaeru no tame ni kane wa naru	Action
GB	kaijuu ou gojira	Action
GB	kaisen game - navyblue	Strategy
GB	kaisen game - navyblue 90	Strategy
GB	kaisen game - radarmission	Strategy
GB	kakomunja	Action
GB	kamen rider sd - hashire! mighty riders	Racing
GB	kandume monsters	Simulation
GB	karakuri kengou den musashi lord	Action
GB	karamuchou no daijiken	Action
GB	kaseki sousei reborn	Role-playing (RPG)
GB	kattobi road	Racing
GB	keitai keiba eight special	Sports with Animals
GB	ken griffey jr. presents major league baseball	Sports
GB	kenyuu densetsu yaiba	Role-playing (RPG)
GB	kick boxing, the	Sports
GB	kid dracula	Adventure
GB	kid icarus - of myths and monsters	Action
GB	kidou keisatsu patlabor - nerawareta machi 1990	Adventure
GB	kikou keisatsu metal jack	Strategy
GB	killer instinct	Action
GB	king james bible	Various
GB	king of fighters '95, the	Action
GB	king of fighters, the - heat of battle	Fighting
GB	king of the zoo	Sports
GB	kingdom crusade	Strategy
GB	kingyo chuuihou! - wapiko no wakuwaku stamp rally!	Racing
GB	kinin koumaroku oni	Role-playing (RPG)
GB	kinnikuman - the dream match	Sports
GB	kirby no block ball	Action
GB	kirby no kirakira kids	Puzzle
GB	kirby no pinball	Pinball
GB	kirby's block ball	Action
GB	kirby's dream land	Platform
GB	kirby's dream land 2	Platform
GB	kirby's pinball land	Pinball
GB	kirby's star stacker	Puzzle
GB	kitchen panic	Action
GB	kizuchi da quiz da gen-san da!	Quiz
GB	kiteretsu daihyakka - bouken ooedo juraki	Action
GB	klax	Puzzle
GB	klustar	Puzzle
GB	knight quest	Role-playing (RPG)
GB	koi wa kakehiki	Puzzle
GB	konami gb collection vol.1	Compilation
GB	konami gb collection vol.2	Compilation
GB	konami gb collection vol.4	Compilation
GB	konami gb collection vol.3	Compilation
GB	konami golf	Sports
GB	konamic basket	Sports
GB	konamic golf	Sports
GB	konchuu hakase	Strategy
GB	konamic sports in barcelona	Sports
GB	konamic ice hockey	Sports
GB	koro dice	Puzzle
GB	koukiatsu boy	Role-playing (RPG)
GB	krusty world	Puzzle
GB	krusty's fun house	Puzzle
GB	kung-fu master	Action
GB	kuusou kagaku sekai gulliver boy - kuusou kagaku puzzle purittopon!!	Puzzle
GB	kwirk - he's a-maze-ing!	Puzzle
GB	kyoro-chan land	Platform
GB	lamborghini american challenge	Racing
GB	last action hero	Beat'em Up
GB	lawnmower man, the	Platform
GB	lazlos' leap	Puzzle
GB	legend - ashita e no tsubasa	Action
GB	legend of the river king gb	Role-playing (RPG)
GB	legend of prince valiant, the	Strategy
GB	legend of zelda, the - link's awakening	Role-playing (RPG)
GB	legend of zelda, the - link's awakening dx	Role-playing (RPG)
GB	lemmings	Strategy
GB	lemmings 2 - the tribes	Puzzle
GB	lethal weapon	Beat'em Up
GB	lion king, the	Platform
GB	lingo	Puzzle
GB	litti's summer sports	Sports
GB	little mermaid, the	Platform
GB	little master 2 - raikou no kishi	Strategy
GB	little master - raikuban no densetsu	Strategy
GB	lolo no daibouken	Action
GB	lock n' chase ~ lock 'n' chase	Action
GB	looney tunes	Platform
GB	looney tunes - bugs bunny to yukai na nakama-tachi	Platform
GB	looney tunes 2 - tasmanian devil in island chase	Platform
GB	looney tunes series - daffy duck	Action
GB	loopz	Puzzle
GB	lost world, the - jurassic park	Platform
GB	lucky luke	Platform
GB	lucky monkey	Platform
GB	lucle	Puzzle
GB	lunar chase	Action
GB	lunar lander	Action
GB	madden 95	Sports
GB	madden 97	Sports
GB	madden 96	Sports
GB	maerchen club	Strategy
GB	magic knight rayearth	Role-playing (RPG)
GB	magic knight rayearth 2nd. - the missing colors	Role-playing (RPG)
GB	magnetic soccer	Sports
GB	mahoujin guruguru - yuusha to kukuri no daibouken	Role-playing (RPG)
GB	makai toushi sa-ga	Role-playing (RPG)
GB	malibu beach volleyball	Sports
GB	makaimura gaiden - the demon darkness	Platform
GB	marble madness	Action
GB	mario & yoshi	Puzzle
GB	mario's picross	Puzzle
GB	maru's mission	Platform
GB	masakari densetsu - kintarou action hen	Action
GB	masakari densetsu - kintarou rpg hen	Role-playing (RPG)
GB	master karateka	Fighting
GB	matthias sammer soccer	Sports
GB	maus, die	Puzzle
GB	maui mallard in cold shadow	Platform
GB	mcdonaldland	Platform
GB	medarot - kabuto version	Role-playing (RPG)
GB	max	Platform
GB	medarot - kuwagata version	Role-playing (RPG)
GB	medarot - parts collection	Role-playing (RPG)
GB	medarot - parts collection 2	Role-playing (RPG)
GB	mega man - dr. wily's revenge	Platform
GB	mega man ii	Platform
GB	mega man iii	Platform
GB	mega man iv	Platform
GB	mega man v	Platform
GB	megalit	Puzzle
GB	megami tensei gaiden - last bible	Role-playing (RPG)
GB	megami tensei gaiden - last bible ii	Shooter
GB	meitantei conan - chika yuuenchi satsujin jiken	Adventure
GB	meitantei conan - giwaku no gouka ressha	Adventure
GB	mercenary force	Shoot'em Up
GB	metal masters	Fighting
GB	metroid ii - return of samus	Platform
GB	mickey mouse	Platform
GB	mickey mouse - magic wands!	Puzzle
GB	mickey mouse ii	Platform
GB	mickey mouse iv - mahou no labyrinth	Platform
GB	mickey mouse v	Puzzle
GB	mickey's chase	Platform
GB	mickey's dangerous chase	Platform
GB	mickey's ultimate challenge	Puzzle
GB	micro machines	Racing
GB	micro machines 2 - turbo tournament	Racing
GB	midori no makibaou	Racing
GB	mighty morphin power rangers	Beat'em Up
GB	mighty morphin power rangers - the movie	Beat'em Up
GB	migrain	Puzzle
GB	mikeneko holmes no kishidou	Adventure
GB	milon no meikyuu kumikyoku	Platform
GB	milon's secret castle	Platform
GB	miner 2049er starring bounty bob	Platform
GB	minesweeper - soukaitei	Puzzle
GB	mini putt	Sports
GB	mini 4 boy ii	Strategy
GB	mini yonku gb let's & go!! - all-star battle max	Strategy
GB	mini yonku gb let's & go!!	Strategy
GB	mini-putt	Sports
GB	miracle adventure of esparks - ushinawareta seiseki perivron	Platform
GB	missile command	Action
GB	mogu mogu gombo - harukanaru chou ryouri densetsu	Role-playing (RPG)
GB	mogura de pon!	Action
GB	moguranya	Action
GB	mole mania	Action
GB	momotarou collection	Compilation
GB	momotarou collection 2	Compilation
GB	momotarou densetsu gaiden	Role-playing (RPG)
GB	momotarou dengeki 2	Action
GB	momotarou dengeki	Action
GB	momotarou dentetsu jr. - zenkoku ramen meguri no maki	Card
GB	monde perdu, le - jurassic park	Platform
GB	money idol exchanger	Puzzle
GB	monopoly	Board
GB	monster maker - barcode saga	Strategy
GB	monster maker	Role-playing (RPG)
GB	monster max	Action
GB	monster maker 2 - uru no hiken	Role-playing (RPG)
GB	monster race	Role-playing (RPG)
GB	monster race okawari	Role-playing (RPG)
GB	monster truck wars	Action
GB	monster truck	Racing
GB	montezuma's return!	Platform
GB	mortal kombat	Action
GB	mortal kombat - shinken kourin densetsu	Action
GB	mortal kombat & mortal kombat ii	Compilation
GB	mortal kombat 3	Action
GB	mortal kombat ii	Fighting
GB	mortal kombat ii - kyuukyoku shinken	Fighting
GB	motocross maniacs	Racing
GB	mouse trap hotel	Platform
GB	mr. chin's gourmet paradise	Platform
GB	mr. do!	Puzzle
GB	mr. go no baken tekichuu jutsu	Strategy
GB	mr. nutz	Platform
GB	ms. pac-man	Action
GB	muhammad ali heavyweight boxing	Sports
GB	mulan	Action
GB	mvp baseball	Sports
GB	mysterium	Action
GB	mystic quest	Role-playing (RPG)
GB	mystical ninja starring goemon	Role-playing (RPG)
GB	nada asatarou & kojima takeo no jissen mahjong kyoushitsu	Board
GB	nada asatarou no powerful mahjong - tsugi no itte 100 dai	Board
GB	nail 'n scale	Action
GB	nakajima satoru - f-1 hero gb - world championship '91	Racing
GB	nakajima satoru kanshuu - f-1 hero gb '92 - the graded driver	Racing
GB	namco gallery vol.1	Compilation
GB	namco classic	Sports
GB	namco gallery vol.2	Compilation
GB	namco gallery vol.3	Compilation
GB	nangoku shounen papuwa-kun - ganmadan no yabou	Puzzle
GB	navy seals	Platform
GB	navyblue 98	Strategy
GB	nba all-star challenge	Sports
GB	nba all-star challenge 2	Sports
GB	nba jam	Action
GB	nba jam - tournament edition	Sports
GB	nectaris gb	Strategy
GB	nba live 96	Simulation
GB	nekketsu kouha kunio-kun - bangai rantou hen	Beat'em Up
GB	nekketsu koukou soccer-bu - world cup hen	Sports
GB	nekketsu koukou dodgeball-bu - kyouteki! dodge soldier no maki	Sports
GB	nekketsu! beach volley da yo kunio-kun	Sports
GB	nekojara monogatari	Role-playing (RPG)
GB	nemesis	Shoot'em Up
GB	nemesis ii	Shoot'em Up
GB	nettou garou densetsu 2 - aratanaru tatakai	Fighting
GB	nemesis ii - the return of the hero	Shoot'em Up
GB	nettou real bout garou densetsu special	Fighting
GB	nettou samurai spirits	Fighting
GB	nettou samurai spirits - zankurou musouken	Fighting
GB	nettou the king of fighters '95	Action
GB	nettou the king of fighters '96	Fighting
GB	nettou toushinden	Action
GB	new chessmaster, the	Board
GB	nettou world heroes 2 jet	Fighting
GB	nfl football	Sports
GB	nfl quarterback club '95	Sports
GB	nfl quarterback club	Sports
GB	nfl quarterback club 96	Sports
GB	nfl quarterback club ii	Sports
GB	nichibutsu mahjong - yoshimoto gekijou	Board
GB	nhl hockey 95	Sports
GB	nigel mansell's world championship	Racing
GB	nigel mansell's world championship racing	Racing
GB	nihon daihyou team - eikou no eleven	Sports
GB	nihon daihyou team france de ganbare! - j.league supporter soccer	Sports
GB	ninja boy	Adventure
GB	ninja boy 2	Adventure
GB	ninja ryuuken den - matenrou kessen	Platform
GB	ninja gaiden shadow	Platform
GB	ninja taro	Role-playing (RPG)
GB	nintama rantarou gb	Puzzle
GB	nintendo world cup	Sports
GB	niv bible & the 20 lost levels of joshua	Various
GB	nobunaga no yabou - game boy ban	Strategy
GB	nontan to issho - kurukuru puzzle	Puzzle
GB	nobunaga's ambition	Strategy
GB	noobow	Platform
GB	oddworld adventures	Platform
GB	oira jajamaru! sekai daibouken	Platform
GB	olympic summer games	Sports
GB	oni ii - oni densetsu	Role-playing (RPG)
GB	oni iii - kuro no hakaishin	Role-playing (RPG)
GB	oni iv - kijin no ketsuzoku	Role-playing (RPG)
GB	oni v - oni wo tsugumono	Role-playing (RPG)
GB	onigashima pachinkoten	Gambling
GB	operation c	Shooter
GB	osawagase! penguin boy	Action
GB	othello	Board
GB	othello world	Board
GB	otogibanashi taisen	Role-playing (RPG)
GB	otto's ottifanten - baby bruno's alptraum	Platform
GB	out of gas	Action
GB	outburst	Action
GB	oyatsu quiz mogu mogu q	Quiz
GB	p-man gb	Platform
GB	pac-attack	Puzzle
GB	pac-in-time	Platform
GB	pac-panic	Puzzle
GB	pac-man	Action
GB	pachi-slot hisshou guide gb	Gambling
GB	pachi-slot kids	Gambling
GB	pachi-slot kids 3	Gambling
GB	pachi-slot kids 2	Gambling
GB	pachi-slot world cup '94	Gambling
GB	pachinko cr daiku no gen-san gb	Gambling
GB	pachinko data card - chou ataru-kun	Gambling
GB	pachinko kaguya hime	Gambling
GB	pachinko monogatari gaiden	Gambling
GB	pachio-kun	Gambling
GB	pachinko saiyuuki	Gambling
GB	pachinko time	Gambling
GB	pachio-kun - puzzle castle	Puzzle
GB	pachio-kun 2	Gambling
GB	pachio-kun 3	Gambling
GB	pachio-kun game gallery	Gambling
GB	pagemaster, the	Platform
GB	painter momopie	Action
GB	palamedes	Puzzle
GB	panel action bingo	Card
GB	pang	Action
GB	panel no ninja kesamaru	Puzzle
GB	paperboy	Sports
GB	paperboy 2	Sports
GB	parasol henbee	Action
GB	parasol stars - rainbow islands ii	Platform
GB	parodius	Action
GB	parodius da!	Action
GB	peetan	Puzzle
GB	penguin land	Platform
GB	penguin wars	Sports
GB	penta dragon	Shoot'em Up
GB	penguin-kun wars vs.	Sports
GB	pga european tour	Simulation
GB	pga tour 96	Sports
GB	phantasm	Platform
GB	phantom air mission	Simulation
GB	picross 2	Puzzle
GB	pinball - 66hiki no wani daikoushin!	Pinball
GB	pierre le chef is... out to lunch	Platform
GB	pinball - revenge of the 'gator	Pinball
GB	pinball deluxe	Compilation
GB	pinball dreams	Pinball
GB	pinball fantasies	Pinball
GB	pinball mania	Pinball
GB	pinocchio	Platform
GB	pipe dream	Puzzle
GB	pit-fighter	Fighting
GB	pitman	Puzzle
GB	play action football	Sports
GB	pocket bass fishing	Hunting and Fishing
GB	pocahontas	Platform
GB	pocket battle	Strategy
GB	pocket bomberman	Platform
GB	pocket camera	Action
GB	pocket densha	Simulation
GB	pocket family gb	Strategy
GB	pocket golf	Sports
GB	pocket love	Simulation
GB	pocket love 2	Simulation
GB	pocket monsters - aka	Role-playing (RPG)
GB	pocket mahjong	Board
GB	pocket monsters - ao	Role-playing (RPG)
GB	pocket monsters - midori	Role-playing (RPG)
GB	pocket monsters - pikachu	Role-playing (RPG)
GB	pocket puyo puyo tsuu	Puzzle
GB	pocket monsters yellow	Role-playing (RPG)
GB	pocket shougi	Board
GB	pocket stadium	Sports
GB	pokemon - blaue edition	Role-playing (RPG)
GB	pokemon - blue version	Role-playing (RPG)
GB	pokemon - edicion amarilla - edicion especial pikachu	Role-playing (RPG)
GB	pokemon - edicion azul	Role-playing (RPG)
GB	pokemon - edicion roja	Role-playing (RPG)
GB	pokemon - gelbe edition - special pikachu edition	Role-playing (RPG)
GB	pokemon - red version	Role-playing (RPG)
GB	pokemon - version bleue	Role-playing (RPG)
GB	pokemon - rote edition	Role-playing (RPG)
GB	pokemon - version jaune - edition speciale pikachu	Role-playing (RPG)
GB	pokemon - version rouge	Role-playing (RPG)
GB	pokemon - versione blu	Role-playing (RPG)
GB	pokemon - versione gialla - speciale edizione pikachu	Role-playing (RPG)
GB	pokemon - yellow version - special pikachu edition	Role-playing (RPG)
GB	pokemon - versione rossa	Role-playing (RPG)
GB	pop up	Action
GB	pop'n twinbee	Action
GB	popeye	Action
GB	popeye 2	Platform
GB	populous	Strategy
GB	populous gaiden	Strategy
GB	power mission	Strategy
GB	power pro gb	Sports
GB	power racer	Racing
GB	pri pri - primitive princess!	Puzzle
GB	prehistorik man	Platform
GB	primal rage	Action
GB	prince of persia	Platform
GB	pro mahjong kiwame gb	Board
GB	pro soccer	Sports
GB	probotector	Shooter
GB	pro wrestling	Sports
GB	probotector 2	Shooter
GB	prophecy - the viking child	Platform
GB	punisher, the - the ultimate payback	Shooter
GB	purikura pocket 3 - talent debut daisakusen	Adventure
GB	purikura pocket - fukanzen joshikousei manual	Adventure
GB	purikura pocket 2 - kareshi kaizou daisakusen	Adventure
GB	puyo puyo	Puzzle
GB	puzzle bobble gb	Puzzle
GB	puzzle boy	Puzzle
GB	puzzle boy ii	Strategy
GB	puzzle nintama rantarou gb	Puzzle
GB	puzznic	Strategy
GB	pyramids of ra	Puzzle
GB	q billion	Strategy
GB	q-bert for game boy	Puzzle
GB	qix	Action
GB	quarth	Puzzle
GB	quiz nihon mukashibanashi - athena no hatena	Quiz
GB	r-type	Action
GB	quiz sekai wa show by shoubai!!	Quiz
GB	r-type ii	Action
GB	race days	Racing
GB	race drivin'	Racing
GB	radar mission	Strategy
GB	racing damashii	Racing
GB	rampart	Action
GB	raging fighter	Action
GB	ranma 1-2 - kakugeki mondou!!	Role-playing (RPG)
GB	ranma 1-2 - netsuretsu kakutou hen	Adventure
GB	ranma 1-2	Puzzle
GB	ray-thunder	Shooter
GB	real ghostbusters, the	Platform
GB	red october o oe!	Action
GB	red arremer - makaimura gaiden	Platform
GB	ren & stimpy show, the - space cadet adventures	Platform
GB	ren & stimpy show, the - veediots!	Platform
GB	rentaiou	Sports with Animals
GB	renju club - gomoku narabe	Board
GB	reservoir rat	Puzzle
GB	riddick bowe boxing	Sports
GB	ring rage	Sports
GB	road rash	Action
GB	roadster	Racing
GB	robin hood - prince of thieves	Action
GB	robocop	Platform
GB	robocop 2	Platform
GB	robocop versus the terminator	Platform
GB	rock'n! monster!!	Puzzle
GB	rockman world	Platform
GB	rockman world 2	Platform
GB	rockman world 3	Platform
GB	rockman world 5	Platform
GB	rodland	Platform
GB	rockman world 4	Platform
GB	roger clemens' mvp baseball	Sports
GB	rolan's curse	Action
GB	rubble saver	Platform
GB	rolan's curse ii	Role-playing (RPG)
GB	rubble saver ii	Platform
GB	sa-ga 2 - hihou densetsu	Role-playing (RPG)
GB	sa-ga 3 - jikuu no hasha	Role-playing (RPG)
GB	saint paradise - saikyou no senshi-tachi	Role-playing (RPG)
GB	sagaia	Shoot'em Up
GB	sakigake!! otoko juku - meioutou kessen	Action
GB	same game	Puzzle
GB	samurai shodown	Fighting
GB	sanrio carnival	Puzzle
GB	sangokushi - game boy ban	Strategy
GB	sanrio carnival 2	Puzzle
GB	schiffe versenken	Strategy
GB	sd gundam - sd sengokuden - kunitori monogatari	Strategy
GB	sd gundam gaiden - lacroan' heroes	Role-playing (RPG)
GB	sd hiryuu no ken gaiden	Fighting
GB	sd hiryuu no ken gaiden 2	Fighting
GB	sd lupin sansei - kinko yaburi daisakusen	Puzzle
GB	sd sengokuden 2 - tenka touitsu hen	Strategy
GB	sd sengokuden 3 - chijou saikyou hen	Strategy
GB	sea battle	Strategy
GB	seaquest dsv	Shooter
GB	seaside volley	Sports
GB	seiken densetsu - final fantasy gaiden	Role-playing (RPG)
GB	selection i & ii - erabareshi mono & ankoku no fuuin	Role-playing (RPG)
GB	selection ii - ankoku no fuuin	Role-playing (RPG)
GB	sengoku ninja-kun	Role-playing (RPG)
GB	serpent	Action
GB	sensible soccer - european champions	Sports
GB	shadow warriors	Platform
GB	shanghai	Board
GB	shanghai pocket	Board
GB	shaq fu	Fighting
GB	shikinjou	Board
GB	shin keiba kizoku pocket jockey	Sports with Animals
GB	shin nihon pro wrestling - toukon sanjuushi	Sports
GB	shin sd gundam gaiden - knight gundam monogatari	Role-playing (RPG)
GB	shinri game, the	Adventure
GB	shippo de bun	Platform
GB	shisenshou - match-mania	Puzzle
GB	shinseiki gpx - cyber formula	Racing
GB	shippuu! iron leaguer	Platform
GB	shougi	Board
GB	shougi saikyou	Board
GB	shounen ashibe - yuuenchi panic	Role-playing (RPG)
GB	shuyaku sentai irem fighter	Strategy
GB	simpsons, the - bart & the beanstalk	Platform
GB	side pocket	Simulation
GB	simpsons, the - bart no jack to mame no ki	Platform
GB	simpsons, the - itchy & scratchy - miniature golf madness	Sports
GB	simpsons, the - bart vs. the juggernauts	Casual Game
GB	skate or die - bad 'n rad	Sports
GB	skate or die - tour de thrash	Sports
GB	small soldiers	Platform
GB	smurfs nightmare, the	Platform
GB	smurfs travel the world, the	Platform
GB	smurfs, the	Platform
GB	snoopy - magic show	Puzzle
GB	sneaky snakes	Platform
GB	snoopy no hajimete no otsukai	Puzzle
GB	snoopy's magic show	Puzzle
GB	snow bros. jr.	Action
GB	snow brothers	Action
GB	soccer	Sports
GB	soccer boy	Sports
GB	soccer mania	Sports
GB	solarstriker	Action
GB	solitaire	Puzzle
GB	soldam	Puzzle
GB	solitaire funpak	Puzzle
GB	solomon's club	Action
GB	sonic 6	Platform
GB	soreyuke!! kid	Puzzle
GB	soreyuke! speedy gonzales	Platform
GB	soukoban	Strategy
GB	soukoban 2	Puzzle
GB	space invaders	Shooter
GB	spanky's quest	Platform
GB	spartan x	Beat'em Up
GB	speedball 2 - brutal deluxe	Sports
GB	spider-man - x-men - arcade's revenge	Platform
GB	speedy gonzales	Platform
GB	spider-man 2	Platform
GB	spider-man 3 - invasion of the spider-slayers	Platform
GB	spirit of f-1, the	Racing
GB	spiritual warfare	Adventure
GB	spirou	Platform
GB	splitz	Puzzle
GB	splitz - nigaoe 15 game	Puzzle
GB	sports illustrated - championship football & baseball	Sports
GB	sports collection	Compilation
GB	sports illustrated - golf classic	Sports
GB	sports illustrated for kids - the ultimate triple dare!	Sports
GB	spot	Puzzle
GB	spot - cool adventure	Platform
GB	spot - the cool adventure	Platform
GB	spud's adventure	Puzzle
GB	spot - the video game	Puzzle
GB	spy vs spy - operation boobytrap	Action
GB	square deal - the game of two-dimensional poker	Gambling
GB	star sweep	Puzzle
GB	star trek - the next generation	Simulation
GB	star trek - 25th anniversary	Adventure
GB	star trek generations - beyond the nexus	Simulation
GB	star wars	Platform
GB	star wars - the empire strikes back	Platform
GB	stargate	Puzzle
GB	stop that roach!	Strategy
GB	starhawk	Shoot'em Up
GB	street fighter ii	Action
GB	street racer	Racing
GB	sumo fighter	Platform
GB	sumou fighter - toukaidou basho	Platform
GB	sunsoft grand prix	Racing
GB	super b-daman - fighting phoenix	Action
GB	super battletank	Simulation
GB	super bikkuriman - densetsu no sekiban	Platform
GB	super black bass	Hunting and Fishing
GB	super black bass pocket	Hunting and Fishing
GB	super bombliss	Puzzle
GB	super black bass pocket 2	Hunting and Fishing
GB	super breakout	Puzzle
GB	super chase h.q.	Racing
GB	super chinese fighter gb	Fighting
GB	super chinese land	Adventure
GB	super chinese land 1-2-3'	Compilation
GB	super chinese land 2	Adventure
GB	super chinese land 3	Role-playing (RPG)
GB	super donkey kong gb	Platform
GB	super hunchback	Platform
GB	super james pond	Platform
GB	super kick off	Sports
GB	super mario 4	Platform
GB	super mario land	Platform
GB	super mario land 2 - 6 golden coins	Platform
GB	super mario land 2 - 6-tsu no kinka	Platform
GB	super mario land 4	Platform
GB	super momotarou dentetsu	Board
GB	super off road	Racing
GB	super momotarou dentetsu ii	Card
GB	super pachinko taisen	Gambling
GB	super r.c. pro-am	Racing
GB	super robot taisen	Role-playing (RPG)
GB	super scrabble	Puzzle
GB	super snakey	Puzzle
GB	super star wars - return of the jedi	Platform
GB	super street basketball 2	Sports
GB	super street basketball	Sports
GB	superman	Platform
GB	suzuki aguri no f-1 super driving	Racing
GB	swamp thing	Platform
GB	sword of hope ii, the	Role-playing (RPG)
GB	sword of hope, the	Role-playing (RPG)
GB	t2 - the arcade game	Shooter
GB	taikyoku renju	Board
GB	taito chase h.q.	Racing
GB	tail 'gator	Platform
GB	taito variety pack	Compilation
GB	taiyou no tenshi marlowe - ohanabatake wa dai-panic	Puzzle
GB	taiyou no yuusha - fighbird gb	Shoot'em Up
GB	takahashi meijin no bouken-jima ii	Platform
GB	takahashi meijin no bouken-jima iii	Platform
GB	takeda nobuhiro no ace striker	Sports
GB	talespin	Shoot'em Up
GB	tamagotchi	Simulation
GB	tasmania monogatari	Platform
GB	tarzan - lord of the jungle	Platform
GB	tasmania story	Platform
GB	taz-mania	Platform
GB	taz-mania 2	Platform
GB	tecmo bowl	Action
GB	teenage mutant hero turtles - fall of the foot clan	Platform
GB	tecmo bowl gb	Action
GB	teenage mutant hero turtles ii - back from the sewers	Platform
GB	teenage mutant hero turtles iii - radical rescue	Platform
GB	teenage mutant ninja turtles	Platform
GB	teenage mutant ninja turtles - fall of the foot clan	Platform
GB	teenage mutant ninja turtles 2	Platform
GB	teenage mutant ninja turtles 3 - turtles kikiippatsu	Platform
GB	teenage mutant ninja turtles ii - back from the sewers	Platform
GB	teenage mutant ninja turtles iii - radical rescue	Platform
GB	teke teke! asmik-kun world	Action
GB	tekichuu rush	Sports with Animals
GB	tekkyu fight! - the great battle gaiden	Action
GB	tenchi o kurau	Role-playing (RPG)
GB	tenjin kaisen	Shoot'em Up
GB	tennis	Sports
GB	tesserae	Puzzle
GB	terminator 2 - judgment day	Platform
GB	tetris	Puzzle
GB	tetris 2	Action
GB	tetris attack	Action
GB	tetris blast	Puzzle
GB	tetris flash	Action
GB	tetris plus	Action
GB	tintin - prisoners of the sun	Platform
GB	tintin in tibet	Platform
GB	tiny toon adventures	Platform
GB	tiny toon adventures - babs' big break	Platform
GB	tiny toon adventures - wacky sports	Sports
GB	tiny toon adventures 2 - buster bunny no kattobi daibouken	Platform
GB	tiny toon adventures 2 - montana's movie madness	Platform
GB	tip off	Sports
GB	tiny toon adventures 3 - dokidoki sport festival	Sports
GB	titus the fox	Platform
GB	tokoro's mahjong jr.	Board
GB	tokio senki - eiyuu retsuden	Strategy
GB	tom & jerry	Platform
GB	tokyo disneyland - mickey no cinderella-jou mystery tour	Action
GB	tom and jerry - frantic antics!	Platform
GB	tom to jerry	Platform
GB	tom to jerry part 2	Platform
GB	top ranking tennis	Sports
GB	top gun - guts & glory	Simulation
GB	top rank tennis	Sports
GB	torpedo range	Shooter
GB	total carnage	Shooter
GB	totsugeki valations	Puzzle
GB	tottemo! lucky man - lucky cookie minna daisuki!!	Board
GB	totsugeki! ponkotsu tank	Action
GB	toxic crusaders	Platform
GB	toy story	Platform
GB	track & field	Sports
GB	track meet	Sports
GB	track meet - mezase! barcelona	Sports
GB	trappers tengoku - spy vs spy	Action
GB	trax	Action
GB	trip world	Platform
GB	triumph	Role-playing (RPG)
GB	true lies	Shooter
GB	tsumego series 1 - fujisawa hideyuki meiyo kisei	Board
GB	tsumeshougi - hyakuban shoubu	Board
GB	tsumeshougi - kanki godan	Board
GB	tsumeshougi - mondai teikyou shougi sekai	Board
GB	tsuri sensei	Hunting and Fishing
GB	tumble pop	Platform
GB	turn and burn - the f-14 dogfight simulator	Simulation
GB	turok - battle of the bionosaurs	Platform
GB	turrican	Platform
GB	twinbee da!!	Action
GB	twin	Role-playing (RPG)
GB	uchiiwai - kyoudaijingi no puzzle game	Puzzle
GB	uchuu no kishi tekkaman blade	Platform
GB	uchuu senkan yamato	Strategy
GB	ultima - runes of virtue ii	Role-playing (RPG)
GB	ultima - ushinawareta runes	Role-playing (RPG)
GB	ultima - ushinawareta runes 2	Role-playing (RPG)
GB	ultima - runes of virtue	Role-playing (RPG)
GB	ultra golf	Sports
GB	ultraman	Fighting
GB	ultraman chou toushi gekiden	Action
GB	ultraman ball	Platform
GB	ultraman club - tekikaijuu o hakken seyo!	Strategy
GB	undercover cops gaiden - hakaishin garumaa	Board
GB	universal soldier	Platform
GB	uno - small world	Card
GB	uno 2 - small world	Card
GB	uoozu	Action
GB	urban strike	Shooter
GB	urusei yatsura - miss tomobiki o sagase!	Role-playing (RPG)
GB	v-rally - championship edition	Racing
GB	vattle giuce	Shoot'em Up
GB	vegas stakes	Gambling
GB	velious ii - fukushuu no jashin	Role-playing (RPG)
GB	velious - roland no majuu	Action
GB	versus hero - kakutou ou e no michi	Fighting
GB	virtual wars	Platform
GB	vitamina oukoku monogatari	Role-playing (RPG)
GB	volley fire	Shooter
GB	vs battler	Action
GB	wario blast featuring bomberman!	Action
GB	wario land ii	Platform
GB	wario land - super mario land 3	Platform
GB	waterworld	Adventure
GB	wave race	Racing
GB	wayne's world	Platform
GB	we're back! - a dinosaur's story	Platform
GB	wcw - the main event	Sports
GB	wedding peach - jamapii panic	Puzzle
GB	wheel of fortune	Quiz
GB	who framed roger rabbit	Adventure
GB	wild snake	Puzzle
GB	winner's horse	Sports with Animals
GB	winter gold	Sports
GB	winter olympic games	Sports
GB	wizardry gaiden i - joou no junan	Role-playing (RPG)
GB	wizardry gaiden ii - kodai koutei no noroi	Role-playing (RPG)
GB	wizardry gaiden iii - yami no seiten	Role-playing (RPG)
GB	wizards & warriors x - the fortress of fear	Platform
GB	wordtris	Puzzle
GB	wordzap	Puzzle
GB	world beach volley - 1991 gb cup	Sports
GB	world beach volley - 1992 gb cup	Sports
GB	world bowling	Sports
GB	world circuit series	Racing
GB	world cup 98	Sports
GB	world cup striker	Sports
GB	world cup usa 94	Sports
GB	world heroes 2 jet	Fighting
GB	world ice hockey	Sports
GB	world soccer gb	Sports
GB	worms	Strategy
GB	wwf king of the ring	Sports
GB	wwf raw	Sports
GB	wwf superstars	Sports
GB	wwf superstars 2	Sports
GB	wwf war zone	Sports
GB	x	Action
GB	xenon 2	Shoot'em Up
GB	xenon 2 - megablast	Shoot'em Up
GB	yakuman	Board
GB	yannick noah tennis	Sports
GB	yogi bear's gold rush	Platform
GB	yomihon yumegoyomi - tenjin kaisen 2	Adventure
GB	yoshi	Puzzle
GB	yoshi no panepon	Action
GB	yoshi no cookie	Puzzle
GB	yoshi no tamago	Puzzle
GB	yoshi's cookie	Puzzle
GB	yousei monogatari - rod land	Platform
GB	yu yu hakusho	Fighting
GB	yu yu hakusho dai-2-dan - ankoku bujutsukai hen	Action
GB	yu yu hakusho dai-3-dan - makai no tobira hen	Role-playing (RPG)
GB	yu yu hakusho dai-4-dan - makai touitsu hen	Action
GB	yu-gi-oh! duel monsters	Role-playing (RPG)
GB	zas	Shoot'em Up
GB	zelda no densetsu - yume o miru shima	Role-playing (RPG)
GB	zen - intergalactic ninja	Platform
GB	zerd no densetsu	Role-playing (RPG)
GB	zerd no densetsu 2 - xerd!! gishin no ryouiki	Role-playing (RPG)
GB	zettai muteki raijin-oh	Fighting
GB	zoids densetsu	Shoot'em Up
GB	zool - ninja of the 'nth' dimension	Platform
GB	zool	Platform
GB	zoop	Action
GBA	007 - nightfire	Shooter
GBA	2 disney games - disney sports - football + disney sports - skateboarding	Sports
GBA	007 - everything or nothing	Shooter
GBA	2 game pack! - hot wheels - stunt track challenge + hot wheels - world race	Racing
GBA	2 game pack! - matchbox missions - emergency response & air, land and sea rescue	Compilation
GBA	2 game pack! - matchbox missions - emergency response + air, land and sea rescue	Compilation
GBA	2 game pack! - uno + skip-bo	Compilation
GBA	2 game pack! - uno & skip-bo	Compilation
GBA	2 disney games - lilo & stitch 2 + peter pan - return to neverland	Compilation
GBA	2 games in 1 - alla ricerca di nemo + gli incredibili - una 'normale' famiglia di supereroi	Compilation
GBA	2 games in 1 - brother bear + the lion king	Compilation
GBA	2 games in 1 - bionicle + knights' kingdom	Compilation
GBA	2 games in 1 - cartoon network block party + cartoon network speedway	Compilation
GBA	2 games in 1 - buscando a nemo + los increibles	Compilation
GBA	2 games in 1 - columns crown + chuchu rocket!	Compilation
GBA	2 games in 1 - die monster ag + findet nemo	Compilation
GBA	2 games in 1 - disney princesas + el rey leon	Compilation
GBA	2 games in 1 - disney princesas + lizzie mcguire	Compilation
GBA	2 games in 1 - disney princesas + hermano oso	Compilation
GBA	2 games in 1 - disney princess + lizzie mcguire	Compilation
GBA	2 games in 1 - disney princess + brother bear	Compilation
GBA	2 games in 1 - disney princesse + frere des ours	Compilation
GBA	2 games in 1 - disney princesse + le roi lion	Compilation
GBA	2 games in 1 - disney principesse + il re leone	Compilation
GBA	2 games in 1 - disney principesse + koda, fratello orso	Compilation
GBA	2 games in 1 - disneys prinzessinnen + baerenbrueder	Compilation
GBA	2 games in 1 - dr. mario + puzzle league	Compilation
GBA	2 games in 1 - disneys prinzessinnen + der koenig der loewen	Compilation
GBA	2 games in 1 - findet nemo + die unglaublichen	Compilation
GBA	2 games in 1 - findet nemo + findet nemo - das abenteuer geht weiter	Compilation
GBA	2 games in 1 - dragon ball z - the legacy of goku i & ii	Compilation
GBA	2 games in 1 - finding nemo + finding nemo - the continuing adventures	Compilation
GBA	2 games in 1 - finding nemo - the continuing adventures + the incredibles	Compilation
GBA	2 games in 1 - golden nugget casino + texas hold 'em poker	Compilation
GBA	2 games in 1 - finding nemo + the incredibles	Compilation
GBA	2 games in 1 - hot wheels - velocity x + hot wheels - world race	Racing
GBA	2 games in 1 - les razmoket rencontrent les delajungle + spongebob squarepants - supersponge	Compilation
GBA	2 games in 1 - monsters & co. + alla ricerca di nemo	Compilation
GBA	2 games in 1 - monsters en co. + finding nemo	Compilation
GBA	2 games in 1 - monsters, inc. + finding nemo	Compilation
GBA	2 games in 1 - monstres & cie + le monde de nemo	Compilation
GBA	2 games in 1 - monstruos, s.a. + buscando a nemo	Compilation
GBA	2 games in 1 - moto gp + gt advance 3 - pro concept racing	Racing
GBA	2 games in 1 - power rangers - ninja storm + power rangers - la force du temps	Compilation
GBA	2 games in 1 - power rangers - ninja storm + power rangers - time force	Compilation
GBA	2 games in 1 - quad desert fury + monster trucks	Compilation
GBA	2 games in 1 - scooby-doo + scooby-doo 2 - desatado	Compilation
GBA	2 games in 1 - rugrats - go wild + spongebob squarepants - supersponge	Compilation
GBA	2 games in 1 - scooby-doo + scooby-doo 2 - les monstres se dechainent	Compilation
GBA	2 games in 1 - scooby-doo + scooby-doo 2 - monsters unleashed	Compilation
GBA	2 games in 1 - scooby-doo! - mystery mayhem + scooby-doo and the cyber chase	Compilation
GBA	2 games in 1 - sonic advance + chuchu rocket!	Compilation
GBA	2 games in 1 - sonic advance + sonic battle	Compilation
GBA	2 games in 1 - sonic advance + sonic pinball party	Compilation
GBA	2 games in 1 - sonic battle + chuchu rocket!	Compilation
GBA	2 games in 1 - sonic pinball party + columns crown	Compilation
GBA	2 games in 1 - sonic battle + sonic pinball party	Compilation
GBA	2 games in 1 - spongebob squarepants - battle for bikini bottom + jimmy neutron boy genius	Compilation
GBA	2 games in 1 - spongebob squarepants - battle for bikini bottom + nicktoons - freeze frame frenzy	Compilation
GBA	2 games in 1 - spongebob squarepants - revenge of the flying dutchman + spongebob squarepants - supersponge	Compilation
GBA	2 games in 1 - spongebob squarepants - battle for bikini bottom + the fairly oddparents! - breakin' da rules	Compilation
GBA	2 games in 1 - spongebob squarepants - supersponge + spongebob squarepants - battle for bikini bottom	Compilation
GBA	2 games in 1 - the lion king + disney princess	Compilation
GBA	2 games in 1 - the spongebob squarepants movie + spongebob squarepants and friends in freeze frame frenzy	Compilation
GBA	2 games in 1! - dragon ball z - buu's fury + dragon ball gt - transformation	Compilation
GBA	2 games in one! - dr. mario + puzzle league	Compilation
GBA	2 games in one! - gauntlet + rampart	Compilation
GBA	2 games in one! - marble madness + klax	Compilation
GBA	2 games in one! - paperboy + rampage	Compilation
GBA	2 games in one! - spy hunter + super sprint	Compilation
GBA	2 great games! - pac-man world + ms. pac-man - maze madness	Compilation
GBA	2 in 1 - asterix & obelix - bash them all! + asterix & obelix xxl	Compilation
GBA	2 in 1 game pack - shrek 2 & shark tale	Compilation
GBA	2 in 1 - v-rally 3 + stuntman	Compilation
GBA	2 in 1 game pack - shrek 2 + shark tale	Compilation
GBA	2 in 1 game pack - spider-man - mysterio's menace + x2 - wolverine's revenge	Action
GBA	2 in 1 game pack - spider-man & spider-man 2	Compilation
GBA	2 in 1 game pack - spider-man + spider-man 2	Compilation
GBA	2 in 1 game pack - tony hawk's underground + kelly slater's pro surfer	Compilation
GBA	2 jeux en 1 - titeuf - ze gag machine + titeuf - mega compet	Compilation
GBA	2006 fifa world cup - germany 2006	Sports
GBA	2k sports - major league baseball 2k7	Sports
GBA	3 game pack! - candy land + chutes and ladders + original memory game	Compilation
GBA	3 game pack! - ker plunk! + toss across + tip it	Compilation
GBA	3 game pack! - the game of life + payday + yahtzee	Compilation
GBA	3 game pack! - mouse trap + simon + operation	Compilation
GBA	3 games in 1 - rugrats - i gotta go party + spongebob squarepants - supersponge + tak and the power of juju	Compilation
GBA	3 games in one - darts + roll-a-ball + shuffle bowl	Compilation
GBA	3 games in one! - breakout + centipede + warlords	Various
GBA	3 games in one! - super breakout + millipede + lunar lander	Compilation
GBA	3 games in one! - yars' revenge + asteroids + pong	Compilation
GBA	4 games on one game pak	Compilation
GBA	ab durch die hecke	Adventure
GBA	ace combat advance	Action
GBA	ace lightning	Platform
GBA	acrobat kid	Platform
GBA	action man - robot atak	Platform
GBA	activision anthology	Compilation
GBA	advance gt2	Racing
GBA	advance gta	Racing
GBA	advance guardian heroes	Beat'em Up
GBA	advance rally	Racing
GBA	advance wars	Strategy
GBA	advance wars 2 - black hole rising	Strategy
GBA	adventure of tokyo disney sea	Action
GBA	adventures of jimmy neutron boy genius vs. jimmy negatron, the	Adventure
GBA	adventures of jimmy neutron boy genius, the - attack of the twonkies	Platform
GBA	adventures of jimmy neutron boy genius, the - jet fusion	Platform
GBA	aero the acro-bat	Platform
GBA	aero the acro-bat - rascal rival revenge	Platform
GBA	agassi tennis generation	Sports
GBA	agent hugo - roborumble	Platform
GBA	aggressive inline	Sports
GBA	airforce delta ii	Fighting
GBA	aigle de guerre, l'	Strategy
GBA	airforce delta storm	Fighting
GBA	aka-chan doubutsuen	Simulation
GBA	akumajou dracula - circle of the moon	Action
GBA	aladdin	Platform
GBA	alex rider - stormbreaker	Action
GBA	aleck bordon adventure - tower & shaft advance	Platform
GBA	alienators - evolution continues	Platform
GBA	alien hominid	Action
GBA	all grown up! - express yourself	Adventure
GBA	all-star baseball 2003	Sports
GBA	all-star baseball 2004	Sports
GBA	all-star baseball 2004 featuring derek jeter	Sports
GBA	altered beast - guardian of the realms	Beat'em Up
GBA	amazing virtual sea-monkeys, the	Simulation
GBA	american bass challenge	Hunting and Fishing
GBA	american dragon - jake long - rise of the huntsclan	Platform
GBA	american idol	Music / Dancing
GBA	american tail, an - fievel's gold rush	Platform
GBA	angel collection - mezase! gakuen no fashion leader	Simulation
GBA	angel collection 2 - pichimo ni narou	Strategy
GBA	angelique	Simulation
GBA	anguna - warriors of virtue	Adventure
GBA	animal mania - dokidoki aishou check	Simulation
GBA	animal snap - rescue them 2 by 2	Board
GBA	animal yokochou - doki doki kyuushutsu daisakusen! no maki	Platform
GBA	animal yokochou - doki doki shinkyuu shiken! no maki	Puzzle
GBA	animaniacs - lights, camera, action!	Platform
GBA	another world	Action
GBA	ant bully, the	Adventure
GBA	antz - extreme racing	Racing
GBA	ao-zora to nakama-tachi - yume no bouken	Platform
GBA	archer maclean's 3d pool	Sports
GBA	arctic tale	Adventure
GBA	army men - operation green	Shooter
GBA	army men - turf wars	Shooter
GBA	army men advance	Shoot'em Up
GBA	around the world in 80 days	Action
GBA	arthur and the invisibles	Adventure
GBA	ashita no joe - makka ni moeagare!	Sports
GBA	arthur and the minimoys	Adventure
GBA	asterix & obelix - bash them all!	Platform
GBA	asterix & obelix xxl	Beat'em Up
GBA	astro boy - omega factor	Platform
GBA	atari anniversary advance	Compilation
GBA	astro boy - tetsuwan atom - atom heart no himitsu	Platform
GBA	atlantis - the lost empire	Platform
GBA	atv - quad power racing	Racing
GBA	atomic betty	Platform
GBA	atv - thunder ridge riders	Racing
GBA	avatar - the last airbender	Adventure
GBA	avatar - the last airbender - the burning earth	Action
GBA	avatar - the legend of aang - the burning earth	Action
GBA	avatar - the legend of aang	Adventure
GBA	aventures de jackie chan, les - la legende de la main noire	Beat'em Up
GBA	b-densetsu! battle b-daman - fire spirits!	Shooter
GBA	b-densetsu! battle b-daman - moero! b-damashii!!	Shooter
GBA	azumanga daiou advance	Board
GBA	babar to the rescue	Platform
GBA	back to stone	Role-playing (RPG)
GBA	back track	Shooter
GBA	backyard baseball	Sports
GBA	backyard baseball 2006	Sports
GBA	backyard basketball	Sports
GBA	backyard football	Sports
GBA	backyard hockey	Sports
GBA	backyard football 2006	Sports
GBA	backyard skateboarding	Sports
GBA	backyard sports - baseball 2007	Sports
GBA	backyard sports - football 2007	Sports
GBA	backyard sports - basketball 2007	Sports
GBA	bakunetsu dodge ball fighters	Sports
GBA	bakuten shoot beyblade 2002 - gekisen! team battle!! kouryuu no shou - daichi hen	Action
GBA	bakuten shoot beyblade - gekitou! saikyou blader	Action
GBA	bakuten shoot beyblade 2002 - ikuze! bakutou! chou jiryoku battle!!	Role-playing (RPG)
GBA	baldur's gate - dark alliance	Role-playing (RPG)
GBA	ballistic - ecks vs. sever	Shooter
GBA	bakuten shoot beyblade 2002 - gekisen! team battle!! seiryuu no shou - takao hen	Adventure
GBA	banjo-kazooie - grunty's revenge	Platform
GBA	banjo-pilot	Racing
GBA	banjo-kazooie - la vendetta di grunty	Platform
GBA	banjo-kazooie - la venganza de grunty	Platform
GBA	barbie - the princess and the pauper	Platform
GBA	barbie and the magic of pegasus	Platform
GBA	barbie as the island princess	Casual Game
GBA	barbie diaries, the - high school mystery	Adventure
GBA	barbie horse adventures	Racing
GBA	barbie in the 12 dancing princesses	Platform
GBA	barbie horse adventures - blue ribbon race	Racing
GBA	barbie software - groovy games	Sports
GBA	barnyard	Casual Game
GBA	barbie superpack - secret agent + groovy games	Compilation
GBA	baseball advance	Sports
GBA	bass tsuri shiyouze! - tournament wa senryaku da!	Hunting and Fishing
GBA	batman - rise of sin tzu	Platform
GBA	batman - vengeance	Platform
GBA	battle b-daman	Shooter
GBA	battle b-daman - fire spirits!	Shooter
GBA	batman begins	Platform
GBA	battle network - rockman exe	Action
GBA	battle network - rockman exe 3	Role-playing (RPG)
GBA	battle network - rockman exe 2	Role-playing (RPG)
GBA	battle network - rockman exe 3 - black	Role-playing (RPG)
GBA	battlebots - beyond the battlebox	Fighting
GBA	battle x battle - kyodai gyo densetsu	Hunting and Fishing
GBA	battlebots - design & destroy	Fighting
GBA	battletoads	Beat'em Up
GBA	bb ball	Sports
GBA	beast shooter - mezase beast king!	Sports
GBA	berenstain bears and the spooky old tree, the	Platform
GBA	bee game, the	Platform
GBA	best friends - hunde & katzen	Simulation
GBA	best play pro yakyuu	Sports
GBA	beyblade g-revolution	Role-playing (RPG)
GBA	beyblade v-force - ultimate blader jam	Fighting
GBA	bible game, the	Adventure
GBA	biene maja, die - klatschmohnwiese in gefahr	Platform
GBA	big mutha truckers	Racing
GBA	bionicle	Adventure
GBA	bionicle - matoran adventures	Action
GBA	bionicle - maze of shadows	Role-playing (RPG)
GBA	bionicle heroes	Shooter
GBA	bit generations - boundish	Sports
GBA	bit generations - coloris	Puzzle
GBA	bit generations - dialhex	Puzzle
GBA	black belt challenge	Fighting
GBA	black black - bura bura	Role-playing (RPG)
GBA	black matrix zero	Role-playing (RPG)
GBA	blackthorne	Platform
GBA	bleach advance - kurenai ni somaru soul society	Various
GBA	blades of thunder	Shooter
GBA	blender bros.	Platform
GBA	blue angelo - angels from the shrine	Role-playing (RPG)
GBA	bmx trick racer	Racing
GBA	board game classics - backgammon & chess & draughts	Board
GBA	board game classics	Board
GBA	boboboubo boubobo - 9 kyoku senshi gag yuugou	Role-playing (RPG)
GBA	boboboubo boubobo - bakutou hajike taisen	Adventure
GBA	boboboubo boubobo - maji de!! shinken battle	Role-playing (RPG)
GBA	boboboubo boubobo - ougi 87.5 bakuretsu hanage shinken	Role-playing (RPG)
GBA	possibly a version given out to press at e3 or an e3 demo	Platform
GBA	boktai - the sun is in your hand	Platform
GBA	boktai 2 - solar boy django	Platform
GBA	boku wa koukuu kanseikan	Strategy
GBA	bokujou monogatari - mineral town no nakama-tachi	Strategy
GBA	bokujou monogatari - mineral town no nakama-tachi for girl	Strategy
GBA	bomberman jetters - densetsu no bomberman	Role-playing (RPG)
GBA	bokura no taiyou - taiyou action rpg	Platform
GBA	bomberman jetters - game collection	Compilation
GBA	bomberman max 2 - blue advance	Action
GBA	bomberman max 2 - bomberman version	Action
GBA	bomberman max 2 - max version	Action
GBA	bomberman max 2 - red advance	Action
GBA	bookworm	Puzzle
GBA	bomberman story	Puzzle
GBA	bomberman tournament	Puzzle
GBA	bouken yuuki pluster world - densetsu no plust gate	Role-playing (RPG)
GBA	bouken-ou beet - busters road	Role-playing (RPG)
GBA	bouken yuuki pluster world - densetsu no plust gate ex	Role-playing (RPG)
GBA	bouken yuuki pluster world - pluston gp	Racing
GBA	boukyaku no senritsu	Adventure
GBA	boulder dash ex	Puzzle
GBA	boxing fever	Sports
GBA	bratz	Action
GBA	bratz - babyz	Casual Game
GBA	bratz - forever diamondz	Adventure
GBA	bratz - rock angelz	Action
GBA	bratz - the movie	Simulation
GBA	breath of fire	Role-playing (RPG)
GBA	breath of fire - ryuu no senshi	Role-playing (RPG)
GBA	breath of fire ii	Role-playing (RPG)
GBA	breath of fire ii - shimei no ko	Role-playing (RPG)
GBA	britney's dance beat	Music / Dancing
GBA	broken circle	Adventure
GBA	broken sword - the shadow of the templars	Adventure
GBA	brother bear	Platform
GBA	bruce lee - return of the legend	Platform
GBA	bubble bobble - old & new	Platform
GBA	buffy - im bann der daemonen - koenig darkhuls zorn	Platform
GBA	buffy contre les vampires - la colere de darkhul	Platform
GBA	buffy the vampire slayer - wrath of the darkhul king	Platform
GBA	bura bura donkey	Platform
GBA	butt-ugly martians - b.k.m. battles	Shooter
GBA	cabbage patch kids - the patch puppy rescue	Platform
GBA	cabela's big game hunter	Hunting and Fishing
GBA	cabela's big game hunter - 2005 adventures	Hunting and Fishing
GBA	caesars palace advance - millennium gold edition	Gambling
GBA	calciobit	Sports
GBA	camp lazlo - leaky lake games	Adventure
GBA	captain tsubasa - eikou no kiseki	Sports
GBA	car battler joe	Racing
GBA	capcom classics mini mix	Compilation
GBA	card party	Card
GBA	cardcaptor sakura - sakura card de mini game	Various
GBA	cardcaptor sakura - sakura card hen - sakura to card to otomodachi	Card
GBA	care bears - the care quest	Platform
GBA	carrera power slide	Racing
GBA	cars	Racing
GBA	cars - mater-national championship	Racing
GBA	cars - motori ruggenti	Racing
GBA	casper	Platform
GBA	cartoon network block party	Board
GBA	cartoon network speedway	Racing
GBA	castlevania	Action
GBA	castlevania - akatsuki no minuet	Platform
GBA	castlevania - aria of sorrow	Platform
GBA	castlevania - byakuya no concerto	Action
GBA	castlevania - circle of the moon	Action
GBA	castlevania - harmony of dissonance	Action
GBA	castlevania double pack	Compilation
GBA	cat in the hat, the	Platform
GBA	castleween	Platform
GBA	catz	Puzzle
GBA	catwoman	Platform
GBA	celeste classic	Platform
GBA	chaoji maliou 2	Platform
GBA	chaoji maliou shijie	Platform
GBA	charlie and the chocolate factory	Platform
GBA	charlotte's web	Platform
GBA	chessmaster	Board
GBA	cheetah girls, the	Music / Dancing
GBA	chi vuol essere milionario	Quiz
GBA	chicken little	Platform
GBA	chicken shoot	Action
GBA	chicken shoot 2	Action
GBA	chinmoku no iseki - estpolis gaiden	Role-playing (RPG)
GBA	chobits for game boy advance - atashi dake no hito	Adventure
GBA	chocobo land - a game of dice	Board
GBA	choro q advance	Strategy
GBA	choro q advance 2	Racing
GBA	chou makaimura r	Platform
GBA	chronicles of narnia, the - the lion, the witch and the wardrobe	Action
GBA	chuchu rocket!	Strategy
GBA	cima - the enemy	Role-playing (RPG)
GBA	cinderella - magical dreams	Platform
GBA	cinnamoroll - koko ni iru yo	Puzzle
GBA	classic nes series - castlevania	Action
GBA	classic nes series - bomberman	Action
GBA	classic nes series - donkey kong	Platform
GBA	classic nes series - dr. mario	Puzzle
GBA	classic nes series - excitebike	Racing
GBA	classic nes series - ice climber	Platform
GBA	classic nes series - metroid	Action
GBA	classic nes series - pac-man	Action
GBA	classic nes series - super mario bros.	Action
GBA	classic nes series - the legend of zelda	Role-playing (RPG)
GBA	classic nes series - xevious	Shoot'em Up
GBA	classic nes series - zelda ii - the adventure of link	Role-playing (RPG)
GBA	cocoto - kart racer	Racing
GBA	cocoto - platform jumper	Platform
GBA	codename - kids next door - operation s.o.d.a.	Platform
GBA	colin mcrae rally 2.0	Sports
GBA	columns crown	Puzzle
GBA	combat choro q - advance daisakusen	Strategy
GBA	combo pack - sonic advance + sonic pinball party	Compilation
GBA	comix zone	Beat'em Up
GBA	contra advance - the alien wars ex	Shooter
GBA	contra advance	Shooter
GBA	contra hard spirits	Shooter
GBA	corvette	Racing
GBA	cosmo & wanda - wenn elfen helfen! - das schattenduell	Action
GBA	crash & spyro super pack volume 1	Compilation
GBA	crash & spyro super pack volume 2	Compilation
GBA	crash & spyro super pack volume 3	Compilation
GBA	crash & spyro superpack - spyro orange - the cortex conspiracy + crash bandicoot purple - ripto's rampage	Compilation
GBA	crash & spyro superpack - spyro - season of ice + crash bandicoot - the huge adventure	Compilation
GBA	crash bandicoot - the huge adventure	Platform
GBA	crash bandicoot 2 - n-tranced	Platform
GBA	crash bandicoot advance	Platform
GBA	crash bandicoot advance - wakuwaku tomodachi daisakusen!	Platform
GBA	crash bandicoot bakusou! nitro cart	Racing
GBA	crash bandicoot fusion	Platform
GBA	crash bandicoot advance 2 - guruguru saimin dai-panic!	Platform
GBA	crash bandicoot purple - ripto's rampage	Platform
GBA	crash bandicoot xs	Platform
GBA	crash of the titans	Platform
GBA	crash nitro kart	Racing
GBA	crash superpack - crash bandicoot 2 - n-tranced + crash nitro kart	Compilation
GBA	crazy chase	Platform
GBA	crayon shin-chan - densetsu o yobu omake no miyako shockgaan!	Action
GBA	crazy frog racer	Racing
GBA	crazy taxi - catch a ride	Racing
GBA	creatures	Simulation
GBA	croket! - yume no banker survival!	Adventure
GBA	croket! 3 - granu oukoku no nazo	Action
GBA	croket! 4 - bank no mori no mamorigami	Action
GBA	croket! great - toki no boukensha	Strategy
GBA	crouching tiger, hidden dragon	Beat'em Up
GBA	cruis'n velocity	Racing
GBA	crushed baseball	Sports
GBA	ct special forces	Action
GBA	ct special forces - back to hell	Shooter
GBA	ct special forces 2 - back in the trenches	Shooter
GBA	ct special forces 3 - bioterror	Shooter
GBA	cubix - robots for everyone - clash 'n bash	Beat'em Up
GBA	curious george	Platform
GBA	custom robo gx	Fighting
GBA	cyberdrive zoids - kijuu no senshi hyuu	Role-playing (RPG)
GBA	dai-mahjong.	Board
GBA	daisuki teddy	Role-playing (RPG)
GBA	daisenryaku for game boy advance	Strategy
GBA	dan doh!! tobase shouri no smile shot	Sports
GBA	dan doh!! xi	Sports
GBA	dancing sword - senkou	Beat'em Up
GBA	danny phantom - dschungelstadt	Shoot'em Up
GBA	danny phantom - the ultimate enemy	Platform
GBA	danny phantom - urban jungle	Shoot'em Up
GBA	daredevil	Beat'em Up
GBA	darius r	Shoot'em Up
GBA	dark arena	Action
GBA	dave mirra freestyle bmx 2	Sports
GBA	dark empire	Role-playing (RPG)
GBA	dave mirra freestyle bmx 3	Sports
GBA	david beckham soccer	Sports
GBA	davis cup	Sports
GBA	dead to rights	Shooter
GBA	deadly skies	Fighting
GBA	deal or no deal	Strategy
GBA	defender	Racing
GBA	defender - for all mankind	Racing
GBA	defender of the crown	Strategy
GBA	demikids - dark version	Role-playing (RPG)
GBA	demikids - light version	Role-playing (RPG)
GBA	demon driver - time to burn rubber!	Racing
GBA	denki blocks!	Strategy
GBA	densetsu no stafy	Platform
GBA	densetsu no stafy 2	Platform
GBA	densetsu no stafy 3	Platform
GBA	desert strike advance	Shooter
GBA	derby stallion advance	Sports with Animals
GBA	deutschland sucht den superstar	Music / Dancing
GBA	dexter's laboratory - chess challenge	Puzzle
GBA	dexter's laboratory - deesaster strikes!	Platform
GBA	di gi charat - digicommunication	Simulation
GBA	diadroids world - evil teikoku no yabou	Adventure
GBA	digicommunication nyo - datou! black gemagema dan	Simulation
GBA	digimon - battle spirit	Platform
GBA	digimon - battle spirit 2	Platform
GBA	digimon racing	Racing
GBA	disney princess	Platform
GBA	dinotopia - the timestone pirates	Platform
GBA	disney princesas	Platform
GBA	disney princess - royal adventure	Adventure
GBA	disney princesse	Platform
GBA	disney sports - american football	Sports
GBA	disney sports - basketball	Sports
GBA	disney principesse	Platform
GBA	disney sports - football	Sports
GBA	disney sports - motocross	Racing
GBA	disney sports - skateboarding	Sports
GBA	disney sports - snowboarding	Sports
GBA	disney sports - soccer	Sports
GBA	disney's party	Board
GBA	disneys prinzessinnen	Platform
GBA	dk - king of swing	Platform
GBA	dogz	Simulation
GBA	dogz - fashion	Simulation
GBA	dogz 2	Action
GBA	dokapon - monster hunter	Role-playing (RPG)
GBA	dokidoki cooking series 1 - komugi-chan no happy cake	Strategy
GBA	dokapon - monster hunter!	Role-playing (RPG)
GBA	dokapon q - monster hunter!	Role-playing (RPG)
GBA	dokidoki cooking series 2 - gourmet kitchen - suteki na obentou	Strategy
GBA	dokodemo taikyoku - yakuman advance	Board
GBA	domo-kun no fushigi television	Role-playing (RPG)
GBA	donald duck advance	Platform
GBA	donchan puzzle - hanabi de dohn! advance	Puzzle
GBA	donkey kong country	Platform
GBA	donkey kong country 2	Platform
GBA	donkey kong country 3	Platform
GBA	doom ii	Action
GBA	doom	Action
GBA	dora the explorer - super spies	Action
GBA	dora the explorer - dora's world adventure!	Adventure
GBA	dora the explorer - super star adventures!	Adventure
GBA	doraemon - dokodemo walker	Board
GBA	double dragon advance	Beat'em Up
GBA	doraemon - midori no wakusei dokidoki daikyuushutsu!	Action
GBA	double game! - cartoon network block party & cartoon network speedway	Compilation
GBA	double game! - golden nugget casino & texas hold 'em poker	Compilation
GBA	double pack - sonic advance & chuchu rocket!	Compilation
GBA	double pack - sonic battle & sonic advance	Compilation
GBA	double game! - quad desert fury & monster trucks	Compilation
GBA	double pack - sonic pinball party & sonic battle	Compilation
GBA	doubutsu-jima no chobigurumi	Adventure
GBA	doubutsu-jima no chobigurumi 2 - tama-chan monogatari	Action
GBA	downforce	Racing
GBA	downtown - nekketsu monogatari ex	Beat'em Up
GBA	dr. mario & panel de pon	Compilation
GBA	dr. muto	Platform
GBA	dr. sudoku	Puzzle
GBA	dr. seuss' the cat in the hat	Platform
GBA	dragon ball - advance adventure	Platform
GBA	dragon ball - advanced adventure	Platform
GBA	dragon ball gt - transformation	Beat'em Up
GBA	dragon ball z - bukuu tougeki	Fighting
GBA	dragon ball z - buu's fury	Role-playing (RPG)
GBA	dragon ball z - collectible card game	Card
GBA	dragon ball z - supersonic warriors	Fighting
GBA	dragon ball z - moogongtoogeuk	Fighting
GBA	dragon ball z - taiketsu	Fighting
GBA	dragon ball z - the legacy of goku	Role-playing (RPG)
GBA	dragon ball z - the legacy of goku ii	Role-playing (RPG)
GBA	dragon drive - world d break	Role-playing (RPG)
GBA	dragon ball z - the legacy of goku ii international	Role-playing (RPG)
GBA	dragon quest characters - torneko no daibouken 2 advance - fushigi no dungeon	Role-playing (RPG)
GBA	dragon quest characters - torneko no daibouken 3 advance - fushigi no dungeon	Role-playing (RPG)
GBA	dragon quest monsters - caravan heart	Role-playing (RPG)
GBA	dragon tales - dragon adventures	Platform
GBA	dragon's rock	Platform
GBA	drake & josh	Action
GBA	drill dozer	Platform
GBA	driv3r	Racing
GBA	driven	Racing
GBA	driver 2 advance	Racing
GBA	drome racers	Racing
GBA	droopy's tennis open	Sports
GBA	dual blades	Fighting
GBA	duel masters	Strategy
GBA	duel masters - kaijudo showdown	Card
GBA	duel masters - sempai legends	Card
GBA	duel masters - shadow of the code	Card
GBA	duel masters 2 - kirifuda shoubu ver.	Adventure
GBA	duel masters 2 - invincible advance	Strategy
GBA	duel masters 3	Strategy
GBA	duke nukem advance	Shooter
GBA	dungeons & dragons - eye of the beholder	Role-playing (RPG)
GBA	dynasty warriors advance	Beat'em Up
GBA	e.t. - the extra-terrestrial	Adventure
GBA	earthworm jim 2	Platform
GBA	earthworm jim	Platform
GBA	ecks v sever	Shooter
GBA	ed, edd n eddy - jawbreakers!	Platform
GBA	ecks vs sever	Shooter
GBA	ecks vs. sever ii - ballistic	Shooter
GBA	ed, edd n eddy - the mis-edventures	Platform
GBA	egg mania - tsukande! mawashite! dossun puzzle!!	Puzzle
GBA	egg mania	Puzzle
GBA	eggo mania	Puzzle
GBA	elemix!	Adventure
GBA	elevator action - old & new	Platform
GBA	elf - the movie	Platform
GBA	elf bowling 1 & 2	Sports
GBA	eragon	Role-playing (RPG)
GBA	enchanted - once upon andalasia	Platform
GBA	erementar gerad - tozasareshi uta	Role-playing (RPG)
GBA	espn final round golf	Sports
GBA	espn final round golf 2002	Sports
GBA	espn great outdoor games - bass 2002	Hunting and Fishing
GBA	espn international winter sports	Sports
GBA	espn great outdoor games - bass tournament	Hunting and Fishing
GBA	espn international winter sports 2002	Sports
GBA	espn winter x-games snowboarding 2	Sports
GBA	espn winter x-games snowboarding 2002	Sports
GBA	espn x-games skateboarding	Sports
GBA	essence of war, the - glory days	Shooter
GBA	european super league	Sports
GBA	evergirl	Adventure
GBA	exciting bass	Hunting and Fishing
GBA	ex monopoly	Board
GBA	expedition der stachelbeeren - zoff im zoo	Platform
GBA	extreme ghostbusters - code ecto-1	Platform
GBA	extreme skate adventure	Sports
GBA	eyeshield 21 - devilbats devildays	Adventure
GBA	f-14 tomcat	Simulation
GBA	f-zero - climax	Racing
GBA	f-zero - falcon densetsu	Racing
GBA	f-zero - gp legend	Racing
GBA	f-zero - maximum velocity	Racing
GBA	f-zero for game boy advance	Racing
GBA	f1 2002	Racing
GBA	f24 stealth fighter	Simulation
GBA	fairly oddparents!, the - breakin' da rules	Platform
GBA	fairly oddparents!, the - clash with the anti-world	Platform
GBA	fairly oddparents!, the - shadow showdown	Action
GBA	fairly oddparents!, the - enter the cleft	Platform
GBA	famicom mini - dai-2-ji super robot taisen	Strategy
GBA	famicom mini - kidou senshi z gundam - hot scramble	Action
GBA	famicom mini 01 - super mario bros.	Action
GBA	famicom mini 02 - donkey kong	Platform
GBA	famicom mini 04 - excitebike	Racing
GBA	famicom mini 03 - ice climber	Platform
GBA	famicom mini 05 - zelda no densetsu 1 - the hyrule fantasy	Role-playing (RPG)
GBA	famicom mini 06 - pac-man	Action
GBA	famicom mini 07 - xevious	Shoot'em Up
GBA	famicom mini 08 - mappy	Platform
GBA	famicom mini 09 - bomberman	Action
GBA	famicom mini 11 - mario bros.	Platform
GBA	famicom mini 10 - star soldier	Shoot'em Up
GBA	famicom mini 12 - clu clu land	Action
GBA	famicom mini 13 - balloon fight	Action
GBA	famicom mini 14 - wrecking crew	Platform
GBA	famicom mini 15 - dr. mario	Puzzle
GBA	famicom mini 18 - makaimura	Action
GBA	famicom mini 16 - dig dug	Action
GBA	famicom mini 20 - ganbare goemon! - karakuri douchuu	Action
GBA	famicom mini 19 - twin bee	Shoot'em Up
GBA	famicom mini 21 - super mario bros. 2	Platform
GBA	famicom mini 22 - nazo no murasame jou	Action
GBA	famicom mini 25 - the legend of zelda 2 - link no bouken	Role-playing (RPG)
GBA	famicom mini 24 - hikari shinwa - palthena no kagami	Action
GBA	famicom mini 23 - metroid	Action
GBA	famicom mini 27 - famicom tantei club - kieta koukeisha - zen, kouhen	Adventure
GBA	famicom mini 28 - famicom tantei club part ii - ushiro ni tatsu shoujo - zen, kouhen	Adventure
GBA	famicom mini 26 - famicom mukashibanashi - shin onigashima - zen, kouhen	Role-playing (RPG)
GBA	famicom mini 29 - akumajou dracula	Action
GBA	famicom mini 30 - sd gundam world - gachapon senshi scramble wars	Strategy
GBA	famille delajungle, la - a la poursuite de darwin	Platform
GBA	famille delajungle, la - le film	Adventure
GBA	family feud	Casual Game
GBA	family tennis advance	Sports
GBA	famista advance	Sports
GBA	fanqiejiang wangguo da maoxian	Role-playing (RPG)
GBA	fantastic 4	Beat'em Up
GBA	fancy pocket	Strategy
GBA	fantastic 4 - flame on	Platform
GBA	fantastic children	Action
GBA	fantastic maerchen - cake-ya-san monogatari + doubutsu chara navi uranai - kosei shinri gaku	Compilation
GBA	fantastici 4, i	Beat'em Up
GBA	fear factor - unleashed	Action
GBA	field of nine - digital edition 2001	Sports
GBA	fifa soccer 06	Sports
GBA	fifa soccer 07	Sports
GBA	fifa soccer 2005	Sports
GBA	fifa soccer 2003	Sports
GBA	fifa soccer 2004	Sports
GBA	fightbox	Fighting
GBA	fila decathlon	Sports
GBA	final fantasy i & ii - dawn of souls	Role-playing (RPG)
GBA	final fantasy i, ii advance	Role-playing (RPG)
GBA	final fantasy iv advance	Role-playing (RPG)
GBA	final fantasy tactics advance	Role-playing (RPG)
GBA	final fantasy v advance	Role-playing (RPG)
GBA	final fantasy vi advance	Role-playing (RPG)
GBA	final fight one	Fighting
GBA	final fire pro wrestling - yume no dantai unei!	Sports
GBA	findet nemo	Adventure
GBA	finding nemo	Adventure
GBA	finding nemo - aratanaru bouken	Casual Game
GBA	finding nemo - the continuing adventures	Casual Game
GBA	fire emblem	Strategy
GBA	fire emblem - fuuin no tsurugi	Strategy
GBA	fire emblem - rekka no ken	Strategy
GBA	leaked from an intelligent system's ftp	Strategy
GBA	fire emblem - seima no kouseki	Role-playing (RPG)
GBA	fire emblem - the sacred stones	Role-playing (RPG)
GBA	fire pro wrestling	Various
GBA	fire pro wrestling a	Various
GBA	flashback legends	Adventure
GBA	fire pro wrestling 2	Sports
GBA	flintstones, the - big trouble in bedrock	Platform
GBA	flushed away	Platform
GBA	ford racing 3	Racing
GBA	formation soccer 2002	Sports
GBA	fortress	Strategy
GBA	foster's home for imaginary friends	Adventure
GBA	frank herbert's dune - ornithopter assault	Shooter
GBA	franklin the turtle	Educational
GBA	franklin's great adventures	Platform
GBA	freekstyle	Racing
GBA	frogger - kodaibunmei no nazo	Platform
GBA	frogger advance - the great quest	Puzzle
GBA	freestyle scooter	Sports
GBA	frogger - mahou no kuni no daibouken	Platform
GBA	frogger's adventures - temple of the frog	Racing
GBA	frogger's adventures 2 - the lost wand	Platform
GBA	frogger's journey - the forgotten relic	Platform
GBA	from tv animation one piece - nanatsu-jima no daihihou	Role-playing (RPG)
GBA	frontier stories	Role-playing (RPG)
GBA	fruits mura no doubutsu-tachi	Casual Game
GBA	fushigi no kuni no alice	Board
GBA	fushigi no kuni no angelique	Board
GBA	futari wa pretty cure - arienaai! yume no sono wa daimeikyuu	Adventure
GBA	futari wa pretty cure max heart - maji maji! fight de in janai	Fighting
GBA	gachasute! dino device - red	Role-playing (RPG)
GBA	gachasute! dino device 2 - phoenix	Role-playing (RPG)
GBA	gachasute! dino device - blue	Role-playing (RPG)
GBA	gachinko pro yakyuu	Sports
GBA	gachasute! dino device 2 - dragon	Role-playing (RPG)
GBA	gadget racers	Racing
GBA	gakuen alice - dokidoki fushigi taiken	Adventure
GBA	gakkou no kaidan - hyakuyoubako no fuuin	Adventure
GBA	gakuen senki muryou	Strategy
GBA	gakkou o tsukurou!! advance	Strategy
GBA	galaxy angel game boy advance - moridakusan tenshi no full-course - okawari jiyuu	Strategy
GBA	galidor - defenders of the outer dimension	Platform
GBA	game & watch gallery 4	Compilation
GBA	gambler densetsu tetsuya - yomigaeru densetsu	Board
GBA	game & watch gallery advance	Compilation
GBA	game boy gallery 4	Compilation
GBA	game boy wars advance 1+2	Strategy
GBA	games explosion!	Compilation
GBA	ganbare! dodge fighters	Sports
GBA	gang del bosco, la	Adventure
GBA	garfield - the search for pooky	Platform
GBA	garfield and his nine lives	Platform
GBA	gegege no kitarou - kikiippatsu! youkai rettou	Role-playing (RPG)
GBA	gekido advance - kintaro's revenge	Beat'em Up
GBA	gekitou! car battler go!!	Racing
GBA	gekitou densetsu noah - dream management	Sports
GBA	gem smashers	Puzzle
GBA	gensou maden saiyuuki - hangyaku no toushin-taishi	Adventure
GBA	gensou suikoden - card stories	Strategy
GBA	get! - boku no mushi tsukamaete	Simulation
GBA	getbackers dakkanya - jagan fuuin!	Role-playing (RPG)
GBA	getbackers dakkanya - metropolis dakkan sakusen!	Role-playing (RPG)
GBA	ghost rider	Platform
GBA	global star - sudoku fever	Puzzle
GBA	ghost trap	Action
GBA	go! go! beckham! - adventure on soccer island	Platform
GBA	godzilla - domination!	Fighting
GBA	golden nugget casino	Shooter
GBA	gojira - kaijuu dairantou advance	Fighting
GBA	golden sun	Role-playing (RPG)
GBA	golden sun - die vergessene epoche	Role-playing (RPG)
GBA	golden sun - l'age perdu	Role-playing (RPG)
GBA	golden sun - l'era perduta	Role-playing (RPG)
GBA	golden sun - la edad perdida	Role-playing (RPG)
GBA	golden sun - the lost age	Role-playing (RPG)
GBA	gp-1 racing	Simulation
GBA	gradius advance	Shoot'em Up
GBA	gradius galaxies	Shoot'em Up
GBA	gradius generation	Shoot'em Up
GBA	grand theft auto	Racing
GBA	greatest nine	Sports
GBA	green eggs and ham by dr. seuss	Board
GBA	greg hastings' tournament paintball max'd	Shooter
GBA	gremlins - stripe vs gizmo	Platform
GBA	groove adventure rave - hikari to yami no daikessen 2	Fighting
GBA	grim adventures of billy & mandy, the	Beat'em Up
GBA	gt advance - championship racing	Racing
GBA	gt advance 2 - rally racing	Racing
GBA	gt advance 3 - pro concept racing	Racing
GBA	gt racers	Racing
GBA	gt championship	Racing
GBA	guilty gear x - advance edition	Fighting
GBA	gumby vs. the astrobots	Platform
GBA	gunstar super heroes	Shooter
GBA	gunstar future heroes	Shooter
GBA	guranbo	Role-playing (RPG)
GBA	guru logic champ	Puzzle
GBA	gyakuten saiban	Adventure
GBA	gyakuten saiban 2	Adventure
GBA	gyakuten saiban 3	Adventure
GBA	hajime no ippo - the fighting!	Fighting
GBA	hagane no renkinjutsushi - omoide no sonata	Role-playing (RPG)
GBA	hagane no renkinjutsushi - meisou no rondo	Role-playing (RPG)
GBA	hamepane - tokyo mew mew	Puzzle
GBA	hamster club 3	Strategy
GBA	hamster club 4 - shigetchi daidassou	Adventure
GBA	hamster monogatari 2 gba	Strategy
GBA	hamster monogatari collection	Compilation
GBA	hamster monogatari 3 gba	Strategy
GBA	hamster monogatari 3ex 4 special	Strategy
GBA	hamster paradise - pure heart	Simulation
GBA	hamster paradise advanchu	Simulation
GBA	hamtaro - ham-ham games	Sports
GBA	hamtaro - ham-ham heartbreak	Adventure
GBA	hamtaro - rainbow rescue	Adventure
GBA	hanabi hyakkei advance	Strategy
GBA	hanafuda trump mahjong - depachika wayouchuu	Board
GBA	happy feet	Music / Dancing
GBA	hardcore pinball	Pinball
GBA	hardcore pool	Sports
GBA	harlem globetrotters - world tour	Sports
GBA	harobots - robo hero battling!!	Action
GBA	harry potter - quidditch world cup	Sports
GBA	harry potter and the chamber of secrets	Platform
GBA	harry potter and the order of the phoenix	Adventure
GBA	harry potter and the goblet of fire	Adventure
GBA	harry potter and the prisoner of azkaban	Adventure
GBA	harry potter and the sorcerer's stone	Adventure
GBA	harry potter collection	Compilation
GBA	harry potter to himitsu no heya	Platform
GBA	harry potter to azkaban no shuujin	Adventure
GBA	harry potter to kenja no ishi	Adventure
GBA	harvest moon - friends of mineral town	Strategy
GBA	harvest moon - more friends of mineral town	Strategy
GBA	heidi - the game	Platform
GBA	hatena satena	Puzzle
GBA	hello kitty - happy party pals	Various
GBA	hello kitty collection - miracle fashion maker	Adventure
GBA	hello! idol debut - kids idol ikusei game	Strategy
GBA	herbie - fully loaded	Racing
GBA	hey arnold! - the movie	Platform
GBA	hi hi puffy amiyumi - kaznapped!	Platform
GBA	hi hi puffy amiyumi	Platform
GBA	high heat major league baseball 2002	Sports
GBA	higanbana	Adventure
GBA	high heat major league baseball 2003	Sports
GBA	high school musical - livin' the dream	Platform
GBA	hikaru no go	Board
GBA	hikaru no go - taikenban	Board
GBA	hikaru no go 2	Action
GBA	himawari doubutsu byouin - pet no oishasan ikusei game	Simulation
GBA	hime kishi monogatari - princess blue	Adventure
GBA	hitsuji no kimochi.	Puzzle
GBA	hobbit no bouken - lord of the rings - hajimari no monogatari	Adventure
GBA	hobbit, the - the prelude to the lord of the rings	Adventure
GBA	home on the range	Platform
GBA	horsez	Simulation
GBA	hoshi no kirby - kagami no daimeikyuu	Platform
GBA	hoshi no kirby - yume no izumi deluxe	Platform
GBA	hot potato!	Puzzle
GBA	hot wheels - all out	Racing
GBA	hot wheels - burnin' rubber	Racing
GBA	hot wheels - stunt track challenge	Racing
GBA	hot wheels - velocity x	Racing
GBA	hot wheels - world race	Racing
GBA	hot wheels advance	Racing
GBA	hudson best collection vol. 1 - bomberman collection	Compilation
GBA	hudson best collection vol. 2 - lode runner collection	Shooter
GBA	hudson best collection vol. 3 - action collection	Compilation
GBA	hudson best collection vol. 4 - nazotoki collection	Compilation
GBA	hudson best collection vol. 5 - shooting collection	Compilation
GBA	hugo - the evil mirror	Platform
GBA	hudson best collection vol. 6 - bouken-jima collection	Compilation
GBA	hugo - bukkazoom!	Racing
GBA	hunter x hunter - minna tomodachi daisakusen!!	Role-playing (RPG)
GBA	hyper sports 2002 winter	Sports
GBA	huo-wen zhanji - fengyin zhi jian	Strategy
GBA	i spy challenger!	Puzzle
GBA	ice age	Platform
GBA	ice age 2 - the meltdown	Adventure
GBA	ice nine	Shooter
GBA	ignition collection - volume 1	Compilation
GBA	ik+	Fighting
GBA	incredible hulk, the	Adventure
GBA	incredibili, gli - una 'normale' famiglia di supereroi	Beat'em Up
GBA	incredibles, the	Beat'em Up
GBA	incredibles, the - rise of the underminer	Platform
GBA	increibles, los	Beat'em Up
GBA	initial d - another stage	Racing
GBA	inspector gadget - advance mission	Platform
GBA	inspector gadget racing	Racing
GBA	international karate advanced	Action
GBA	inukko club	Adventure
GBA	international superstar soccer	Sports
GBA	international superstar soccer advance	Sports
GBA	inuyasha - naraku no wana! mayoi no mori no shoutaijou	Board
GBA	invincible iron man, the	Platform
GBA	invader	Shoot'em Up
GBA	iridion 3d	Shooter
GBA	iridion ii	Shooter
GBA	island xtreme stunts	Action
GBA	iron kid	Platform
GBA	isseki hatchou - kore 1ppon de 8shurui!	Board
GBA	it's mr. pants	Puzzle
GBA	j.league pocket	Sports
GBA	j.league pocket 2	Sports
GBA	j.league pro soccer club o tsukurou! advance	Sports
GBA	j.league winning eleven advance 2002	Sports
GBA	jackie chan adventures - legend of the dark hand	Beat'em Up
GBA	jajamaru jr. denshouki - jalecolle mo arisourou	Compilation
GBA	james pond - codename robocod	Platform
GBA	jazz jackrabbit	Platform
GBA	jet grind radio	Sports
GBA	jet set radio	Sports
GBA	jgto kounin golf master - japan golf tour game	Sports
GBA	jgto kounin golf master mobile - japan golf tour game	Sports
GBA	jikkyou world soccer pocket	Sports
GBA	jikkyou world soccer pocket 2	Sports
GBA	jimmy neutron - boy genius	Platform
GBA	jimmy neutron un garcon genial - l'attaque des twonkies	Platform
GBA	jimmy neutron vs. jimmy negatron	Adventure
GBA	jinsei game advance	Board
GBA	jissen pachi-slot hisshouhou! - juuou advance	Gambling
GBA	jisu f-zero weilai saiche	Racing
GBA	jonny moseley mad trix	Sports
GBA	juka and the monophonic menace	Role-playing (RPG)
GBA	jungle book 2, the	Puzzle
GBA	jungle book, the	Puzzle
GBA	jurassic park iii - advanced action	Action
GBA	jurassic park iii - kyouryuu ni ainiikou!	Simulation
GBA	jurassic park iii - dino attack	Action
GBA	jurassic park iii - park builder	Simulation
GBA	jurassic park iii - island attack	Action
GBA	jurassic park iii - the dna factor	Platform
GBA	jurassic park institute tour - dinosaur rescue	Action
GBA	justice league - chronicles	Beat'em Up
GBA	jurassic park iii - ushinawareta idenshi	Platform
GBA	justice league - injustice for all	Platform
GBA	justice league heroes - the flash	Beat'em Up
GBA	k-1 pocket grand prix	Fighting
GBA	kaeru b back	Role-playing (RPG)
GBA	kaiketsu zorori to mahou no yuuenchi - ohimesama o sukue!	Action
GBA	k-1 pocket grand prix 2	Fighting
GBA	kamaitachi no yoru advance	Adventure
GBA	kami no kijutsu - illusion of the evil eyes	Board
GBA	kappa no kai-kata - kaatan daibouken!	Platform
GBA	kao the kangaroo	Action
GBA	karnaaj rally	Racing
GBA	kawa no nushi tsuri 3 & 4	Compilation
GBA	kawa no nushi tsuri 5 - fushigi no mori kara	Hunting and Fishing
GBA	kawaii pet game gallery	Simulation
GBA	kawaii pet game gallery 2	Compilation
GBA	kawaii koinu wonderful	Simulation
GBA	kaze no klonoa - yumemiru teikoku	Platform
GBA	kawaii pet shop monogatari 3	Strategy
GBA	kaze no klonoa g2 - dream champ tournament	Platform
GBA	keitai denjuu telefang 2 - power	Role-playing (RPG)
GBA	keitai denjuu telefang 2 - speed	Role-playing (RPG)
GBA	kelly slater's pro surfer	Sports
GBA	keroro gunsou - taiketsu! gekisou keronprix daisakusen de arimasu!!	Racing
GBA	kessaku sen! - ganbare goemon 1, 2 - yuki hime to magginesu	Compilation
GBA	kid paddle	Platform
GBA	kid's cards	Card
GBA	kidou gekidan haro ichiza - haro no puyo puyo	Puzzle
GBA	kidou senshi gundam - seed destiny	Fighting
GBA	kidou senshi gundam seed - tomo to kimi to koko de.	Strategy
GBA	kikaika guntai - mech platoon	Strategy
GBA	kien	Role-playing (RPG)
GBA	kiki kaikai advance	Action
GBA	kidou tenshi angelic layer - misaki to yume no tenshi-tachi	Beat'em Up
GBA	kill switch	Shooter
GBA	killer 3d pool	Sports
GBA	kim possible	Platform
GBA	kim possible - revenge of monkey fist	Platform
GBA	kim possible 2 - drakken's demise	Platform
GBA	kim possible 3 - team possible	Platform
GBA	king kong - the official game of the movie	Action
GBA	king of fighters ex 2, the - howling blood	Fighting
GBA	king of fighters ex, the - neoblood	Fighting
GBA	kingdom hearts - chain of memories	Role-playing (RPG)
GBA	kinniku banzuke - kimero! kiseki no kanzen seiha	Sports
GBA	kinniku banzuke - kongou-kun no daibouken!	Sports
GBA	kinnikuman ii-sei - seigi choujin e no michi	Sports
GBA	kirby - nightmare in dream land	Platform
GBA	kirby & the amazing mirror	Platform
GBA	kiss x kiss - seirei gakuen	Strategy
GBA	kisekko gurumii - chesty to nuigurumi-tachi no mahou no bouken	Adventure
GBA	klonoa - empire of dreams	Platform
GBA	kiwame mahjong deluxe - mirai senshi 21	Board
GBA	klonoa 2 - dream champ tournament	Platform
GBA	knights' kingdom	Role-playing (RPG)
GBA	klonoa heroes - densetsu no star medal	Role-playing (RPG)
GBA	koala brothers - outback adventures	Adventure
GBA	koinu to issho - aijou monogatari	Adventure
GBA	koinu to issho 2	Strategy
GBA	koinu-chan no hajimete no osanpo - koinu no kokoro ikusei game	Simulation
GBA	konami arcade game collection	Compilation
GBA	konami collector's series - arcade advanced	Compilation
GBA	konami collector's series - arcade classics	Compilation
GBA	konami krazy racers	Racing
GBA	konami wai wai racing advance	Racing
GBA	kong - king of atlantis	Platform
GBA	kong - the 8th wonder of the world	Action
GBA	kong - the animated series	Platform
GBA	konjiki no gashbell!! - makai no bookmark	Role-playing (RPG)
GBA	konjiki no gashbell!! - unare! yuujou no zakeru	Fighting
GBA	konjiki no gashbell!! - unare! yuujou no zakeru 2	Fighting
GBA	konjiki no gashbell!! the card battle for gba	Strategy
GBA	konjiki no gashbell!! yuujou no zakeru - dream tag tournament	Fighting
GBA	korokoro puzzle - happy panecchu!	Puzzle
GBA	kotoba no puzzle - mojipittan advance	Puzzle
GBA	koutetsu teikoku	Shoot'em Up
GBA	kunio-kun nekketsu collection 1	Compilation
GBA	kunio-kun nekketsu collection 2	Compilation
GBA	kunio-kun nekketsu collection 3	Compilation
GBA	kurohige no golf shiyouyo	Sports
GBA	kurukuru kururin	Thinking
GBA	kururin paradise	Action
GBA	lady sia	Platform
GBA	land before time, the	Platform
GBA	land before time, the - into the mysterious beyond	Platform
GBA	lara croft tomb raider - legend	Action
GBA	lara croft tomb raider - the prophecy	Action
GBA	lea - passion veterinaire	Various
GBA	legend of dynamic - goushouden - houkai no rondo	Role-playing (RPG)
GBA	legend of spyro, the - a new beginning	Platform
GBA	legend of spyro, the - the eternal night	Platform
GBA	legend of zelda, the - a link to the past & four swords	Role-playing (RPG)
GBA	legend of zelda, the - the minish cap	Role-playing (RPG)
GBA	legends of wrestling ii	Sports
GBA	legendz - buhwarhaneun siryeonyi seom	Role-playing (RPG)
GBA	legendz - yomigaeru shiren no shima	Role-playing (RPG)
GBA	lego bionicle	Action
GBA	legendz - sign of nekuromu	Role-playing (RPG)
GBA	lego island 2 - the brickster's revenge	Casual Game
GBA	lego racers 2	Racing
GBA	lego star wars - the video game	Action
GBA	lego star wars ii - the original trilogy	Action
GBA	lemony snicket - una serie di sfortunati eventi	Platform
GBA	lemony snicket - raetselhafte ereignisse	Platform
GBA	lemony snicket's a series of unfortunate events	Platform
GBA	let's ride! - friends forever	Simulation
GBA	let's ride! - dreamer	Simulation
GBA	lilo & stitch	Platform
GBA	licca-chan no oshare nikki	Adventure
GBA	let's ride! - sunshine stables	Simulation
GBA	lilo & stitch 2 - haemsterviel havoc	Platform
GBA	lion king 1 1-2, the	Platform
GBA	little buster q	Role-playing (RPG)
GBA	lilo & stitch 2	Platform
GBA	little einsteins	Educational
GBA	lion king, the	Platform
GBA	little league baseball 2002	Sports
GBA	little mermaid, the - magic in two kingdoms	Action
GBA	lizzie mcguire - on the go!	Platform
GBA	lizzie mcguire	Platform
GBA	lizzie mcguire 2 - lizzie diaries	Platform
GBA	lizzie mcguire 3 - homecoming havoc	Music / Dancing
GBA	looney tunes - back in action	Platform
GBA	looney tunes double pack	Compilation
GBA	lord of the rings, the - futatsu no tou	Role-playing (RPG)
GBA	lord of the rings, the - nakatsukuni daisanki	Role-playing (RPG)
GBA	lord of the rings, the - ou no kikan	Role-playing (RPG)
GBA	lord of the rings, the - the fellowship of the ring	Role-playing (RPG)
GBA	lord of the rings, the - the return of the king	Role-playing (RPG)
GBA	lord of the rings, the - the third age	Role-playing (RPG)
GBA	lost vikings, the	Platform
GBA	lord of the rings, the - the two towers	Role-playing (RPG)
GBA	love hina advance - shukufuku no kane wa naru kana	Adventure
GBA	lu-hai-kong dazhan	Strategy
GBA	lufia - the ruins of lore	Role-playing (RPG)
GBA	lucky luke - wanted!	Platform
GBA	lunar legend	Role-playing (RPG)
GBA	m&m's - break' em	Puzzle
GBA	m&m's - blast!	Board
GBA	madagascar	Platform
GBA	madagascar - operation penguin	Platform
GBA	madagascar - operacion pinguino	Platform
GBA	madden nfl 06	Sports
GBA	madden nfl 07	Sports
GBA	madden nfl 2003	Sports
GBA	madden nfl 2004	Sports
GBA	madden nfl 2002	Sports
GBA	madden nfl 2005	Sports
GBA	made in wario	Casual Game
GBA	magical quest 2 starring mickey & minnie	Platform
GBA	magical quest 3 starring mickey & donald	Platform
GBA	magical quest starring mickey & minnie	Platform
GBA	magical vacation	Role-playing (RPG)
GBA	mahou no pumpkin - ann to greg no daibouken	Platform
GBA	mahou sensei negima! - private lesson - damedesuu toshokan-jima	Role-playing (RPG)
GBA	mahjong keiji	Board
GBA	majesco's sports pack	Compilation
GBA	mahou sensei negima! - private lesson 2 - ojamashimasuu parasite de chuu	Role-playing (RPG)
GBA	majokko cream-chan no gokko series 1 - wannyan idol gakuen	Strategy
GBA	maliou kadingche - chaoji saidao	Racing
GBA	manga-ka debut monogatari - akogare! manga ka ikusei game!	Strategy
GBA	majokko cream-chan no gokko series 2 - kisekae angel	Strategy
GBA	maliou yu luyiji rpg	Role-playing (RPG)
GBA	maniac racers advance	Racing
GBA	manic miner	Action
GBA	march of the penguins	Puzzle
GBA	mario & luigi - superstar saga	Role-playing (RPG)
GBA	mario & luigi rpg	Role-playing (RPG)
GBA	mario golf - advance tour	Sports
GBA	mario golf - gba tour	Sports
GBA	mario kart - super circuit	Racing
GBA	mario kart advance	Racing
GBA	mario party advance	Board
GBA	mario pinball land	Pinball
GBA	mario power tennis	Sports
GBA	mario tennis - power tour	Sports
GBA	mario tennis advance	Sports
GBA	mario vs. donkey kong	Puzzle
GBA	marvel - ultimate alliance	Beat'em Up
GBA	mary-kate and ashley - girls night out	Music / Dancing
GBA	mary-kate and ashley - sweet 16 - licensed to drive	Racing
GBA	masters of the universe - he-man - power of grayskull	Action
GBA	mat hoffman's pro bmx	Sports
GBA	mat hoffman's pro bmx 2	Sports
GBA	matchbox cross town heroes	Action
GBA	math patrol - the kleptoid threat	Shoot'em Up
GBA	mawaru - made in wario	Casual Game
GBA	max payne	Shooter
GBA	max payne advance	Shooter
GBA	maya the bee - sweet gold	Platform
GBA	maya the bee - the great adventure	Platform
GBA	mech platoon	Strategy
GBA	mazes of fate	Role-playing (RPG)
GBA	medabots - metabee	Role-playing (RPG)
GBA	medabots - rokusho	Role-playing (RPG)
GBA	medabots ax - metabee ver.	Platform
GBA	medabots ax - rokusho ver.	Platform
GBA	medal of honor - infiltrator	Shooter
GBA	medal of honor - underground	Shooter
GBA	medal of honor advance	Shooter
GBA	medarot g - kabuto	Platform
GBA	medarot g - kuwagata	Platform
GBA	medarot navi - kabuto	Role-playing (RPG)
GBA	medarot navi - kuwagata	Role-playing (RPG)
GBA	medarot ni core - kabuto	Role-playing (RPG)
GBA	retail release	Role-playing (RPG)
GBA	medarot ni core - kuwagata	Role-playing (RPG)
GBA	meet the robinsons	Platform
GBA	megaman - battle chip challenge	Card
GBA	megaman - battle network	Action
GBA	megaman - battle network 2	Role-playing (RPG)
GBA	megaman - battle network 3 - blue version	Role-playing (RPG)
GBA	megaman - battle network 3 - white version	Role-playing (RPG)
GBA	megaman - battle network 4 - blue moon	Strategy
GBA	megaman - battle network 4 - red sun	Role-playing (RPG)
GBA	megaman - battle network 5 - team colonel	Role-playing (RPG)
GBA	megaman - battle network 5 - team protoman	Strategy
GBA	megaman - battle network 6 - cybeast falzar	Role-playing (RPG)
GBA	megaman - battle network 6 - cybeast gregar	Strategy
GBA	megaman & bass	Platform
GBA	megaman zero	Platform
GBA	megaman zero 2	Platform
GBA	megaman zero 3	Platform
GBA	megaman zero 4	Platform
GBA	meine tierarztpraxis	Simulation
GBA	meitantei conan - akatsuki no monument	Adventure
GBA	meine tierpension	Simulation
GBA	men in black - the series	Platform
GBA	mermaid melody - pichi pichi pitch	Board
GBA	mermaid melody - pichi pichi pitch - pichi pichi party	Music / Dancing
GBA	mermaid melody - pichi pichi pitch - pichi pichitto live start!	Music / Dancing
GBA	metal max 2 kai	Role-playing (RPG)
GBA	metal slug advance	Shooter
GBA	metalgun slinger	Platform
GBA	metroid - zero mission	Action
GBA	metroid fusion	Platform
GBA	mezase! koushien	Sports
GBA	mickey to donald no magical quest 3	Platform
GBA	mickey no pocket resort	Board
GBA	mickey to minnie no magical quest 2	Platform
GBA	micro machines	Racing
GBA	mickey to minnie no magical quest	Platform
GBA	midnight club - street racing	Racing
GBA	mighty beanz - pocket puzzles	Puzzle
GBA	midway's greatest arcade hits	Action
GBA	mijn dierenpension	Simulation
GBA	mijn dierenpraktijk	Simulation
GBA	mike tyson boxing	Sports
GBA	minami no umi no odyssey	Adventure
GBA	mini moni. - mika no happy morning chatty	Adventure
GBA	minna de puyo puyo	Puzzle
GBA	minna no shiiku series 1 - boku no kabutomushi	Adventure
GBA	mini moni. - onegai ohoshi-sama!	Strategy
GBA	minna no shiiku series 2 - boku no kuwagata	Adventure
GBA	minna no ouji-sama	Board
GBA	minna no shiiku series - boku no kabuto, kuwagata	Adventure
GBA	minna no soft series - happy trump 20	Board
GBA	minna no soft series - minna no mahjong	Board
GBA	minna no soft series - minna no shougi	Board
GBA	minna no soft series - numpla advance	Puzzle
GBA	minna no soft series - shanghai	Puzzle
GBA	minna no soft series - tetris advance	Puzzle
GBA	minna no soft series - zooo	Puzzle
GBA	minority report - everybody runs	Beat'em Up
GBA	mission impossible - operation surma	Action
GBA	miteluode - lingdian renwu	Action
GBA	mlb slugfest 2004	Sports
GBA	miteluode ronghe	Platform
GBA	mobile pro yakyuu - kantoku no saihai	Simulation
GBA	mobile suit gundam seed - battle assault	Fighting
GBA	momotarou dentetsu g - gold deck o tsukure!	Board
GBA	monopoly	Board
GBA	monster farm advance	Simulation
GBA	monster ag, die	Platform
GBA	moero!! jaleco collection	Compilation
GBA	momotarou matsuri	Role-playing (RPG)
GBA	monster farm advance 2	Simulation
GBA	monster force	Shooter
GBA	monster gate	Role-playing (RPG)
GBA	monster gate - ooinaru dungeon - fuuin no orb	Role-playing (RPG)
GBA	monster guardians	Role-playing (RPG)
GBA	monster house	Shooter
GBA	monster jam - maximum destruction	Racing
GBA	monster maker 4 - flash card	Role-playing (RPG)
GBA	monster maker 4 - killer dice	Role-playing (RPG)
GBA	monster rancher advance	Simulation
GBA	monster rancher advance 2	Simulation
GBA	monster truck madness	Racing
GBA	monster trucks	Racing
GBA	monster trucks mayhem	Racing
GBA	monster! bass fishing	Hunting and Fishing
GBA	monster summoner	Strategy
GBA	monsters, inc.	Platform
GBA	moorhen 3 - the chicken chase!	Shooter
GBA	morita shougi advance	Board
GBA	mortal kombat - deadly alliance	Fighting
GBA	mortal kombat - tournament edition	Fighting
GBA	mortal kombat advance	Fighting
GBA	mother 3	Role-playing (RPG)
GBA	mother 1+2	Role-playing (RPG)
GBA	motocross challenge	Racing
GBA	motocross maniacs advance	Racing
GBA	motogp	Sports
GBA	motoracer advance	Racing
GBA	mr nutz	Platform
GBA	mr. driller 2	Strategy
GBA	mr. incredible	Beat'em Up
GBA	mucha lucha! - mascaritas of the lost code	Beat'em Up
GBA	mummy, the	Action
GBA	mr. incredible - kyouteki underminer toujou	Platform
GBA	ms. pac-man - maze madness	Action
GBA	muppet pinball mayhem	Pinball
GBA	muppets, the - on with the show!	Casual Game
GBA	my animal centre in africa	Simulation
GBA	mx 2002 featuring ricky carmichael	Racing
GBA	my little pony - crystal princess - the runaway rainbow	Adventure
GBA	mutsu - water looper mutsu	Simulation
GBA	nakayoshi pet advance series 1 - kawaii hamster	Strategy
GBA	nakayoshi mahjong - kabureach	Board
GBA	nakayoshi pet advance series 2 - kawaii koinu	Strategy
GBA	nakayoshi pet advance series 3 - kawaii koneko	Strategy
GBA	nakayoshi youchien - sukoyaka enji ikusei game	Strategy
GBA	nakayoshi pet advance series 4 - kawaii koinu mini - wanko to asobou!! kogata-ken	Simulation
GBA	namco museum	Compilation
GBA	namco museum - 50th anniversary	Racing
GBA	nancy drew - message in a haunted mansion	Adventure
GBA	napoleon	Strategy
GBA	naruto - konoha senki	Strategy
GBA	naruto - ninja council 2	Fighting
GBA	naruto - ninja council	Fighting
GBA	naruto - ninjutsu zenkai! saikyou ninja daikesshuu	Fighting
GBA	naruto - saikyou ninja daikesshuu 2	Fighting
GBA	naruto rpg - uketsugareshi hi no ishi	Role-playing (RPG)
GBA	nascar heat 2002	Racing
GBA	nba jam 2002	Sports
GBA	need for speed - carbon - own the city	Racing
GBA	need for speed - most wanted	Racing
GBA	natural 2 - duo	Adventure
GBA	need for speed - porsche unleashed	Racing
GBA	need for speed - underground	Racing
GBA	need for speed - underground 2	Racing
GBA	nekketsu monogatari advance	Beat'em Up
GBA	neoromance game - harukanaru toki no naka de	Adventure
GBA	nes classics - castlevania	Action
GBA	nfl blitz 2002	Sports
GBA	nfl blitz 2003	Sports
GBA	nhl hitz 2003	Sports
GBA	next generation tennis	Sports
GBA	nicktoons - attack of the toybots	Platform
GBA	nicktoons - battle for volcano island	Platform
GBA	nicktoons - freeze frame frenzy	Action
GBA	nhl 2002	Sports
GBA	nicktoons racing	Racing
GBA	nihon pro mahjong renmei kounin - tetsuman advance - menkyo kaiden series	Board
GBA	ninja cop	Platform
GBA	ninja five-0	Platform
GBA	nicktoons unite!	Platform
GBA	no no no puzzle chailien	Puzzle
GBA	nobunaga ibun	Strategy
GBA	no rules - get phat	Platform
GBA	nobunaga no yabou	Strategy
GBA	noddy - a day in toyland	Platform
GBA	ochaken kururin - honwaka puzzle de hotto shiyo	Simulation
GBA	nos voisins, les hommes	Adventure
GBA	ochaken no heya	Simulation
GBA	ochaken no yume bouken	Platform
GBA	oddworld - munch's oddysee	Adventure
GBA	okumanchouja game - nottori daisakusen!	Board
GBA	one piece	Platform
GBA	ohanaya-san monogatari gba - iyashikei ohanaya-san ikusei game	Simulation
GBA	one piece - going baseball - haejeok yaku	Sports
GBA	one piece - dragon dream	Role-playing (RPG)
GBA	one piece - going baseball - kaizoku yakyuu	Sports
GBA	one piece - ilgop seomui debomool	Role-playing (RPG)
GBA	onimusha tactics	Strategy
GBA	onmyou taisenki - zeroshiki	Role-playing (RPG)
GBA	open season	Platform
GBA	operation armored liberty	Simulation
GBA	oriental blue - ao no tengai	Role-playing (RPG)
GBA	oshaberi inko club	Strategy
GBA	oshare princess	Action
GBA	oshare princess 2 + doubutsu kyaranabi uranai	Compilation
GBA	oshare princess 3	Adventure
GBA	oshare princess 5	Adventure
GBA	oshare wanko	Simulation
GBA	ottifanten pinball	Pinball
GBA	ougon no taiyou - ushinawareshi toki	Role-playing (RPG)
GBA	over the hedge	Adventure
GBA	ougon no taiyou - hirakareshi fuuin	Role-playing (RPG)
GBA	over the hedge - beesten bij de buren	Adventure
GBA	over the hedge - hammy goes nuts!	Sports
GBA	paard & pony - paard in galop	Simulation
GBA	pac-man collection	Action
GBA	paard & pony - mijn manege	Simulation
GBA	overstorm	Platform
GBA	ozzy & drix	Platform
GBA	pac-man pinball advance	Pinball
GBA	pac-man world	Platform
GBA	pac-man world & ms. pac-man - maze madness	Compilation
GBA	pac-man world 2	Platform
GBA	paws & claws - best friends - dogs & cats	Simulation
GBA	paws & claws - pet resort	Simulation
GBA	paws & claws - pet vet	Simulation
GBA	payback	Racing
GBA	pazuninn - umininn no puzzle de nimu	Puzzle
GBA	penny racers	Racing
GBA	peter pan - return to neverland	Action
GBA	peter pan - the motion picture event	Simulation
GBA	petz - hamsterz life 2	Simulation
GBA	petz vet	Simulation
GBA	pferd & pony - best friends - mein pferd	Simulation
GBA	pferd & pony - lass uns reiten 2	Simulation
GBA	pferd & pony - mein gestuet	Simulation
GBA	pferd & pony - mein pferdehof	Simulation
GBA	phalanx	Shoot'em Up
GBA	phantasy star collection	Compilation
GBA	phil of the future	Adventure
GBA	piglet's big game	Adventure
GBA	pinball advance	Pinball
GBA	pia carrot e youkoso!! 3.3	Adventure
GBA	pinball challenge deluxe	Pinball
GBA	pinball of the dead, the	Pinball
GBA	pinball tycoon	Pinball
GBA	pikapika nurse monogatari - nurse ikusei game	Strategy
GBA	pink panther - pinkadelic pursuit	Platform
GBA	pinky and the brain - the master plan	Platform
GBA	pinky monkey town	Thinking
GBA	pinobee no daibouken	Platform
GBA	pinobee - wings of adventure	Platform
GBA	pippa funnell 2	Simulation
GBA	pippa funnell - stable adventure	Simulation
GBA	pirates of the caribbean - dead man's chest	Adventure
GBA	pirates of the caribbean - the curse of the black pearl	Adventure
GBA	pitfall - l'expedition perdue	Platform
GBA	pitfall - the lost expedition	Platform
GBA	pitfall - the mayan adventure	Platform
GBA	pixeline i pixieland	Adventure
GBA	planet monsters	Action
GBA	planet of the apes	Adventure
GBA	play novel - silent hill	Thinking
GBA	pocket dogs	Simulation
GBA	pocket monsters - emerald	Role-playing (RPG)
GBA	pocket monsters - firered	Role-playing (RPG)
GBA	pocket monsters - leafgreen	Role-playing (RPG)
GBA	pocket monsters - ruby	Role-playing (RPG)
GBA	pocket monsters - sapphire	Role-playing (RPG)
GBA	pocket music	Music / Dancing
GBA	pocket professor - kwik notes - volume one	Educational
GBA	pocky & rocky with becky	Action
GBA	poke inu	Simulation
GBA	pokemon - blattgruene edition	Role-playing (RPG)
GBA	pokemon - edicion esmeralda	Role-playing (RPG)
GBA	pokemon - edicion rojo fuego	Role-playing (RPG)
GBA	pokemon - edicion rubi	Role-playing (RPG)
GBA	pokemon - edicion verde hoja	Role-playing (RPG)
GBA	pokemon - edicion zafiro	Role-playing (RPG)
GBA	pokemon - emerald version	Role-playing (RPG)
GBA	pokemon - feuerrote edition	Role-playing (RPG)
GBA	pokemon - firered version	Role-playing (RPG)
GBA	pokemon - leaf green	Role-playing (RPG)
GBA	pokemon - leafgreen version	Role-playing (RPG)
GBA	pokemon - rubin-edition	Role-playing (RPG)
GBA	pokemon - ruby version	Role-playing (RPG)
GBA	pokemon - saphir-edition	Role-playing (RPG)
GBA	pokemon - sapphire version	Role-playing (RPG)
GBA	pokemon - smaragd-edition	Role-playing (RPG)
GBA	pokemon - version emeraude	Role-playing (RPG)
GBA	pokemon - version rouge feu	Role-playing (RPG)
GBA	pokemon - version rubis	Role-playing (RPG)
GBA	pokemon - version saphir	Role-playing (RPG)
GBA	pokemon - version vert feuille	Role-playing (RPG)
GBA	pokemon - versione rosso fuoco	Role-playing (RPG)
GBA	pokemon - versione rubino	Role-playing (RPG)
GBA	pokemon - versione smeraldo	Role-playing (RPG)
GBA	pokemon - versione zaffiro	Role-playing (RPG)
GBA	pokemon mystery dungeon - red rescue team	Role-playing (RPG)
GBA	pokemon pinball - ruby & sapphire	Pinball
GBA	pokemon - versione verde foglia	Role-playing (RPG)
GBA	pokemon fushigi no dungeon - aka no kyuujotai	Role-playing (RPG)
GBA	polar express, the	Adventure
GBA	polarium advance	Strategy
GBA	polly pocket! - super splash island	Casual Game
GBA	pop idol	Music / Dancing
GBA	popeye - rush for spinach	Platform
GBA	postman pat and the greendale rocket	Action
GBA	power poke dash	Sports
GBA	power pro kun pocket 1, 2	Sports
GBA	power pro kun pocket 3	Sports
GBA	power pro kun pocket 4	Sports
GBA	power pro kun pocket 5	Sports
GBA	power pro kun pocket 6	Sports
GBA	power pro kun pocket 7	Sports
GBA	power rangers - dino thunder	Adventure
GBA	power rangers - la force du temps	Platform
GBA	power rangers - ninja storm	Adventure
GBA	power rangers - time force	Platform
GBA	power rangers - wild force	Beat'em Up
GBA	power rangers s.p.d.	Beat'em Up
GBA	powerpuff girls, the - him and seek	Adventure
GBA	powerpuff girls, the - mojo jojo a-go-go	Shoot'em Up
GBA	prehistorik man	Platform
GBA	premier action soccer	Sports
GBA	premier manager 2003-04	Sports
GBA	premier manager 2005-2006	Action
GBA	premier manager 2004-2005	Sports
GBA	prince of persia - the sands of time	Platform
GBA	princess natasha - student, secret agent, princess	Action
GBA	pro tennis wta tour	Action
GBA	pro beach soccer	Sports
GBA	pro yakyuu team o tsukurou! advance	Sports
GBA	proud family, the	Adventure
GBA	pukupuku tennen kairanban	Adventure
GBA	pukupuku tennen kairanban - koi no cupid daisakusen	Adventure
GBA	pukupuku tennen kairanban - youkoso! illusion land he	Adventure
GBA	pro mahjong tsuwamono gba	Board
GBA	punch king - arcade boxing	Sports
GBA	puppy luv - spa and resort	Simulation
GBA	puyo pop	Puzzle
GBA	puyo pop fever	Puzzle
GBA	puzzle & tantei collection	Compilation
GBA	puyo puyo fever	Puzzle
GBA	quad desert fury	Racing
GBA	qui veut gagner des millions	Quiz
GBA	quiere ser millonario	Quiz
GBA	qwak	Action
GBA	r-type iii - the third lightning	Shoot'em Up
GBA	racing fever	Racing
GBA	racing gears advance	Racing
GBA	rampage - puzzle attack	Puzzle
GBA	rapala pro fishing	Hunting and Fishing
GBA	ratatouille	Platform
GBA	rayman - 10th anniversary	Compilation
GBA	rayman - hoodlum's revenge	Platform
GBA	rayman - hoodlums' revenge	Platform
GBA	rayman - raving rabbids	Platform
GBA	rave master - special attack force!	Fighting
GBA	rayman 3	Platform
GBA	rayman advance	Platform
GBA	razbitume! - restez branches!	Adventure
GBA	razmoket rencontrent les delajungle, les	Platform
GBA	razmoket, les - a moi la fiesta	Platform
GBA	razmoket, les - voler n'est pas jouer	Platform
GBA	razor freestyle scooter	Sports
GBA	ready 2 rumble boxing - round 2	Sports
GBA	rebelstar - tactical command	Strategy
GBA	reign of fire	Adventure
GBA	revenge of shinobi, the	Platform
GBA	revenge of the smurfs, the	Platform
GBA	rescue heroes - billy blazes!	Platform
GBA	resident evil 2	Adventure
GBA	ripping friends, the - the world's most manly men!	Beat'em Up
GBA	river city ransom ex	Beat'em Up
GBA	riviera - the promised land	Role-playing (RPG)
GBA	riviera - yakusoku no chi riviera	Role-playing (RPG)
GBA	road rash - jailbreak	Racing
GBA	robopon 2 - cross version	Role-playing (RPG)
GBA	robopon 2 - ring version	Role-playing (RPG)
GBA	robot poncots 2 - cross version	Role-playing (RPG)
GBA	robot poncots 2 - ring version	Role-playing (RPG)
GBA	robot wars - advanced destruction	Fighting
GBA	robot wars - extreme destruction	Fighting
GBA	robotech - the macross saga	Shoot'em Up
GBA	robots	Adventure
GBA	rock 'n roll racing	Racing
GBA	rock'em sock'em robots	Fighting
GBA	rocket power - beach bandits	Platform
GBA	rocket power - le cauchemar d'otto	Platform
GBA	rocket power - zero gravity zone	Sports
GBA	rockman exe - battle chip gp	Card
GBA	rockman & forte	Platform
GBA	rocket power - dream scheme	Platform
GBA	rockman exe 4 - tournament blue moon	Strategy
GBA	rockman exe 4 - tournament red sun	Role-playing (RPG)
GBA	rockman exe 4.5 - real operation	Role-playing (RPG)
GBA	rockman exe 5 - team of blues	Strategy
GBA	rockman exe 5 - team of colonel	Role-playing (RPG)
GBA	rockman exe 6 - dennoujuu falzar	Role-playing (RPG)
GBA	rockman exe 6 - dennoujuu gregar	Strategy
GBA	rockman zero	Platform
GBA	rockman zero 2	Platform
GBA	rockman zero 3	Platform
GBA	rockman zero 4	Platform
GBA	rocky	Sports
GBA	rpg tsukuru advance	Role-playing (RPG)
GBA	rugrats - castle capers	Platform
GBA	rugrats - i gotta go party	Platform
GBA	rugrats - travesuras en el castillo	Platform
GBA	sabre wulf	Platform
GBA	rugrats - go wild	Platform
GBA	sabrina the teenage witch - potion commotion	Platform
GBA	saibara rieko no dendou mahjong	Board
GBA	salt lake 2002	Sports
GBA	samurai deeper kyo	Beat'em Up
GBA	samurai jack - the amulet of time	Platform
GBA	sangokushi	Strategy
GBA	sangokushi - koumeiden	Strategy
GBA	sangokushi - eiketsuden	Strategy
GBA	sanrio puroland - all characters	Board
GBA	santa claus jr. advance	Platform
GBA	santa clause 3, the - the escape clause	Platform
GBA	santa claus saves the earth	Platform
GBA	scan hunter - sennen kaigyo o oe!	Hunting and Fishing
GBA	scooby-doo	Adventure
GBA	scooby-doo 2 - monsters unleashed	Platform
GBA	scooby-doo and the cyber chase	Adventure
GBA	scooby-doo! - mystery mayhem	Adventure
GBA	scooby-doo! - unmasked	Platform
GBA	scorpion king, the - sword of osiris	Platform
GBA	scrabble	Board
GBA	scrabble blast!	Strategy
GBA	scrabble scramble!	Strategy
GBA	screw breaker - goushin dorirurero	Platform
GBA	scurge - hive	Role-playing (RPG)
GBA	sd gundam force	Beat'em Up
GBA	sd gundam g generation advance	Strategy
GBA	sea trader - rise of taipan	Simulation
GBA	secret agent barbie - royal jewels mission	Platform
GBA	sega arcade gallery	Compilation
GBA	sega rally championship	Racing
GBA	sega smash pack	Compilation
GBA	sengoku kakumei gaiden	Role-playing (RPG)
GBA	sennen kazoku	Simulation
GBA	serious sam advance	Shooter
GBA	shaman king - legacy of the spirits - soaring hawk	Role-playing (RPG)
GBA	shaman king - legacy of the spirits - sprinting wolf	Role-playing (RPG)
GBA	shaman king - master of spirits	Role-playing (RPG)
GBA	shaman king - master of spirits 2	Platform
GBA	shamu's deep sea adventures	Adventure
GBA	shanghai advance	Board
GBA	shark tale	Platform
GBA	shaun palmer's pro snowboarder	Sports
GBA	sheep	Puzzle
GBA	shimura ken no baka tonosama - bakushou tenka touitsu game	Board
GBA	shifting gears - road trip	Racing
GBA	shin bokura no taiyou - gyakushuu no sabata	Role-playing (RPG)
GBA	shin kisekae monogatari	Adventure
GBA	shin chan contra los munecos de shock gahn	Action
GBA	shin megami tensei - devil children - messiah riser	Strategy
GBA	shin megami tensei	Role-playing (RPG)
GBA	shin megami tensei - devil children - koori no sho	Role-playing (RPG)
GBA	shin megami tensei - devil children - honoo no sho	Role-playing (RPG)
GBA	shin megami tensei devil children - yami no sho	Role-playing (RPG)
GBA	shin megami tensei - devil children - puzzle de call!	Puzzle
GBA	shin megami tensei devil children - hikari no sho	Role-playing (RPG)
GBA	shin nihon pro wrestling - toukon retsuden advance	Fighting
GBA	shin megami tensei ii	Role-playing (RPG)
GBA	shin sangoku musou advance	Beat'em Up
GBA	shingata medarot - kabuto version	Role-playing (RPG)
GBA	shingata medarot - kuwagata version	Role-playing (RPG)
GBA	shining force - kuroki ryuu no fukkatsu	Role-playing (RPG)
GBA	shining force - resurrection of the dark dragon	Role-playing (RPG)
GBA	shining soul	Role-playing (RPG)
GBA	shining soul ii	Role-playing (RPG)
GBA	shiren monsters - netsal	Simulation
GBA	shinyaku seiken densetsu	Role-playing (RPG)
GBA	shrek - hassle at the castle	Platform
GBA	shrek - reekin' havoc	Beat'em Up
GBA	shrek - smash n' crash racing	Racing
GBA	shrek - super slam	Fighting
GBA	shrek - swamp kart speedway	Racing
GBA	shrek 2	Adventure
GBA	shrek the third	Platform
GBA	shrek 2 - beg for mercy	Platform
GBA	sigma star saga	Role-playing (RPG)
GBA	silent scope	Action
GBA	silk to cotton	Adventure
GBA	simcity 2000	Strategy
GBA	simple 2960 tomodachi series vol. 3 - the itsudemo puzzle - massugu soroete straws	Board
GBA	simple 2960 tomodachi series vol. 1 - the table game collection - mahjong, shougi, hanafuda, reversi	Board
GBA	simpsons, the - road rage	Racing
GBA	sims 2, the	Simulation
GBA	sims 2, the - pets	Simulation
GBA	sims, the	Simulation
GBA	sims, the - bustin' out	Simulation
GBA	sitafei de chuanshuo	Platform
GBA	sitafei de chuanshuo 2	Platform
GBA	sitting ducks	Action
GBA	sky dancers - they magically fly!	Platform
GBA	sk8 - tony hawk's pro skater 2	Sports
GBA	smashing drive	Racing
GBA	smuggler's run	Racing
GBA	snood	Puzzle
GBA	snap kid's	Role-playing (RPG)
GBA	snood 2 - on vacation	Puzzle
GBA	soccer kid	Platform
GBA	soccer mania	Sports
GBA	sonic advance	Platform
GBA	sonic advance 2	Platform
GBA	sonic advance 3	Platform
GBA	sonic battle	Action
GBA	sonic pinball party	Pinball
GBA	sonic the hedgehog - genesis	Platform
GBA	sound of thunder, a	Action
GBA	space channel 5 - ulala's cosmic attack	Music / Dancing
GBA	space hexcite - maetel legend ex	Puzzle
GBA	space invaders	Shoot'em Up
GBA	speedball 2	Sports
GBA	spider-man	Platform
GBA	space invaders ex	Shoot'em Up
GBA	spider-man - battle for new york	Platform
GBA	spider-man - mysterio's menace	Platform
GBA	spider-man 2	Platform
GBA	spider-man - mysterio no kyoui	Platform
GBA	spider-man 3	Platform
GBA	spirit - der wilde mustang - auf der suche nach homeland	Action
GBA	spirit - l'etalon des plaines - a la recherche de la terre natale	Action
GBA	spirit - stallion of the cimarron - search for homeland	Action
GBA	spirits & spells	Platform
GBA	spongebob and friends - attack of the toybots	Platform
GBA	spongebob squarepants - battle for bikini bottom	Platform
GBA	spongebob squarepants - creature from the krusty krab	Platform
GBA	spongebob squarepants - lights, camera, pants!	Platform
GBA	spongebob squarepants - revenge of the flying dutchman	Platform
GBA	spongebob squarepants - supersponge	Platform
GBA	spongebob squarepants and friends in freeze frame frenzy	Action
GBA	spongebob squarepants and friends - battle for volcano island	Platform
GBA	spongebob squarepants and friends unite!	Platform
GBA	spongebob squarepants movie, the	Platform
GBA	spongebob's atlantis squarepantis	Platform
GBA	sports illustrated for kids - baseball	Sports
GBA	sportsmans pack 2 in 1 - cabela's big game hunter + rapala pro fishing	Compilation
GBA	sports illustrated for kids - football	Sports
GBA	spy hunter	Racing
GBA	spy kids 3-d - game over	Platform
GBA	spy kids challenger	Platform
GBA	spyro - attack of the rhynocs	Platform
GBA	spy muppets - license to croak	Casual Game
GBA	spyro - season of ice	Platform
GBA	spyro 2 - season of flame	Platform
GBA	spyro advance	Platform
GBA	spyro advance - wakuwaku tomodachi daisakusen!	Platform
GBA	spyro adventure	Platform
GBA	spyro fusion	Platform
GBA	spyro orange - the cortex conspiracy	Platform
GBA	spyro superpack - spyro - season of ice + spyro 2 - season of flame	Compilation
GBA	ssx 3	Sports
GBA	ssx tricky	Sports
GBA	stadium games	Sports
GBA	star wars - episode ii - attack of the clones	Platform
GBA	star wars - episode iii - revenge of the sith	Beat'em Up
GBA	star wars - flight of the falcon	Shooter
GBA	star wars - jedi power battles	Adventure
GBA	star wars - the new droid army	Adventure
GBA	star wars trilogy - apprentice of the force	Platform
GBA	star x	Shooter
GBA	starsky & hutch	Racing
GBA	steel empire	Shoot'em Up
GBA	strawberry shortcake - ice cream island - riding camp	Adventure
GBA	strawberry shortcake - summertime adventure	Adventure
GBA	strawberry shortcake - summertime adventure - special edition	Adventure
GBA	strawberry shortcake - sweet dreams	Adventure
GBA	street fighter alpha 3	Fighting
GBA	street fighter zero 3 upper	Fighting
GBA	street jam basketball	Sports
GBA	street racing syndicate	Racing
GBA	strike force hydra	Shoot'em Up
GBA	stuart little 2	Platform
GBA	stuntman	Racing
GBA	sum of all fears, the	Shooter
GBA	suite life of zack & cody, the - tipton caper	Adventure
GBA	summon night - craft sword monogatari	Role-playing (RPG)
GBA	summon night - craft sword monogatari - hajimari no ishi	Role-playing (RPG)
GBA	summon night - craft sword monogatari 2	Role-playing (RPG)
GBA	summon night - swordcraft story 2	Role-playing (RPG)
GBA	super army war	Shooter
GBA	summon night - swordcraft story	Role-playing (RPG)
GBA	super black bass advance	Hunting and Fishing
GBA	super bubble pop	Puzzle
GBA	super bust-a-move	Puzzle
GBA	super dodge ball advance	Sports
GBA	super collapse! ii	Puzzle
GBA	super donkey kong	Platform
GBA	super donkey kong 2	Platform
GBA	super donkey kong 3	Platform
GBA	super dropzone - intergalactic rescue mission	Shoot'em Up
GBA	super duper sumos	Beat'em Up
GBA	super hornet fa 18f	Simulation
GBA	super ghouls'n ghosts	Platform
GBA	super mario advance	Platform
GBA	super mario advance - super mario usa + mario brothers	Platform
GBA	super mario advance 2 - super mario world	Platform
GBA	super mario advance 2 - super mario world + mario brothers	Platform
GBA	super mario advance 3 - yoshi's island	Platform
GBA	super mario advance 3 - yoshi's island + mario brothers	Platform
GBA	super mario advance 4 - super mario 3 + mario brothers	Platform
GBA	super mario advance 4 - super mario bros. 3	Platform
GBA	super mario ball	Pinball
GBA	super mario bros.	Action
GBA	super monkey ball jr.	Action
GBA	super puzzle bobble advance	Puzzle
GBA	super puzzle fighter ii	Puzzle
GBA	super real mahjong dousoukai	Board
GBA	super robot taisen - original generation	Role-playing (RPG)
GBA	super robot taisen - original generation 2	Role-playing (RPG)
GBA	super robot taisen a	Role-playing (RPG)
GBA	super robot taisen r	Role-playing (RPG)
GBA	super street fighter ii turbo - revival	Fighting
GBA	super robot taisen j	Strategy
GBA	super street fighter ii x - revival	Fighting
GBA	superman - countdown to apokolips	Fighting
GBA	superman returns - fortress of solitude	Puzzle
GBA	surf's up	Sports
GBA	sweet cookie pie	Action
GBA	sword of mana	Role-playing (RPG)
GBA	tactics ogre - the knight of lodis	Role-playing (RPG)
GBA	tactics ogre gaiden - the knight of lodis	Role-playing (RPG)
GBA	taiketsu! ultra hero	Fighting
GBA	tak - the great juju challenge	Platform
GBA	tak 2 - the staff of dreams	Platform
GBA	tak and the power of juju	Platform
GBA	tales of phantasia	Role-playing (RPG)
GBA	tales of the world - narikiri dungeon 2	Role-playing (RPG)
GBA	tales of the world - narikiri dungeon 3	Role-playing (RPG)
GBA	tales of the world - summoner's lineage	Strategy
GBA	tanbi musou - meine liebe	Adventure
GBA	tang tang	Puzzle
GBA	tantei gakuen q - kyuukyoku trick ni idome!	Adventure
GBA	tantei gakuen q - meitantei wa kimi da!	Adventure
GBA	tantei jinguuji saburou - shiroi kage no shoujo	Adventure
GBA	tarzan - return to the jungle	Platform
GBA	tarzan - l'appel de la jungle	Platform
GBA	taxi 3	Racing
GBA	tarzan - rueckkehr in den dschungel	Platform
GBA	teen titans	Platform
GBA	teen titans 2	Action
GBA	teenage mutant ninja turtles	Beat'em Up
GBA	teenage mutant ninja turtles 2	Beat'em Up
GBA	teenage mutant ninja turtles double pack	Beat'em Up
GBA	teenage mutant ninja turtles 2 - battle nexus	Beat'em Up
GBA	tekken advance	Fighting
GBA	tennis masters series 2003	Sports
GBA	ten pin alley 2	Sports
GBA	tennis no ouji-sama - aim at the victory!	Sports
GBA	tennis no ouji-sama - genius boys academy	Sports
GBA	tennis no ouji-sama 2003 - cool blue	Sports
GBA	tennis no ouji-sama 2003 - passion red	Sports
GBA	tennis no ouji-sama 2004 - glorious gold	Sports
GBA	tennis no ouji-sama 2004 - stylish silver	Sports
GBA	terminator 3 - rise of the machines	Shooter
GBA	tetris worlds	Puzzle
GBA	texas hold 'em poker	Gambling
GBA	tg rally	Racing
GBA	that's so raven	Platform
GBA	three-in-one pack - risk + battleship + clue	Board
GBA	that's so raven 2 - supernatural style	Platform
GBA	three-in-one pack - connect four + perfection + trouble	Board
GBA	three stooges, the	Platform
GBA	three-in-one pack - sorry! + aggravation + scrabble junior	Board
GBA	thunder alley	Racing
GBA	thunderbirds - international rescue	Shoot'em Up
GBA	thunderbirds	Adventure
GBA	tiger woods pga tour golf	Sports
GBA	tiger woods pga tour 2004	Sports
GBA	tim burton's the nightmare before christmas - the pumpkin king	Platform
GBA	tiny toon adventures - buster's bad dream	Fighting
GBA	tiny toon adventures - scary dreams	Fighting
GBA	tiny toon adventures - wacky stackers	Puzzle
GBA	tir et but - edition champions du monde	Quiz
GBA	titeuf - mega compet	Casual Game
GBA	titeuf - ze gag machine	Platform
GBA	tmnt	Beat'em Up
GBA	tmnt - teenage mutant ninja turtles	Beat'em Up
GBA	toca world touring cars	Racing
GBA	tokimeki yume series 1 - ohanaya-san ni narou!	Strategy
GBA	tokyo majin gakuen - fuju houroku	Strategy
GBA	tokyo xtreme racer advance	Racing
GBA	tom and jerry - the magic ring	Beat'em Up
GBA	tom and jerry in infurnal escape	Platform
GBA	tom and jerry tales	Platform
GBA	tom clancy's rainbow six - rogue spear	Shooter
GBA	tom clancy's splinter cell	Action
GBA	tom clancy's splinter cell - pandora tomorrow	Adventure
GBA	tomato adventure	Role-playing (RPG)
GBA	tongqin yi bi	Strategy
GBA	tonka - on the job	Simulation
GBA	tony hawk's american sk8land	Sports
GBA	tony hawk's downhill jam	Sports
GBA	tony hawk's pro skater 2	Sports
GBA	tony hawk's pro skater 3	Sports
GBA	tony hawk's pro skater 4	Sports
GBA	tony hawk's underground 2	Sports
GBA	tootuff - the gag machine	Platform
GBA	tony hawk's underground	Sports
GBA	top gear gt championship	Racing
GBA	top gear rally	Racing
GBA	top gun - combat zones	Shooter
GBA	top gun - firestorm advance	Shooter
GBA	top spin 2	Sports
GBA	total soccer 2002	Sports
GBA	total soccer advance	Sports
GBA	total soccer manager	Sports
GBA	totally spies!	Platform
GBA	totally spies! 2 - undercover	Casual Game
GBA	tottoko hamutarou - hamu-hamu sports	Sports
GBA	tottoko hamutarou 3 - love love daibouken dechu	Adventure
GBA	touhai densetsu akagi - yami ni mai orita tensai	Board
GBA	tottoko hamutarou 4 - nijiiro daikoushin dechu	Adventure
GBA	toukon heat	Sports
GBA	tower sp, the	Simulation
GBA	toy robo force	Shooter
GBA	treasure planet	Platform
GBA	trick star	Racing
GBA	tringo	Puzzle
GBA	trollz - hair affair!	Casual Game
GBA	tron 2.0 - killer app	Adventure
GBA	tsuukin hitofude	Strategy
GBA	turbo turtle adventure	Puzzle
GBA	turok - evolution	Shooter
GBA	twin series 1 - mezase debut! - fashion designer monogatari + kawaii pet game gallery 2	Compilation
GBA	twin series 2 - oshare princess 4 + renai uranai daisakusen! + renai party game - sweet heart	Compilation
GBA	twin series 3 - konchuu monster - ouja ketteisen + super chinese labyrinth	Compilation
GBA	twin series 6 - wannyan idol gakuen + koinu to issho special	Compilation
GBA	twin series 4 - hamu hamu monster ex - hamster monogatari rpg + fantasy puzzle - hamster monogatari - mahou no meikyuu 1.2.3	Compilation
GBA	twin series 5 - mahou no kuni no cake-ya-san monogatari + wanwan meitantei ex	Compilation
GBA	ty the tasmanian tiger 2 - bush rescue	Platform
GBA	ty the tasmanian tiger 3 - night of the quinkan	Platform
GBA	twin series 7 - twin puzzle - kisekae wanko ex + nyaa to chuu no rainbow magic 2	Compilation
GBA	tyrian 2000	Shoot'em Up
GBA	uchuu daisakusen choco vader - uchuu kara no shinryakusha	Role-playing (RPG)
GBA	ultimate arcade games	Action
GBA	ultimate beach soccer	Sports
GBA	ui-ire - world soccer winning eleven	Sports
GBA	ultimate brain games	Board
GBA	ultimate card games	Card
GBA	ultimate puzzle games	Puzzle
GBA	ultimate muscle - the kinnikuman legacy - the path of the superhero	Sports
GBA	ultimate spider-man	Platform
GBA	ultimate winter games	Sports
GBA	ultra keibitai - monster attack	Simulation
GBA	unfabulous	Adventure
GBA	unglaublichen, die	Beat'em Up
GBA	uno - free fall	Puzzle
GBA	uno 52	Card
GBA	urban yeti!	Adventure
GBA	urbz, the - sims in the city	Simulation
GBA	v-master cross	Role-playing (RPG)
GBA	v-rally 3	Racing
GBA	v.i.p.	Platform
GBA	van helsing	Adventure
GBA	vattroller x	Role-playing (RPG)
GBA	vattroller x - taikenban	Role-playing (RPG)
GBA	vecinos invasores	Adventure
GBA	veggietales - larryboy and the bad apple	Adventure
GBA	virtua tennis	Sports
GBA	virtual kasparov	Board
GBA	w.i.t.c.h.	Platform
GBA	wagamama fairy mirumo de pon! - 8 nin no toki no yousei	Adventure
GBA	wagamama fairy mirumo de pon! - dokidoki memorial panic	Adventure
GBA	wade hixton's counter punch	Sports
GBA	wagamama fairy mirumo de pon! - nazo no kagi to shinjitsu no tobira	Action
GBA	wagamama fairy mirumo de pon! - ougon maracas no densetsu	Adventure
GBA	wagamama fairy mirumo de pon! - taisen mahoudama	Puzzle
GBA	wakeboarding unleashed featuring shaun murray	Sports
GBA	wagamama fairy mirumo de pon! - yume no kakera	Adventure
GBA	waliou xunbao ji	Platform
GBA	waliou zhizao	Casual Game
GBA	wanko de kururin! wancle	Puzzle
GBA	wanko mix chiwanko world	Adventure
GBA	wannyan doubutsu byouin - doubutsu no oishasan ikusei game	Simulation
GBA	wanwan meitantei	Adventure
GBA	wario land 4	Platform
GBA	wario land advance - youki no otakara	Platform
GBA	warioware - twisted!	Casual Game
GBA	warioware, inc. - mega microgame$!	Casual Game
GBA	warioware, inc. - minigame mania	Casual Game
GBA	weekend miljonairs	Quiz
GBA	whac-a-mole	Shooter
GBA	wer wird millionaer	Quiz
GBA	whistle! - dai-37-kai tokyo-to chuugakkou sougou taiiku soccer taikai	Sports
GBA	who wants to be a millionaire	Quiz
GBA	who wants to be a millionaire - 2nd edition	Quiz
GBA	who wants to be a millionaire junior	Quiz
GBA	wild thornberrys movie, the	Adventure
GBA	wild thornberrys, the - chimp chase	Platform
GBA	wild, the	Adventure
GBA	wing commander - prophecy	Simulation
GBA	wings	Shooter
GBA	winnie the pooh's rumbly tumbly adventure	Adventure
GBA	winning post for game boy advance	Sports with Animals
GBA	winter sports	Sports
GBA	winx club	Adventure
GBA	winx club - quest for the codex	Adventure
GBA	wizardry summoner	Role-playing (RPG)
GBA	wolfenstein 3d	Shooter
GBA	woody woodpecker - crazy castle 5	Platform
GBA	woody woodpecker in crazy castle 5	Platform
GBA	word safari - the friendship totems	Educational
GBA	world advance soccer - shouri e no michi	Sports
GBA	world championship poker	Gambling
GBA	world poker tour	Gambling
GBA	world reborn	Shoot'em Up
GBA	world tennis stars	Sports
GBA	worms - world party	Strategy
GBA	worms blast	Puzzle
GBA	wta tour tennis pocket	Action
GBA	wta tour tennis	Action
GBA	wwe - road to wrestlemania x8	Sports
GBA	wwe - survivor series	Sports
GBA	wwf - road to wrestlemania	Sports
GBA	x-bladez - inline skater	Racing
GBA	x-men - reign of apocalypse	Beat'em Up
GBA	x-men - the official game	Platform
GBA	x-men 2 - la vengeance de wolverine	Platform
GBA	x2 - wolverine's revenge	Platform
GBA	xs moto	Racing
GBA	xxx	Platform
GBA	yaobai senxigang	Platform
GBA	yaoxi dao	Platform
GBA	yggdra union	Role-playing (RPG)
GBA	yggdra union - we'll never fight alone	Role-playing (RPG)
GBA	yoshi no banyuuinryoku	Platform
GBA	yoshi topsy-turvy	Platform
GBA	yoshi's universal gravitation	Platform
GBA	youkaidou	Puzzle
GBA	yu yu hakusho - ghostfiles - spirit detective	Role-playing (RPG)
GBA	yu yu hakusho - ghostfiles - tournament tactics	Role-playing (RPG)
GBA	yu-gi-oh! - 7 trials to glory - world championship tournament 2005	Card
GBA	yu-gi-oh! - day of the duelist - world championship tournament 2005	Card
GBA	yu-gi-oh! - destiny board traveler	Board
GBA	yu-gi-oh! - dungeon dice monsters	Strategy
GBA	yu-gi-oh! - reshef of destruction	Card
GBA	yu-gi-oh! - sugoroku no sugoroku	Board
GBA	yu-gi-oh! - the eternal duelist soul	Card
GBA	yu-gi-oh! - the sacred cards	Card
GBA	yu-gi-oh! - ultimate masters - world championship tournament 2006	Card
GBA	yu-gi-oh! - ultimate masters edition - world championship tournament 2006	Card
GBA	yu-gi-oh! - world championship tournament 2004	Card
GBA	yu-gi-oh! - worldwide edition - stairway to the destined duel	Card
GBA	yu-gi-oh! double pack 2	Compilation
GBA	yu-gi-oh! duel monsters 5 expert 1	Card
GBA	yu-gi-oh! duel monsters 6 expert 2	Strategy
GBA	yu-gi-oh! duel monsters 7 - kettou toshi densetsu	Card
GBA	yu-gi-oh! duel monsters expert 2006	Card
GBA	yu-gi-oh! duel monsters 8 - hametsu no daijashin	Card
GBA	yu-gi-oh! duel monsters gx - mezase duel king!	Card
GBA	yu-gi-oh! duel monsters expert 3	Card
GBA	yu-gi-oh! duel monsters international - worldwide edition	Card
GBA	yu-gi-oh! duel monsters international 2	Card
GBA	yu-gi-oh! gx - duel academy	Card
GBA	yumemi-chan no naritai series 3 - watashi no makesalon	Strategy
GBA	yuujou no victory goal 4v4 arashi - get the goal!!	Sports
GBA	z.o.e. 2173 - testament	Strategy
GBA	zapper	Platform
GBA	zapper - one wicked cricket!	Platform
GBA	zatchbell! - electric arena	Fighting
GBA	zelda no densetsu - fushigi no boushi	Role-playing (RPG)
GBA	zelda no densetsu - kamigami no triforce & 4tsu no tsurugi	Role-playing (RPG)
GBA	zen-nihon gt senshuken	Racing
GBA	zen-nihon shounen soccer taikai 2 - mezase nihon-ichi!	Sports
GBA	zero one	Adventure
GBA	zettaizetsumei dangerous jiisan - naki no 1-kai - zettaifukujuu violence kouchou - wagahai ga 1-ban erainjai!!	Adventure
GBA	zettaizetsumei dangerous jiisan - shijou saikyou no dogeza	Adventure
GBA	zero one sp	Adventure
GBA	zero-tours	Role-playing (RPG)
GBA	zettaizetsumei dangerous jiisan tsuu - ikari no oshioki blues	Adventure
GBA	zettaizetsumei dangerous jiisan 3 - hateshinaki mamonogatari	Adventure
GBA	zhuanzhuanbang	Thinking
GBA	zidane - football generation 2002	Sports
GBA	zoey 101	Adventure
GBA	zoids - legacy	Role-playing (RPG)
GBA	zhuanzhuanbang tiantang	Action
GBA	zoids saga	Role-playing (RPG)
GBA	zoids saga - fuzors	Role-playing (RPG)
GBA	zoids saga ii	Role-playing (RPG)
GBA	zoku bokura no taiyou - taiyou shounen django	Platform
GBA	zone of the enders - the fist of mars	Strategy
GBA	zoocube	Strategy
GBA	zooo - action puzzle game	Puzzle
GBC	007 - the world is not enough	Shooter
GBC	102 dalmatas - cachorros al rescate	Platform
GBC	10-pin bowling	Sports
GBC	102 dalmatians - puppies to the rescue	Platform
GBC	102 dalmatiner	Platform
GBC	102 dalmatiens a la rescousse, les	Platform
GBC	1942	Action
GBC	3-d ultra pinball - thrillride	Pinball
GBC	31 in 1	Compilation
GBC	31-in-1 mighty mix	Compilation
GBC	3d pocket pool	Sports
GBC	4 in 1 + 8 in 1	Compilation
GBC	4x4 world trophy	Racing
GBC	720 degrees	Sports
GBC	action man - search for base x	Platform
GBC	adventures of the smurfs, the	Adventure
GBC	airforce delta	Simulation
GBC	aladdin	Platform
GBC	alice in wonderland	Platform
GBC	aliens - thanatos encounter	Shooter
GBC	alfred's adventure	Adventure
GBC	all star tennis 2000	Sports
GBC	all-star baseball 2000	Sports
GBC	alone in the dark - the new nightmare	Action
GBC	animal breeder 3	Role-playing (RPG)
GBC	all-star baseball 2001	Sports
GBC	animal breeder 4	Role-playing (RPG)
GBC	animastar gb	Role-playing (RPG)
GBC	animorphs	Role-playing (RPG)
GBC	anpfiff - der rtl fussball-manager	Simulation
GBC	antz	Platform
GBC	antz racing	Racing
GBC	aqualife	Strategy
GBC	antz world sportz	Sports
GBC	armada - fx racers	Racing
GBC	arle no bouken - mahou no jewel	Role-playing (RPG)
GBC	armorines - project s.w.a.r.m.	Action
GBC	army men	Strategy
GBC	army men - air combat	Shooter
GBC	army men - sarge's heroes 2	Action
GBC	army men 2	Strategy
GBC	arthur's absolutely fun day!	Casual Game
GBC	asterix - sur la trace d'idefix	Platform
GBC	asterix & obelix	Platform
GBC	asterix & obelix contre cesar	Adventure
GBC	asteroids	Action
GBC	atlantis - the lost empire	Platform
GBC	atsumete asobu kuma no pooh-san - mori no takaramono	Adventure
GBC	atv racing	Racing
GBC	austin powers - oh, behave!	Platform
GBC	austin powers - welcome to my underground lair!	Platform
GBC	atv racing & karate joe	Compilation
GBC	aventures de buzz l'eclair, les	Platform
GBC	azarashi sentai inazuma - dokidoki daisakusen!	Action
GBC	azure dreams	Role-playing (RPG)
GBC	b-daman bakugaiden - victory e no michi	Role-playing (RPG)
GBC	b-daman bakugaiden v - final mega tune	Strategy
GBC	baby felix - halloween	Platform
GBC	back to earth 3d	Demo
GBC	babe and friends	Strategy
GBC	backgammon	Board
GBC	bad badtz-maru robo battle	Action
GBC	bakusou dekotora densetsu gb special - otoko dokyou no tenka touitsu	Racing
GBC	bakusou senki metal walker gb - koutetsu no yuujou	Role-playing (RPG)
GBC	ballistic	Strategy
GBC	balloon fight gb	Platform
GBC	barbie - aventura submarina	Action
GBC	barbie - avventure nell'oceano	Action
GBC	barbie - fashion pack games	Casual Game
GBC	barbie - diepzee avontuur	Action
GBC	barbie - magic genie adventure	Adventure
GBC	barbie - meeres abenteuer	Action
GBC	barbie - chasse au tresor sous-marine	Action
GBC	barbie - ocean discovery	Action
GBC	barbie - pet rescue	Various
GBC	barca total 2000	Sports
GBC	barcode taisen bardigun	Role-playing (RPG)
GBC	bass masters classic	Hunting and Fishing
GBC	batman - chaos in gotham	Platform
GBC	batman beyond - return of the joker	Action
GBC	batman of the future - return of the joker	Action
GBC	battleship	Strategy
GBC	battletanx	Action
GBC	battle fishers	Action
GBC	beach'n ball	Sports
GBC	beatmania gb	Music / Dancing
GBC	beatmania gb 2 - gotcha mix	Music / Dancing
GBC	beatmania gb - gotcha mix 2	Music / Dancing
GBC	beauty and the beast - a board game adventure	Board
GBC	benjamin bluemchen - ein verrueckter tag im zoo	Platform
GBC	beast fighter	Action
GBC	bibi blocksberg - im bann der hexenkugel	Adventure
GBC	bikkuriman 2000 - charging card gb	Role-playing (RPG)
GBC	billy bob's huntin' 'n' fishin'	Hunting and Fishing
GBC	biohazard gaiden	Action
GBC	black bass - lure fishing	Hunting and Fishing
GBC	black onyx, the	Role-playing (RPG)
GBC	blaster master - enemy below	Platform
GBC	blade	Beat'em Up
GBC	bionic commando - elite forces	Action
GBC	blue's clues - blue's alphabet book	Educational
GBC	bob et bobette - les dompteurs du temps	Action
GBC	bob the builder - fix it fun!	Educational
GBC	boarder zone	Sports
GBC	bokujou monogatari 2 gb	Strategy
GBC	bokujou monogatari 3 gb - boy meets girl	Simulation
GBC	boku no camp-jou	Strategy
GBC	bomberman max - blue champion	Action
GBC	bomberman max - ain version	Role-playing (RPG)
GBC	bomberman max - hikari no yuusha	Action
GBC	bomberman max - red challenger	Action
GBC	bomberman max - yami no senshi	Action
GBC	bomberman quest	Role-playing (RPG)
GBC	bouken! dondoko shima	Simulation
GBC	brave saga - shinshou astaria	Role-playing (RPG)
GBC	bug's life, a	Platform
GBC	bugs bunny - crazy castle 3	Strategy
GBC	buffy the vampire slayer	Action
GBC	bugs bunny - crazy castle 4	Strategy
GBC	bugs bunny & lola bunny - operation carrot patch	Platform
GBC	bugs bunny et le chateau des catastrophes	Strategy
GBC	bugs bunny in - crazy castle 4	Strategy
GBC	burai senshi color	Action
GBC	burger burger pocket - hamburger simulation	Simulation
GBC	bundesliga stars 2001	Sports
GBC	bust-a-move 4	Puzzle
GBC	bust-a-move millennium	Puzzle
GBC	burger paradise international	Simulation
GBC	buzz lightyear of star command	Platform
GBC	caesars palace ii	Gambling
GBC	cannon fodder	Strategy
GBC	card sharks	Card
GBC	captain buzz lightyear - star command	Platform
GBC	cardcaptor sakura - itsumo sakura-chan to issho	Adventure
GBC	cardcaptor sakura - tomoeda shougakkou daiundoukai	Sports
GBC	carl lewis athletics 2000	Sports
GBC	carmageddon - carpocalypse now	Racing
GBC	casper	Adventure
GBC	caterpillar construction zone	Simulation
GBC	catwoman	Action
GBC	centipede	Shooter
GBC	catz	Simulation
GBC	championship motocross 2001 featuring ricky carmichael	Racing
GBC	chase h.q. - secret police	Racing
GBC	checkmate	Board
GBC	chi to ase to namida no koukou yakyuu	Simulation
GBC	chessmaster	Strategy
GBC	chiki chiki machine mou race	Racing
GBC	choro q - hyper customable gb	Role-playing (RPG)
GBC	classic bubble bobble	Platform
GBC	chicken run	Strategy
GBC	colin mcrae rally	Racing
GBC	columns gb - tezuka osamu characters	Strategy
GBC	command master	Role-playing (RPG)
GBC	commander keen	Adventure
GBC	conker's pocket tales	Adventure
GBC	cool bricks	Action
GBC	crazy bikers	Racing
GBC	cool hand	Gambling
GBC	croc	Platform
GBC	cross country racing	Racing
GBC	cross hunter - monster hunter version	Role-playing (RPG)
GBC	cross hunter - treasure hunter version	Role-playing (RPG)
GBC	cross hunter - x hunter version	Role-playing (RPG)
GBC	crystalis	Role-playing (RPG)
GBC	cruis'n exotica	Racing
GBC	croc 2	Platform
GBC	cubix - robots for everyone - race 'n robots	Racing
GBC	cybertiger	Sports
GBC	daffy duck - fowl play	Platform
GBC	daffy duck - subette koron de oogane mochi	Platform
GBC	daikaijuu monogatari - poyon no dungeon room	Role-playing (RPG)
GBC	daikaijuu monogatari - poyon no dungeon room 2	Action
GBC	daikatana	Role-playing (RPG)
GBC	daikatana gb	Role-playing (RPG)
GBC	daiku no gen-san - kachikachi no tonkachi ga kachi	Platform
GBC	dance dance revolution gb 2	Music / Dancing
GBC	dance dance revolution gb	Music / Dancing
GBC	dance dance revolution gb 3	Music / Dancing
GBC	data-navi pro yakyuu	Simulation
GBC	dancing furby	Music / Dancing
GBC	dance dance revolution gb - disney mix	Music / Dancing
GBC	dave mirra freestyle bmx	Sports
GBC	data-navi pro yakyuu 2	Sports
GBC	david beckham soccer	Sports
GBC	deadly skies	Simulation
GBC	deer hunter	Hunting and Fishing
GBC	david o'leary's total soccer 2000	Sports
GBC	deja vu i & ii - the casebooks of ace harding	Adventure
GBC	dear daniel no sweet adventure - kitty-chan o sagashite	Adventure
GBC	dejiko no mahjong party	Board
GBC	deja vu i & ii	Adventure
GBC	denki blocks!	Strategy
GBC	densha de go!	Simulation
GBC	dexter's laboratory - robot rampage	Platform
GBC	densha de go! 2	Simulation
GBC	dino breeder 3 - gaia fukkatsu	Simulation
GBC	dino breeder 4	Simulation
GBC	dinosaur	Adventure
GBC	diva starz	Educational
GBC	dinosaur'us	Platform
GBC	dogz	Simulation
GBC	diva starz - mall mania	Educational
GBC	dokapon! - millennium quest	Role-playing (RPG)
GBC	doki x doki sasete!!	Adventure
GBC	dokidoki densetsu - mahoujin guruguru	Role-playing (RPG)
GBC	donald duck - daisy o sukue!	Platform
GBC	donald duck - goin' quackers	Platform
GBC	donkey kong 2001	Platform
GBC	donald duck - quack attack	Platform
GBC	donkey kong gb - dinky kong & dixie kong	Platform
GBC	doraemon - kimi to pet no monogatari	Role-playing (RPG)
GBC	doraemon kart 2	Racing
GBC	donkey kong country	Platform
GBC	doraemon memories - nobita no omoide daibouken	Platform
GBC	doug - la grande aventure	Adventure
GBC	doug's big game	Adventure
GBC	dr. rin ni kiitemite! - koi no rin fuusui	Adventure
GBC	dracula - crazy vampire	Adventure
GBC	dragon ball z - densetsu no chou senshi-tachi	Role-playing (RPG)
GBC	dragon ball z - guerreros de leyenda	Role-playing (RPG)
GBC	dragon ball z - i leggendari super guerrieri	Role-playing (RPG)
GBC	dragon ball z - legendaere superkaempfer	Role-playing (RPG)
GBC	dragon ball z - legendary super warriors	Role-playing (RPG)
GBC	dragon ball z - les guerriers legendaires	Role-playing (RPG)
GBC	dragon dance	Action
GBC	dragon quest iii - soshite densetsu e...	Role-playing (RPG)
GBC	dragon quest monsters	Role-playing (RPG)
GBC	dragon quest monsters - terry no wonderland	Role-playing (RPG)
GBC	dragon quest i & ii	Role-playing (RPG)
GBC	dragon quest monsters 2 - maruta no fushigi na kagi - iru no bouken	Role-playing (RPG)
GBC	dragon quest monsters 2 - maruta no fushigi na kagi - ruka no tabidachi	Role-playing (RPG)
GBC	dragon tales - dragon adventures	Platform
GBC	dragon tales - dragon wings	Puzzle
GBC	dragon warrior i & ii	Role-playing (RPG)
GBC	dragon warrior iii	Role-playing (RPG)
GBC	dragon warrior monsters	Role-playing (RPG)
GBC	dragon warrior monsters 2 - cobi's journey	Role-playing (RPG)
GBC	dragon warrior monsters 2 - tara's adventure	Role-playing (RPG)
GBC	dragon's lair	Adventure
GBC	driver	Racing
GBC	driver - you are the wheelman	Racing
GBC	dt - lords of genomes	Adventure
GBC	dropzone	Shoot'em Up
GBC	duke nukem	Platform
GBC	dukes of hazzard, the - racing for home	Racing
GBC	dungeon savior	Role-playing (RPG)
GBC	dx jinsei game	Board
GBC	dx monopoly gb	Board
GBC	dynamike	Puzzle
GBC	e.t. - the extra-terrestrial - escape from planet earth	Adventure
GBC	e.t. - the extra-terrestrial - digital companion	Various
GBC	e.t. - the extra-terrestrial and the cosmic garden	Strategy
GBC	earthworm jim - menace 2 the galaxy	Adventure
GBC	ecw hardcore revolution	Sports
GBC	elevator action ex	Platform
GBC	elie no atelier gb	Role-playing (RPG)
GBC	emperor's new groove, the	Platform
GBC	espn international track & field	Sports
GBC	espn national hockey night	Sports
GBC	estpolis denki - yomigaeru densetsu	Role-playing (RPG)
GBC	european super league	Sports
GBC	evel knievel	Racing
GBC	extreme ghostbusters	Platform
GBC	extreme sports with the berenstain bears	Sports
GBC	f-1 world grand prix	Racing
GBC	f-18 thunder strike	Simulation
GBC	f.a. premier league stars 2001, the	Sports
GBC	f1 championship season 2000	Racing
GBC	f1 racing championship	Racing
GBC	f1 world grand prix ii for game boy color	Racing
GBC	ferret monogatari	Simulation
GBC	fifa 2000	Sports
GBC	fish files, the	Adventure
GBC	fix & foxi - episode 1 - lupo	Platform
GBC	flintstones, the - burgertime in bedrock	Platform
GBC	flipper & lopaka	Platform
GBC	formula one 2000	Racing
GBC	force 21	Strategy
GBC	fort boyard	Platform
GBC	freestyle scooter	Sports
GBC	frogger	Action
GBC	frogger 2	Action
GBC	from tv animation one piece - maboroshi no grand line boukenki!	Role-playing (RPG)
GBC	from tv animation one piece - yume no luffy kaizokudan tanjou!	Strategy
GBC	front row	Racing
GBC	front line - the next mission	Shooter
GBC	full time soccer	Sports
GBC	fushigi no dungeon - fuurai no shiren gb 2 - sabaku no majou	Role-playing (RPG)
GBC	full time soccer & hang time basketball	Compilation
GBC	gakkyuu ou yamazaki	Role-playing (RPG)
GBC	gambler densetsu tetsuya - shinjuku tenun hen	Puzzle
GBC	galaga - destination earth	Shoot'em Up
GBC	game & watch gallery 2	Compilation
GBC	game & watch gallery 3	Compilation
GBC	game boy gallery 2	Compilation
GBC	game boy gallery 3	Compilation
GBC	game boy wars 2	Strategy
GBC	game boy wars 3	Strategy
GBC	game conveni 21	Strategy
GBC	games frenzy	Puzzle
GBC	ganbare goemon - seikuushi dynamites arawaru!!	Action
GBC	ganbare! nippon! olympic 2000	Sports
GBC	ganbare goemon - tengutou no gyakushuu	Role-playing (RPG)
GBC	gb harobots	Role-playing (RPG)
GBC	gb karan koron gakuen - hanafuda mahjong	Board
GBC	geheimnis der happy hippo-insel, das	Platform
GBC	gekisou dangun racer - onsoku buster dangun dan	Simulation
GBC	gem gem monster	Role-playing (RPG)
GBC	gensou maden saiyuuki - sabaku no shijin	Role-playing (RPG)
GBC	get chuu club - minna no konchuu daizukan	Adventure
GBC	gex - enter the gecko	Adventure
GBC	gex 3 - deep pocket gecko	Platform
GBC	gex 3 - deep cover gecko	Platform
GBC	ghosts'n goblins	Action
GBC	gift	Action
GBC	glocal hexcite	Puzzle
GBC	gobs of games	Compilation
GBC	godzilla - the series	Beat'em Up
GBC	godzilla - the series - monster wars	Beat'em Up
GBC	gold and glory - the road to el dorado	Platform
GBC	golden goal	Sports
GBC	golf de ohasuta	Sports
GBC	golf daisuki!	Sports
GBC	golf ou - the king of golf	Sports
GBC	golf king	Sports
GBC	gonta no okiraku daibouken	Adventure
GBC	goraku ou tango!	Puzzle
GBC	grand theft auto	Racing
GBC	grand theft auto 2	Racing
GBC	grandia - parallel trippers	Role-playing (RPG)
GBC	granduel - shinki dungeon no hihou	Puzzle
GBC	gremlins - unleashed	Platform
GBC	grinch	Puzzle
GBC	grinch, the	Puzzle
GBC	guruguru garakutas	Role-playing (RPG)
GBC	gyouten ningen batseelor - doctor guy no yabou	Role-playing (RPG)
GBC	halloween racer	Racing
GBC	hamster club	Strategy
GBC	hamster club 2	Strategy
GBC	hamster paradise	Simulation
GBC	hamster paradise 2	Simulation
GBC	hamster paradise 3	Simulation
GBC	hamster paradise 4	Simulation
GBC	hamtaro - ham-hams unite!	Role-playing (RPG)
GBC	hamunaptra - ushinawareta sabaku no miyako	Platform
GBC	hanasaka tenshi tenten-kun no beat breaker	Strategy
GBC	hands of time	Adventure
GBC	hang time basketball	Sports
GBC	harry potter	Role-playing (RPG)
GBC	harley-davidson motor cycles - race across america	Racing
GBC	harry potter and the chamber of secrets	Role-playing (RPG)
GBC	harry potter and the sorcerer's stone	Role-playing (RPG)
GBC	harry potter to kenja no ishi	Role-playing (RPG)
GBC	harvest moon 2 gbc	Strategy
GBC	harvest moon 3 gbc	Simulation
GBC	harvest moon gb	Simulation
GBC	harvest moon gbc	Simulation
GBC	hello kitty no happy house	Various
GBC	hello kitty no beads factory	Puzzle
GBC	hello kitty no magical museum	Puzzle
GBC	hello kitty no sweet adventure - daniel-kun ni aitai	Action
GBC	hello kitty to dear daniel no dream adventure	Action
GBC	hello kitty's cube frenzy	Puzzle
GBC	hero hero-kun	Action
GBC	hercules - the legendary journeys	Adventure
GBC	heroes of might and magic	Role-playing (RPG)
GBC	heroes of might and magic ii	Strategy
GBC	hexcite	Puzzle
GBC	hexcite - the shapes of victory	Puzzle
GBC	hiryuu no ken - retsuden gb	Action
GBC	hissatsu pachinko boy - cr monster house	Gambling
GBC	hole in one golf	Sports
GBC	hollywood pinball	Pinball
GBC	holy magic century	Action
GBC	honkaku hanafuda gb	Board
GBC	honkaku shougi - shougi ou	Board
GBC	honkaku taisen shougi ayumu	Board
GBC	honkaku yonin uchi mahjong - mahjong ou	Board
GBC	hot wheels - stunt track driver	Racing
GBC	hoyle card games	Strategy
GBC	hoyle casino	Simulation
GBC	hugo - black diamond fever	Platform
GBC	hugo	Platform
GBC	hugo - the evil mirror	Platform
GBC	hunter x hunter - hunter no keifu	Strategy
GBC	hugo 2 1-2	Platform
GBC	hunter x hunter - kindan no hihou	Action
GBC	hype - the time quest	Adventure
GBC	hyper olympic - winter 2000	Sports
GBC	hyper olympic series - track & field gb	Sports
GBC	ide yousuke no mahjong kyoushitsu gb	Board
GBC	indiana jones and the infernal machine	Action
GBC	inspector gadget - operation madkactus	Strategy
GBC	international rally	Racing
GBC	international karate 2000	Action
GBC	international superstar soccer 2000	Sports
GBC	international superstar soccer 99	Sports
GBC	international track & field - summer games	Sports
GBC	international track & field	Sports
GBC	it's a world rally	Racing
GBC	itsudemo pachinko gb - cr monster house	Gambling
GBC	jagainu-kun	Action
GBC	j.league excite stage gb	Sports
GBC	jack no daibouken - daimaou no gyakushuu	Role-playing (RPG)
GBC	j.league excite stage tactics	Sports
GBC	jankyuusei - cosplay paradise	Board
GBC	jay und die spielzeugdiebe	Platform
GBC	janosch - das grosse panama-spiel	Educational
GBC	jeff gordon xs racing	Racing
GBC	jeremy mcgrath supercross 2000	Racing
GBC	jet de go! - let's go by airliner	Simulation
GBC	jim henson's bear in the big blue house	Educational
GBC	jim henson's muppets	Platform
GBC	jimmy white's cueball	Sports
GBC	jissen ni yakudatsu tsumego	Board
GBC	jinsei game - tomodachi takusan tsukurou yo!	Board
GBC	john romero's daikatana	Role-playing (RPG)
GBC	joryuu janshi ni chousen gb - watashi-tachi ni chousen shitene!	Board
GBC	jungle book, the - mowgli's wild adventure	Racing
GBC	jumpstart dino adventure - field trip	Educational
GBC	jurassic boy 2	Platform
GBC	juukou senki bullet battlers	Role-playing (RPG)
GBC	k.o. - the pro boxing	Sports
GBC	kaitei densetsu!! treasure world	Strategy
GBC	kaept'n blaubaer - die verrueckte schatzsuche	Puzzle
GBC	kakurenbo battle - monster tactics	Role-playing (RPG)
GBC	kakutou ryouri densetsu bistro recipe - gekitou foodon battle hen	Role-playing (RPG)
GBC	kakutou ryouri densetsu bistro recipe - kettou bistgarm hen	Role-playing (RPG)
GBC	kanji boy 2	Puzzle
GBC	kanji de puzzle	Puzzle
GBC	kanzume monsters parfait	Strategy
GBC	karamuchou wa oosawagi! - okawari!	Puzzle
GBC	karate joe	Beat'em Up
GBC	kaseki sousei reborn ii - monster digger	Role-playing (RPG)
GBC	katou hifumi kudan - shougi kyoushitsu	Board
GBC	kawa no nushi tsuri 4	Hunting and Fishing
GBC	kawaii pet shop monogatari	Role-playing (RPG)
GBC	kawaii pet shop monogatari 2	Role-playing (RPG)
GBC	keep the balance	Puzzle
GBC	keibajou e ikou! wide	Sports with Animals
GBC	keitai denjuu telefang - power version	Role-playing (RPG)
GBC	keitai denjuu telefang - speed version	Role-playing (RPG)
GBC	kelly club	Adventure
GBC	ken griffey jr.'s slugfest	Sports
GBC	kettou transformers beast wars - beast senshi saikyou ketteisen	Fighting
GBC	kidou senkan nadesico - ruri ruri mahjong	Board
GBC	kindaichi shounen no jikenbo - 10 nenme no shoutaijou	Adventure
GBC	kinniku banzuke gb 2 - mezase! muscle champion	Sports
GBC	kinniku banzuke gb 3 - shinseiki survival retsuden!	Sports
GBC	kinniku banzuke gb - chousensha wa kimida!	Sports
GBC	kirby - tilt 'n' tumble	Action
GBC	kirikou	Platform
GBC	kisekae series 3 - kisekae hamster	Adventure
GBC	klustar	Puzzle
GBC	klax	Strategy
GBC	knockout kings	Sports
GBC	koenig der loewen, der - simbas grosses abenteuer	Platform
GBC	konami gb collection vol.3	Compilation
GBC	konami gb collection vol.2	Compilation
GBC	konami gb collection vol.1	Compilation
GBC	konami gb collection vol.4	Compilation
GBC	konchuu hakase 2	Role-playing (RPG)
GBC	konami winter games	Sports
GBC	konchuu fighters	Role-playing (RPG)
GBC	konchuu hakase 3	Strategy
GBC	korokoro kirby	Action
GBC	koto battle - tengai no moribito	Role-playing (RPG)
GBC	koushien pocket	Simulation
GBC	land before time, the	Platform
GBC	las vegas cool hand	Gambling
GBC	laura	Casual Game
GBC	le mans 24 hours	Racing
GBC	legend of the river king 2	Hunting and Fishing
GBC	legend of the river king gb	Hunting and Fishing
GBC	legend of the river king gbc	Hunting and Fishing
GBC	legend of zelda, the - link's awakening dx	Role-playing (RPG)
GBC	legend of zelda, the - oracle of ages	Role-playing (RPG)
GBC	legend of zelda, the - oracle of seasons	Role-playing (RPG)
GBC	lego alpha team	Action
GBC	lego island 2 - the brickster's revenge	Adventure
GBC	lego racers	Racing
GBC	lego stunt rally	Racing
GBC	lemmings	Puzzle
GBC	lemmings vs	Puzzle
GBC	lemmings & oh no! more lemmings	Puzzle
GBC	lil' monster	Role-playing (RPG)
GBC	lion king, the - simba's mighty adventure	Platform
GBC	little mermaid ii, the - pinball frenzy	Pinball
GBC	little magic	Puzzle
GBC	little nicky	Platform
GBC	lnf stars 2001	Sports
GBC	logical	Puzzle
GBC	lode runner - domudomu dan no yabou	Puzzle
GBC	looney tunes	Platform
GBC	looney tunes - carrot crazy	Platform
GBC	looney tunes - twouble!	Platform
GBC	looney tunes collector - alert!	Action
GBC	looney tunes collector - martian alert!	Action
GBC	looney tunes collector - martian quest!	Action
GBC	looney tunes collector - martian revenge!	Action
GBC	looney tunes racing	Racing
GBC	loppi puzzle magazine - hirameku puzzle dai-2-gou	Puzzle
GBC	loppi puzzle magazine - hirameku puzzle dai-3-gou	Puzzle
GBC	loppi puzzle magazine - hirameku puzzle soukangou	Puzzle
GBC	loppi puzzle magazine - kangaeru puzzle dai-3-gou	Puzzle
GBC	loppi puzzle magazine - kangaeru puzzle dai-2-gou	Puzzle
GBC	loppi puzzle magazine - kangaeru puzzle soukangou	Puzzle
GBC	love hina pocket	Adventure
GBC	luca no puzzle de daibouken!	Puzzle
GBC	love hina party	Adventure
GBC	lucky luke	Platform
GBC	lucky luke - desperado train	Adventure
GBC	lufia - the legend returns	Role-playing (RPG)
GBC	m&m's minis madness	Platform
GBC	macross 7 - ginga no heart o furuwasero!!	Shoot'em Up
GBC	madden nfl 2000	Sports
GBC	madden nfl 2001	Sports
GBC	madden nfl 2002	Sports
GBC	magi nation	Strategy
GBC	magical chase gb - minarai mahoutsukai kenja no tani e	Shoot'em Up
GBC	magical drop	Puzzle
GBC	magical tetris challenge	Puzzle
GBC	mahjong joou	Board
GBC	mahjong quest	Board
GBC	majokko mari-chan no kisekae monogatari	Role-playing (RPG)
GBC	marble madness	Action
GBC	marie no atelier gb	Role-playing (RPG)
GBC	mario golf	Sports
GBC	mario tennis	Sports
GBC	mario golf gb	Sports
GBC	mario tennis gb	Sports
GBC	marvin strikes back!	Action
GBC	mary-kate & ashley - get a clue!	Adventure
GBC	mary-kate and ashley - crush course	Platform
GBC	mary-kate and ashley - winners circle	Racing
GBC	mary-kate and ashley - pocket planner	Various
GBC	mask of zorro, the	Platform
GBC	mat hoffman's pro bmx	Sports
GBC	matchbox emergency patrol	Racing
GBC	maus, die	Puzzle
GBC	maya the bee - garden adventures	Puzzle
GBC	maya the bee & her friends	Strategy
GBC	mcdonald's monogatari - honobono tenchou ikusei game	Adventure
GBC	medarot 2 - kabuto version	Role-playing (RPG)
GBC	medarot 2 - kuwagata version	Role-playing (RPG)
GBC	medarot 2 - parts collection	Role-playing (RPG)
GBC	medarot 3 - kabuto version	Role-playing (RPG)
GBC	medarot 3 - kuwagata version	Role-playing (RPG)
GBC	medarot 3 - parts collection - z kara no chousenjou	Role-playing (RPG)
GBC	medarot 4 - kabuto version	Role-playing (RPG)
GBC	medarot 4 - kuwagata version	Role-playing (RPG)
GBC	medarot 5 - susutake mura no tenkousei - kuwagata	Role-playing (RPG)
GBC	medarot 5 - susutake mura no tenkousei - kabuto	Role-playing (RPG)
GBC	medarot cardrobottle - kabuto version	Strategy
GBC	medarot cardrobottle - kuwagata version	Strategy
GBC	mega man xtreme	Platform
GBC	mega man xtreme 2	Platform
GBC	megami tensei gaiden - last bible	Role-playing (RPG)
GBC	megami tensei gaiden - last bible ii	Role-playing (RPG)
GBC	meitantei conan - karakuri jiin satsujin jiken	Adventure
GBC	meitantei conan - kigantou hihou densetsu	Adventure
GBC	meitantei conan - norowareta kouro	Adventure
GBC	men in black - the series	Platform
GBC	men in black 2 - the series	Platform
GBC	merlin	Platform
GBC	metafight ex	Platform
GBC	metal gear - ghost babel	Action
GBC	metal gear solid	Action
GBC	metal walker	Role-playing (RPG)
GBC	metamode	Role-playing (RPG)
GBC	mia hamm soccer shootout	Sports
GBC	mickey's racing adventure	Racing
GBC	mickey's speedway usa	Racing
GBC	micro machines 1 and 2 - twin turbo	Racing
GBC	micro machines v3	Racing
GBC	micro maniacs	Racing
GBC	microsoft - the 6 in 1 puzzle collection entertainment pack	Puzzle
GBC	microsoft - the best of entertainment pack	Compilation
GBC	microsoft pinball arcade	Pinball
GBC	midway presents arcade hits - joust & defender	Compilation
GBC	midway presents arcade hits - moon patrol & spy hunter	Compilation
GBC	millennium winter sports	Sports
GBC	minna no shougi - shokyuu hen	Board
GBC	missile command	Shoot'em Up
GBC	mission - impossible	Platform
GBC	mizuki shigeru no shin youkaiden	Strategy
GBC	mobile golf	Sports
GBC	momotarou densetsu 1-2	Role-playing (RPG)
GBC	monkey puncher	Strategy
GBC	monopoly	Board
GBC	monster ag, die	Platform
GBC	monster farm battle card gb	Role-playing (RPG)
GBC	monster race 2	Role-playing (RPG)
GBC	monster rancher battle card gb	Role-playing (RPG)
GBC	monster rancher explorer	Puzzle
GBC	monster traveler	Strategy
GBC	monsters, inc.	Platform
GBC	montezuma's return!	Action
GBC	moomin no daibouken	Platform
GBC	moomin's tale	Platform
GBC	moorhuhn 3 - ...es gibt huhn!	Shooter
GBC	moorhuhn 2 - die jagd geht weiter	Shooter
GBC	mortal kombat 4	Action
GBC	motocross maniacs 2	Racing
GBC	mr. driller	Strategy
GBC	mr. nutz	Platform
GBC	ms. pac-man - special color edition	Action
GBC	mtv sports - pure ride	Racing
GBC	ms. pac-man - special colour edition	Action
GBC	mtv sports - t.j. lavin's ultimate bmx	Sports
GBC	mtv sports - skateboarding featuring andy macdonald	Sports
GBC	mummy returns, the	Platform
GBC	mummy, the	Platform
GBC	muteki ou tri-zenon	Adventure
GBC	nakayoshi cooking series 2 - oishii panya-san	Strategy
GBC	nakayoshi cooking series 5 - cake o tsukurou	Strategy
GBC	nakayoshi pet series 4 - kawaii koneko	Strategy
GBC	nakayoshi pet series 3 - kawaii koinu	Strategy
GBC	nakayoshi pet series 5 - kawaii hamster 2	Strategy
GBC	naminori yarou!	Sports
GBC	nascar 2000	Racing
GBC	nascar challenge	Racing
GBC	nascar heat	Racing
GBC	nascar racers	Racing
GBC	nations, the - land of legends	Adventure
GBC	nba 3 on 3 featuring kobe bryant	Sports
GBC	nba in the zone	Sports
GBC	nba hoopz	Sports
GBC	nba in the zone 2000	Sports
GBC	nba jam 2001	Sports
GBC	nba jam 99	Sports
GBC	nba pro 99	Sports
GBC	nba show time - nba on nbc	Sports
GBC	network boukenki bugsite - alpha version	Role-playing (RPG)
GBC	network boukenki bugsite - beta version	Role-playing (RPG)
GBC	new addams family series, the	Adventure
GBC	new adventures of mary-kate & ashley, the	Platform
GBC	nfl blitz	Sports
GBC	nfl blitz 2000	Sports
GBC	nhl 2000	Sports
GBC	nfl blitz 2001	Sports
GBC	nhl blades of steel	Sports
GBC	nhl blades of steel 2000	Sports
GBC	nicktoons racing	Racing
GBC	no fear - downhill mountain biking	Sports
GBC	noddy and the birthday party	Platform
GBC	nobunaga no yabou - game boy ban 2	Strategy
GBC	nsync - get to the show	Casual Game
GBC	nushi tsuri adventure - kite no bouken	Role-playing (RPG)
GBC	o'leary manager 2000	Sports
GBC	oddworld adventures 2	Platform
GBC	nyr - new york race	Racing
GBC	ohasuta dance dance revolution gb	Music / Dancing
GBC	ohasuta yama-chan & raymond	Puzzle
GBC	oide rascal	Simulation
GBC	ojarumaru - tsukiyo ga ike no takaramono	Board
GBC	original moorhuhn jagd, die	Shooter
GBC	othello millennium	Board
GBC	other life - azure dreams gb	Role-playing (RPG)
GBC	ou dorobou jing - angel version	Role-playing (RPG)
GBC	ottifanten - kommando stoertebeker	Platform
GBC	ou dorobou jing - devil version	Role-playing (RPG)
GBC	owarai yoiko no geemumichi - oyaji sagashite 3 choume	Action
GBC	pac-man - special color edition	Action
GBC	pac-man - special colour edition	Action
GBC	pachinko cr mouretsu genshijin t	Gambling
GBC	pachinko hisshou guide - data no ousama	Gambling
GBC	painter	Puzzle
GBC	pachipachi pachisurou - new pulsar hen	Gambling
GBC	paperboy	Action
GBC	papyrus	Platform
GBC	perfect choro q	Racing
GBC	perfect dark	Adventure
GBC	phantom zona	Strategy
GBC	pia carrot e youkoso!! 2.2	Adventure
GBC	pitfall - beyond the jungle	Platform
GBC	pitfall gb	Platform
GBC	planet of the apes	Adventure
GBC	player manager 2001	Simulation
GBC	pocket bomberman	Action
GBC	pocket billiards - funk the 9 ball	Sports
GBC	pocket bowling	Sports
GBC	pocket color billiards	Sports
GBC	pocket color block	Action
GBC	pocket color mahjong	Board
GBC	pocket cooking	Strategy
GBC	pocket densha 2	Strategy
GBC	pocket gi stable	Sports with Animals
GBC	pocket family gb 2	Strategy
GBC	pocket gt	Racing
GBC	pocket king	Strategy
GBC	pocket hanafuda	Board
GBC	pocket lure boy	Role-playing (RPG)
GBC	pocket monsters - crystal version	Role-playing (RPG)
GBC	pocket monsters diamond	Role-playing (RPG)
GBC	pocket monsters eun	Role-playing (RPG)
GBC	pocket monsters geum	Role-playing (RPG)
GBC	pocket monsters gin	Role-playing (RPG)
GBC	pocket monsters kin	Role-playing (RPG)
GBC	pocket music	Music / Dancing
GBC	pocket no naka no oukoku	Adventure
GBC	pocket pro yakyuu	Sports
GBC	pocket pro wrestling - perfect wrestler	Sports
GBC	pocket puyo puyo sun	Puzzle
GBC	pocket puyo puyo-n	Puzzle
GBC	pocket racing	Racing
GBC	pocket smash out	Action
GBC	pocket soccer	Sports
GBC	pokemon - crystal version	Role-playing (RPG)
GBC	pokemon - edicion cristal	Role-playing (RPG)
GBC	pokemon - edicion oro	Role-playing (RPG)
GBC	pokemon - edicion plata	Role-playing (RPG)
GBC	pokemon - gold version	Role-playing (RPG)
GBC	pokemon - kristall-edition	Role-playing (RPG)
GBC	pokemon - goldene edition	Role-playing (RPG)
GBC	pokemon - silberne edition	Role-playing (RPG)
GBC	pokemon - silver version	Role-playing (RPG)
GBC	pokemon - version cristal	Role-playing (RPG)
GBC	pokemon - version argent	Role-playing (RPG)
GBC	pokemon - versione cristallo	Role-playing (RPG)
GBC	pokemon - version or	Role-playing (RPG)
GBC	pokemon - versione argento	Role-playing (RPG)
GBC	pokemon - versione oro	Role-playing (RPG)
GBC	pokemon card gb	Card
GBC	pokemon de panepon	Puzzle
GBC	pokemon card gb 2 - gr dan sanjou!	Card
GBC	pokemon diamond	Role-playing (RPG)
GBC	pokemon pinball	Pinball
GBC	pokemon puzzle challenge	Puzzle
GBC	pokemon trading card game	Card
GBC	polaris snocross	Racing
GBC	pong - the next level	Puzzle
GBC	pooh and tigger's hunny safari	Platform
GBC	pop'n music gb	Music / Dancing
GBC	pop'n music gb - animation melody	Music / Dancing
GBC	pop'n music gb - disney tunes	Music / Dancing
GBC	pop'n pop	Puzzle
GBC	portal runner	Adventure
GBC	power pro kun pocket	Sports
GBC	power pro kun pocket 2	Sports
GBC	power quest	Role-playing (RPG)
GBC	power spike - pro beach volleyball	Sports
GBC	powerpuff girls, the - bad mojo jojo	Platform
GBC	powerpuff girls, the - battle him	Platform
GBC	powerpuff girls, the - bulle contre lui	Platform
GBC	powerpuff girls, the - l'affreux mojo jojo	Platform
GBC	powerpuff girls, the - paint the townsville green	Beat'em Up
GBC	powerpuff girls, the - panique a townsville	Beat'em Up
GBC	prince of persia	Platform
GBC	pro darts	Sports
GBC	pro foot	Sports
GBC	prince naseem boxing	Sports
GBC	pro mahjong kiwame ii gb	Board
GBC	pro mahjong tsuwamono gb 2	Board
GBC	pro pool	Sports
GBC	project s-11	Shoot'em Up
GBC	puchi carat	Puzzle
GBC	pumuckls abenteuer bei den piraten	Adventure
GBC	pumuckls abenteuer im geisterschloss	Puzzle
GBC	puyo puyo gaiden - puyo wars	Strategy
GBC	puzz loop	Strategy
GBC	puzzle bobble 4	Puzzle
GBC	puzzle de shoubuyo! - wootama-chan	Puzzle
GBC	puzzle bobble millennium	Puzzle
GBC	puzzle master	Puzzle
GBC	puzzled	Strategy
GBC	q-bert	Platform
GBC	qix adventure	Puzzle
GBC	quest - brian's journey	Role-playing (RPG)
GBC	qui qui	Strategy
GBC	quest for camelot	Adventure
GBC	quest - fantasy challenge	Action
GBC	r-type dx	Shoot'em Up
GBC	racin' ratz	Racing
GBC	race time	Racing
GBC	radikal bikers	Racing
GBC	rainbow islands	Platform
GBC	rampage - world tour	Action
GBC	rats!	Platform
GBC	rampage 2 - universal tour	Action
GBC	rayman	Platform
GBC	rampart	Strategy
GBC	rayman - mister dark no wana	Platform
GBC	rayman 2	Platform
GBC	rayman 2 forever	Platform
GBC	razmoket a paris, les - le film	Platform
GBC	razmoket, les - 100% angelica	Puzzle
GBC	razmoket, les - voyage dans le temps	Action
GBC	razor freestyle scooter	Sports
GBC	ready 2 rumble boxing	Sports
GBC	real pro yakyuu! - pacific league hen	Sports
GBC	reservoir rat	Platform
GBC	real pro yakyuu! - central league hen	Sports
GBC	rescue heroes - fire frenzy	Action
GBC	resident evil	Adventure
GBC	resident evil gaiden	Action
GBC	return of the ninja	Action
GBC	revelations - the demon slayer	Role-playing (RPG)
GBC	rhino rumble	Adventure
GBC	road champs - bxs stunt biking	Sports
GBC	roadsters	Racing
GBC	rip-tide racer	Racing
GBC	road rash	Racing
GBC	roadsters '98	Racing
GBC	robin hood	Role-playing (RPG)
GBC	robocop	Action
GBC	robopon - sun version	Role-playing (RPG)
GBC	robot poncots - comic bom bom special version	Role-playing (RPG)
GBC	robot poncots - star version	Role-playing (RPG)
GBC	robot poncots - sun version	Role-playing (RPG)
GBC	robot poncots - moon version	Role-playing (RPG)
GBC	robot wars - metal mayhem	Strategy
GBC	rocket power - gettin' air	Sports
GBC	rocket power - la glisse de l'extreme	Sports
GBC	rockman x2 - soul eraser	Platform
GBC	rockman x - cyber mission	Platform
GBC	rocky mountain - trophy hunter	Hunting and Fishing
GBC	rokumon tengai mon-colle-knight gb	Role-playing (RPG)
GBC	roi lion, le - la formidable aventure de simba	Platform
GBC	roland garros french open	Sports
GBC	ronaldo v-football	Sports
GBC	ronaldo v-soccer	Sports
GBC	roswell conspiracies - aliens, myths & legends	Adventure
GBC	rox	Puzzle
GBC	rpg tsukuru gb	Role-playing (RPG)
GBC	rugrats - time travelers	Action
GBC	rugrats - totally angelica	Puzzle
GBC	rugrats - typisch angelica	Puzzle
GBC	rugrats en paris - la pelicula	Platform
GBC	rugrats in paris - the movie	Platform
GBC	rugrats movie, the	Platform
GBC	saban's power rangers - lightspeed rescue	Platform
GBC	saban's power rangers - time force	Platform
GBC	sabrina - the animated series - spooked!	Platform
GBC	sabrina - the animated series - zapped!	Platform
GBC	sakata gorou kudan no renju kyoushitsu	Board
GBC	sakura taisen gb - geki hana gumi nyuutai!	Adventure
GBC	sakura taisen gb 2 - thunderbolt sakusen	Role-playing (RPG)
GBC	samurai kid	Action
GBC	san francisco rush 2049	Racing
GBC	sangokushi - game boy ban 2	Strategy
GBC	sanrio timenet - kako hen	Role-playing (RPG)
GBC	sanrio timenet - mirai hen	Role-playing (RPG)
GBC	saru puncher	Strategy
GBC	scooby-doo! - classic creep capers	Adventure
GBC	santa claus junior	Action
GBC	scrabble	Thinking
GBC	sei hai densetsu	Board
GBC	seme com dungeon - drururuaga	Role-playing (RPG)
GBC	senkai ibunroku juntei taisen - tv animation senkaiden houshin engi yori	Role-playing (RPG)
GBC	sesame street - elmo's 123s	Educational
GBC	sesame street - elmo's abcs	Educational
GBC	sesame street - the adventures of elmo in grouchland	Platform
GBC	sesame street sports	Sports
GBC	sgt. rock - on the frontline	Shooter
GBC	shadowgate classic	Adventure
GBC	shadowgate return	Adventure
GBC	shaman king card game - chou senjiryakketsu - funbari hen	Action
GBC	shaman king card game - chou senjiryakketsu - meramera hen	Action
GBC	shamus	Shooter
GBC	shanghai pocket	Board
GBC	shantae	Platform
GBC	shaun palmer's pro snowboarder	Sports
GBC	shelly club	Adventure
GBC	shin megami tensei devil children - aka no sho	Role-playing (RPG)
GBC	shin megami tensei devil children - kuro no sho	Role-playing (RPG)
GBC	shin megami tensei devil children - shiro no sho	Role-playing (RPG)
GBC	shinseiki evangelion - mahjong hokan keikaku	Board
GBC	shin megami tensei trading card - card summoner	Role-playing (RPG)
GBC	shougi 3	Board
GBC	shougi 2	Board
GBC	shrek - fairy tale freakdown	Fighting
GBC	shutokou racing, the	Racing
GBC	simpsons, the - night of the living treehouse of horror	Platform
GBC	smurfs nightmare, the	Platform
GBC	snobow champion	Sports
GBC	snoopy tennis	Sports
GBC	snow white and the seven dwarfs	Platform
GBC	snowcross	Racing
GBC	soccer manager	Sports
GBC	solomon	Puzzle
GBC	sonic adventure 7	Platform
GBC	soreike! anpanman - 5-tsu no tou no ousama	Action
GBC	soreike! anpanman - fushigi na nikoniko album	Role-playing (RPG)
GBC	soukoban densetsu - hikari to yami no kuni	Action
GBC	soul getter - houkago bouken rpg	Role-playing (RPG)
GBC	south park	Platform
GBC	space invaders	Shooter
GBC	space invasion	Shoot'em Up
GBC	space invaders x	Shooter
GBC	space invasion & karate joe	Compilation
GBC	space invasion & painter	Compilation
GBC	space marauder	Action
GBC	space-net - cosmo blue	Role-playing (RPG)
GBC	space-net - cosmo red	Role-playing (RPG)
GBC	spacestation silicon valley	Platform
GBC	spawn	Platform
GBC	speedy gonzales - aztec adventure	Platform
GBC	spider-man	Platform
GBC	spider-man 2 - the sinister six	Platform
GBC	spirou - the robot invasion	Platform
GBC	spongebob squarepants - legend of the lost spatula	Adventure
GBC	spy vs spy	Action
GBC	star ocean - blue sphere	Role-playing (RPG)
GBC	star wars - yoda stories	Adventure
GBC	star wars episode i - obi-wan's adventures	Adventure
GBC	star wars episode i - racer	Racing
GBC	stranded kids	Role-playing (RPG)
GBC	street fighter alpha - warriors' dreams	Action
GBC	stuart little - the journey home	Platform
GBC	super black bass - real fight	Hunting and Fishing
GBC	super black bass pocket 3	Hunting and Fishing
GBC	super bombliss dx	Puzzle
GBC	super breakout!	Action
GBC	super chinese fighter ex	Fighting
GBC	super gals! kotobuki ran 2 - miracle getting	Puzzle
GBC	super gals! kotobuki ran	Adventure
GBC	super mario bros. deluxe	Platform
GBC	super mario special 3	Platform
GBC	super nenas, las - lucha con ese	Platform
GBC	super nenas, las - el malvado mojo jojo	Platform
GBC	super real fishing	Hunting and Fishing
GBC	super nenas, las - panico en townsville	Beat'em Up
GBC	super robot pinball	Pinball
GBC	supercross freestyle	Racing
GBC	super robot taisen - link battler	Strategy
GBC	superman - battle for metropolis	Demo
GBC	supershot golf robot	Sports
GBC	survival kids	Role-playing (RPG)
GBC	supreme snowboarding	Sports
GBC	survival kids - kotou no boukensha	Role-playing (RPG)
GBC	survival kids 2 - dasshutsu!! futago-jima!	Role-playing (RPG)
GBC	suske en wiske - de tijdtemmers ~ bob et bobette - les dompteurs du temps	Action
GBC	suzuki alstare extreme racing	Racing
GBC	sweet ange	Strategy
GBC	swing	Puzzle
GBC	swiv	Shoot'em Up
GBC	sylvanian families - otogi no kuni no pendant	Adventure
GBC	sylvanian families 2 - irozuku mori no fantasy	Role-playing (RPG)
GBC	sylvanian families 3 - hoshi furu yoru no sunadokei	Role-playing (RPG)
GBC	sylvanian melodies - mori no nakama to odori masho!	Music / Dancing
GBC	tabaluga	Adventure
GBC	sylvester & tweety - breakfast on the run	Platform
GBC	taito memorial - bubble bobble	Platform
GBC	taisen tsume shougi	Board
GBC	taito memorial - chase h.q. - secret police	Racing
GBC	tales of phantasia - narikiri dungeon	Role-playing (RPG)
GBC	tanimura hitoshi ryuu pachinko kouryaku daisakusen - don quijote ga iku	Gambling
GBC	tarzan	Platform
GBC	tasmanian devil - munching madness	Platform
GBC	taxi 2	Racing
GBC	taxi 3	Racing
GBC	tech deck skateboarding	Sports
GBC	test drive 2001	Racing
GBC	test drive 6	Racing
GBC	test drive cycles	Racing
GBC	test drive le mans	Racing
GBC	test drive off-road 3	Racing
GBC	tetris adventure - susume mickey to nakama-tachi	Puzzle
GBC	tetris dx	Puzzle
GBC	tezhong budui	Platform
GBC	tg rally 2	Racing
GBC	thunder blast man	Platform
GBC	three lions	Sports
GBC	thunderbirds	Racing
GBC	tiger woods pga tour 2000	Sports
GBC	tintin - le temple du soleil	Platform
GBC	tintin au tibet	Platform
GBC	tiny toon adventures - dizzy's candy quest	Adventure
GBC	tiny toon adventures - buster saves the day	Platform
GBC	titi - le tour du monde en 80 chats	Platform
GBC	titus the fox	Platform
GBC	tnn outdoors fishing champ	Hunting and Fishing
GBC	toca touring car championship	Racing
GBC	toki tori	Action
GBC	tokimeki memorial pocket - culture hen - komorebi no melody	Simulation
GBC	tokimeki memorial pocket - sport hen - koutei no photograph	Simulation
GBC	tokoro-san no setagaya c.c.	Sports
GBC	tom and jerry	Platform
GBC	tom and jerry - mouse hunt	Action
GBC	tom and jerry - mousehunt	Action
GBC	tom and jerry in - mouse attacks!	Platform
GBC	tomb raider	Action
GBC	tom clancy's rainbow six	Simulation
GBC	tomb raider - curse of the sword	Platform
GBC	tomb raider 2	Platform
GBC	tonic trouble	Platform
GBC	tonka construction site	Strategy
GBC	tonka raceway	Racing
GBC	tony hawk's pro skater	Sports
GBC	tony hawk's pro skater 2	Sports
GBC	tony hawk's pro skater 3	Sports
GBC	toobin'	Sports
GBC	toonsylvania	Platform
GBC	tootuff	Casual Game
GBC	top gear pocket	Racing
GBC	top gear pocket 2	Racing
GBC	top gear rally	Racing
GBC	top gun - fire storm	Action
GBC	top gear rally 2	Racing
GBC	totsugeki! papparatai	Strategy
GBC	tottoko hamutarou - tomodachi daisakusen dechu	Action
GBC	towers - lord baniff's deceit	Role-playing (RPG)
GBC	tottoko hamutarou 2 - hamu-chan zu daishuugou dechu	Role-playing (RPG)
GBC	towers ii - plight of the stargazer	Demo
GBC	toy story 2	Platform
GBC	toy story racer	Racing
GBC	trade & battle card hero	Strategy
GBC	trick boarder	Sports
GBC	trickboarder gp	Sports
GBC	triple play 2001	Sports
GBC	trouballs	Puzzle
GBC	tsuri sensei 2	Hunting and Fishing
GBC	tsuriiko!!	Hunting and Fishing
GBC	turok 2 - seeds of evil	Action
GBC	turok 2 - jikku senshi	Action
GBC	turok - rage wars	Shooter
GBC	turok 3 - shadow of oblivion	Action
GBC	tweenies - doodles' bones	Platform
GBC	tweety sekaiisshuu - 80 hiki no neko o sagase!	Platform
GBC	tweety's high-flying adventure	Platform
GBC	tyrian 2000	Shoot'em Up
GBC	tyrannosaurus tex	Shooter
GBC	uchuujin tanaka tarou de - rpg tsukuru gb 2	Role-playing (RPG)
GBC	uefa 2000	Sports
GBC	ultimate fighting championship	Fighting
GBC	ultimate paintball	Shooter
GBC	ultimate surfing	Sports
GBC	uno	Card
GBC	v-rally - championship edition	Racing
GBC	vegas games	Gambling
GBC	v-rally - edition 99	Racing
GBC	vigilante 8	Racing
GBC	vip	Racing
GBC	visiteurs, les	Platform
GBC	wacky races	Racing
GBC	walt disney world quest - magical racing tour	Racing
GBC	wario land 2	Platform
GBC	wario land 3	Platform
GBC	wario land ii	Platform
GBC	warriors of might and magic	Role-playing (RPG)
GBC	warlocked	Strategy
GBC	watashi no kitchen	Strategy
GBC	watashi no restaurant	Strategy
GBC	wcw mayhem	Sports
GBC	wdl - world destruction league - thunder tanks	Strategy
GBC	wendy - der traum von arizona	Sports
GBC	wendy - every witch way	Strategy
GBC	wetrix	Puzzle
GBC	wetrix gb	Puzzle
GBC	who wants to be a millionaire - 2nd edition	Quiz
GBC	wild thornberrys, the - rambler	Platform
GBC	wing warriors	Shoot'em Up
GBC	wings of fury	Action
GBC	winnie the pooh - adventures in the 100 acre wood	Adventure
GBC	wizardry empire	Role-playing (RPG)
GBC	wizardry empire - fukkatsu no tsue	Role-playing (RPG)
GBC	wizardry i - proving grounds of the mad overlord	Role-playing (RPG)
GBC	wizardry ii - llylgamyn no isan	Role-playing (RPG)
GBC	wizardry iii - diamond no kishi	Role-playing (RPG)
GBC	woody woodpecker	Platform
GBC	woody woodpecker no go! go! racing	Racing
GBC	woody woodpecker racing	Racing
GBC	world soccer gb 2	Sports
GBC	world soccer gb 2000	Sports
GBC	worms armageddon	Strategy
GBC	wwf betrayal	Beat'em Up
GBC	wwf attitude	Sports
GBC	wwf wrestlemania 2000	Sports
GBC	x-men - mutant academy	Fighting
GBC	x-men - mutant wars	Action
GBC	x-men - wolverine's rage	Action
GBC	xena - warrior princess	Adventure
GBC	xin tiao hui yi	Simulation
GBC	xtreme sports	Sports
GBC	xtreme wheels	Racing
GBC	yakouchuu gb	Adventure
GBC	yars' revenge	Shoot'em Up
GBC	yogi bear - great balloon blast	Puzzle
GBC	yu-gi-oh! - dark duel stories	Card
GBC	yu-gi-oh! - das dunkle duell	Card
GBC	yu-gi-oh! - duel des tenebres	Card
GBC	yu-gi-oh! - duelo en las tinieblas	Card
GBC	yu-gi-oh! - monster capsule gb	Role-playing (RPG)
GBC	yu-gi-oh! - racconti oscuri	Card
GBC	yu-gi-oh! duel monsters 4 - battle of great duelist - jounouchi deck	Card
GBC	yu-gi-oh! duel monsters 4 - battle of great duelist - kaiba deck	Card
GBC	yu-gi-oh! duel monsters ii - dark duel stories	Card
GBC	yu-gi-oh! duel monsters iii - tri holy god advant	Card
GBC	yu-gi-oh! duel monsters 4 - battle of great duelist - yuugi deck	Card
GBC	zelda no densetsu - yume o miru shima dx	Role-playing (RPG)
GBC	zelda no densetsu - fushigi no kinomi - daichi no shou	Role-playing (RPG)
GBC	zebco fishing!	Hunting and Fishing
GBC	zelda no densetsu - fushigi no kinomi - jikuu no shou	Role-playing (RPG)
GBC	zen-nihon shounen soccer taikai - mezase nihon ichi!	Sports
GBC	zoboomafoo - playtime in zobooland	Platform
GBC	zoids - jashin fukkatsu! genobreaker hen	Role-playing (RPG)
GBC	zok zok heroes	Role-playing (RPG)
GBC	zoids - shirogane no juukishin liger zero	Role-playing (RPG)
GG	aa harimanada	Sports
GG	addams family, the	Platform
GG	5 in one funpak	Board
GG	adventures of batman & robin, the	Beat'em Up
GG	aerial assault	Shoot'em Up
GG	aladdin	Platform
GG	alien 3	Platform
GG	andre agassi tennis	Sports
GG	alien syndrome	Shooter
GG	arch rivals - the arcade game	Sports
GG	arcade classics	Compilation
GG	arena	Shooter
GG	archer maclean's dropzone	Shoot'em Up
GG	ariel - the little mermaid	Platform
GG	arliel - crystal densetsu	Strategy
GG	asterix and the great rescue	Platform
GG	asterix and the secret mission	Platform
GG	ax battler - a legend of golden axe	Role-playing (RPG)
GG	ax battler - golden axe densetsu	Role-playing (RPG)
GG	ayrton senna's super monaco gp ii	Racing
GG	baku baku	Puzzle
GG	baku baku animal - sekai shiikugakari senshu-ken	Puzzle
GG	barbie super model	Adventure
GG	batman returns	Beat'em Up
GG	batman forever	Beat'em Up
GG	batter up	Sports
GG	battleship - the classic naval combat game	Board
GG	battletoads	Beat'em Up
GG	beavis and butt-head	Platform
GG	berenstain bears' camping adventure, the	Platform
GG	berlin no kabe	Platform
GG	bishoujo senshi sailor moon s	Platform
GG	bonkers wax up!	Platform
GG	bram stoker's dracula	Platform
GG	breakthru!	Puzzle
GG	bubble bobble	Platform
GG	bugs bunny in double trouble	Platform
GG	buster fight	Fighting
GG	bust-a-move	Puzzle
GG	buster ball	Sports
GG	caesars palace	Gambling
GG	captain america and the avengers	Beat'em Up
GG	car licence	Educational
GG	casino funpak	Gambling
GG	castle of illusion starring mickey mouse	Platform
GG	chakan	Platform
GG	cave dude	Platform
GG	championship hockey	Sports
GG	chase h.q.	Racing
GG	cheese cat-astrophe starring speedy gonzales	Platform
GG	chessmaster, the	Board
GG	chicago syndicate	Beat'em Up
GG	choplifter iii	Shooter
GG	chuck rock	Platform
GG	chuck rock ii - son of chuck	Platform
GG	cliffhanger	Platform
GG	cj elephant fugitive	Platform
GG	clutch hitter	Sports
GG	coca-cola kid	Platform
GG	columns	Puzzle
GG	cool spot	Platform
GG	cosmic spacehead	Platform
GG	crayon shin-chan - taiketsu! kantam panic!!	Compilation
GG	crazy faces	Puzzle
GG	cutthroat island	Beat'em Up
GG	crystal warriors	Strategy
GG	daffy duck in hollywood	Platform
GG	david robinson's supreme court	Sports
GG	deep duck trouble starring donald duck	Platform
GG	defenders of oasis	Role-playing (RPG)
GG	desert speedtrap starring road runner and wile e. coyote	Platform
GG	desert strike	Shooter
GG	desert strike - return to the gulf	Shooter
GG	devilish	Puzzle
GG	dinobasher starring bignose the caveman	Platform
GG	donald duck no 4-tsu no hihou	Platform
GG	donald no magical world	Platform
GG	donald duck no lucky dime	Platform
GG	doraemon - noranosuke no yabou	Platform
GG	double dragon	Beat'em Up
GG	dr. franken	Platform
GG	doraemon - waku waku pocket paradise	Platform
GG	dr. robotnik's mean bean machine	Puzzle
GG	dragon - the bruce lee story	Platform
GG	dragon crystal	Role-playing (RPG)
GG	dragon crystal - tsurani no meikyuu	Role-playing (RPG)
GG	dunk kids	Sports
GG	dynamite headdy	Platform
GG	earthworm jim	Platform
GG	ecco - the tides of time	Adventure
GG	ecco the dolphin	Adventure
GG	ecco the dolphin ii	Adventure
GG	ernie els golf	Sports
GG	empire syndicate	Beat'em Up
GG	eternal legend - eien no densetsu	Role-playing (RPG)
GG	evander holyfield's 'real deal' boxing	Sports
GG	excellent dizzy collection, the	Adventure
GG	f-15 strike eagle	Simulation
GG	f1	Racing
GG	f1 - world championship edition	Racing
GG	faceball 2000	Shooter
GG	factory panic	Strategy
GG	fantastic dizzy	Platform
GG	fantasy zone	Shoot'em Up
GG	fatal fury special	Fighting
GG	fifa international soccer	Sports
GG	fifa soccer 96	Sports
GG	foreman for real	Sports
GG	frank thomas big hurt baseball	Sports
GG	fray - shugyou hen	Shoot'em Up
GG	fred couples golf	Sports
GG	from tv animation slam dunk - shouri e no starting 5	Sports
GG	frogger	Platform
GG	g-loc - air battle	Shoot'em Up
GG	galaga '91	Shoot'em Up
GG	galaga 2	Shoot'em Up
GG	gambler jiko chuushinha	Board
GG	gamble panic	Gambling
GG	ganbare gorby!	Strategy
GG	garfield - caught in the act	Platform
GG	garou densetsu special	Fighting
GG	gear stadium	Sports
GG	gear stadium heiseiban	Sports
GG	gear works	Puzzle
GG	george foreman's ko boxing	Sports
GG	gg aleste	Shoot'em Up
GG	gg aleste 3	Shooter
GG	gg aleste ii	Shoot'em Up
GG	gg portrait - pai chen	Various
GG	gg portrait - yuuki akira	Various
GG	gg shinobi, the	Platform
GG	global gladiators	Platform
GG	gojira - kaijuu daishingeki	Strategy
GG	gp rider	Racing
GG	greendog - the beached surfer dude!	Platform
GG	gunstar heroes	Shooter
GG	griffin	Shoot'em Up
GG	halley wars	Shoot'em Up
GG	head buster	Action
GG	heavy weight champ	Sports
GG	home alone	Platform
GG	honoo no toukyuuji - dodge danpei	Sports
GG	hook	Platform
GG	hurricanes	Platform
GG	hyokkori hyoutan-jima - hyoutan-jima no daikoukai	Board
GG	hyper pro yakyuu '92	Sports
GG	in the wake of vampire	Platform
GG	incredible hulk, the	Platform
GG	incredible crash dummies, the	Platform
GG	indiana jones and the last crusade	Platform
GG	iron man x-o manowar in heavy metal	Beat'em Up
GG	itchy & scratchy game, the	Platform
GG	j.league gg pro-striker '94	Sports
GG	j.league soccer - dream eleven	Sports
GG	james pond 3 - operation starfi5h	Platform
GG	james pond ii - codename robocod	Platform
GG	jang pung ii	Fighting
GG	jeopardy!	Quiz
GG	jeopardy! - sports edition	Quiz
GG	joe montana football	Sports
GG	journey from darkness - strider returns	Platform
GG	judge dredd	Platform
GG	junction	Strategy
GG	jungle book, the	Platform
GG	jungle strike	Shooter
GG	jurassic park	Adventure
GG	kaitou saint tail	Action
GG	kawasaki superbike challenge	Sports
GG	kenyuu densetsu yaiba	Platform
GG	kick & rush	Sports
GG	kinetic connection	Puzzle
GG	kishin douji zenki	Platform
GG	klax	Puzzle
GG	krusty's fun house	Platform
GG	kuni-chan no game tengoku	Compilation
GG	kuni-chan no game tengoku part 2	Compilation
GG	land of illusion starring mickey mouse	Platform
GG	last action hero	Platform
GG	legend of illusion starring mickey mouse	Platform
GG	lemmings	Strategy
GG	lemmings 2 - the tribes	Strategy
GG	lion king, the	Platform
GG	lost world, the - jurassic park	Platform
GG	lucky dime caper starring donald duck, the	Platform
GG	lunar - sanposuru gakuen	Role-playing (RPG)
GG	madden 96	Sports
GG	madden nfl 95	Sports
GG	madou monogatari i - 3-tsu no madoukyuu	Role-playing (RPG)
GG	madou monogatari ii - arle 16-sai	Role-playing (RPG)
GG	madou monogatari a - dokidoki vacation	Role-playing (RPG)
GG	madou monogatari iii - kyuukyoku joou-sama	Role-playing (RPG)
GG	magic knight rayearth	Adventure
GG	magic knight rayearth 2 - making of magic knight	Role-playing (RPG)
GG	magical taruruuto-kun	Shoot'em Up
GG	magical puzzle popils	Puzzle
GG	majors, the - pro baseball	Sports
GG	mappy	Platform
GG	man overboard!	Strategy
GG	marble madness	Action
GG	marko's magic football	Platform
GG	master of darkness	Platform
GG	mega man	Platform
GG	megami tensei gaiden - last bible	Role-playing (RPG)
GG	megami tensei gaiden - last bible special	Role-playing (RPG)
GG	mickey mouse densetsu no oukoku - legend of illusion	Platform
GG	mickey mouse no castle illusion	Platform
GG	mickey's ultimate challenge	Strategy
GG	micro machines	Racing
GG	mickey mouse no mahou no crystal	Platform
GG	micro machines 2 - turbo tournament	Racing
GG	mighty morphin power rangers	Beat'em Up
GG	mighty morphin power rangers - the movie	Beat'em Up
GG	moldorian - hikari to yami no sister	Role-playing (RPG)
GG	mlbpa baseball	Sports
GG	monster truck wars	Racing
GG	monster world ii - dragon no wana	Platform
GG	mortal kombat	Fighting
GG	mortal kombat - shinken kourin densetsu	Fighting
GG	mortal kombat 3	Fighting
GG	mortal kombat ii	Fighting
GG	ms. pac-man	Action
GG	nazo puyo	Puzzle
GG	nazo puyo - arle no roux	Role-playing (RPG)
GG	nazo puyo 2	Puzzle
GG	nba action starring david robinson	Sports
GG	nba jam	Sports
GG	nba jam - tournament edition	Sports
GG	neko daisuki!	Simulation
GG	nfl '95	Sports
GG	nfl quarterback club	Sports
GG	nfl quarterback club 96	Sports
GG	nhl all-star hockey	Sports
GG	ninja gaiden	Beat'em Up
GG	nhl hockey	Sports
GG	ninku	Fighting
GG	ninku 2 - tenkuuryuu e no michi	Platform
GG	ninku gaiden - hiroyuki daikatsugeki	Puzzle
GG	off the wall	Puzzle
GG	olympic gold	Sports
GG	nomo hideo no world series baseball	Sports
GG	ottifants, the	Platform
GG	outrun	Racing
GG	outrun europa	Racing
GG	pac-attack	Puzzle
GG	pac-in-time	Platform
GG	pac-man	Action
GG	panzer dragoon mini	Action
GG	paperboy 2	Sports
GG	paperboy	Sports
GG	pengo	Puzzle
GG	pet club - inu daisuki!	Simulation
GG	pga tour 96	Sports
GG	pga tour golf	Sports
GG	pete sampras tennis	Sports
GG	pga tour golf ii	Sports
GG	phantasy star adventure	Role-playing (RPG)
GG	phantasy star gaiden	Role-playing (RPG)
GG	pinball dreams	Pinball
GG	phantom 2040	Platform
GG	pocket jansou	Board
GG	poker face paul's blackjack	Gambling
GG	poker face paul's poker	Gambling
GG	poker face paul's gin	Gambling
GG	pop breaker	Puzzle
GG	poker face paul's solitaire	Gambling
GG	popeye no beach volleyball	Sports
GG	power drive	Racing
GG	power strike ii	Shoot'em Up
GG	predator 2	Shooter
GG	primal rage	Fighting
GG	prince of persia	Platform
GG	pro yakyuu '91, the	Sports
GG	pro yakyuu gg league	Sports
GG	pro yakyuu gg league '94	Sports
GG	psychic world	Platform
GG	putt & putter	Sports
GG	puyo puyo	Strategy
GG	puyo puyo tsuu	Puzzle
GG	puzzle & action - ichidanto-r	Puzzle
GG	puzzle bobble	Puzzle
GG	puzzle & action - tanto-r	Puzzle
GG	quiz gear fight!!, the	Quiz
GG	quest for the shaven yak starring ren hoek & stimpy	Platform
GG	r.b.i. baseball '94	Sports
GG	r.c. grand prix	Racing
GG	rastan saga	Platform
GG	riddick bowe boxing	Sports
GG	revenge of drancon	Platform
GG	rise of the robots	Fighting
GG	ristar	Platform
GG	road rash	Racing
GG	robocop 3	Platform
GG	royal stone - hirakareshi toki no tobira	Strategy
GG	robocop versus the terminator	Platform
GG	samurai spirits	Fighting
GG	samurai shodown	Fighting
GG	ryuukyuu	Gambling
GG	scratch golf	Sports
GG	sd gundam - winner's history	Strategy
GG	sega game pack 4 in 1	Sports
GG	shadam crusader - harukanaru oukoku	Role-playing (RPG)
GG	sensible soccer - european champions	Sports
GG	shanghai ii	Board
GG	shaq fu	Fighting
GG	shining force - the sword of hajya	Strategy
GG	shikinjou	Board
GG	shining force gaiden - ensei, jashin no kuni e	Role-playing (RPG)
GG	shining force gaiden - final conflict	Strategy
GG	shining force gaiden ii - jashin no kakusei	Strategy
GG	shinobi	Platform
GG	shinobi ii - the silent fury	Platform
GG	side pocket	Sports
GG	simpsons, the - bart vs. the space mutants	Platform
GG	simpsons, the - bart vs. the world	Platform
GG	simpsons, the - bartman meets radioactive man	Platform
GG	skweek	Puzzle
GG	slider	Puzzle
GG	smurfs travel the world, the	Platform
GG	smurfs, the	Platform
GG	solitaire funpak	Gambling
GG	solitaire poker	Gambling
GG	sonic & tails	Platform
GG	sonic & tails 2	Platform
GG	sonic blast	Platform
GG	sonic chaos	Platform
GG	sonic drift	Action
GG	sonic drift 2	Racing
GG	sonic labyrinth	Action
GG	sonic spinball	Pinball
GG	sonic the hedgehog	Platform
GG	sonic the hedgehog - triple trouble	Platform
GG	soukoban	Puzzle
GG	sonic the hedgehog 2	Platform
GG	space harrier	Shooter
GG	spider-man	Platform
GG	spider-man - return of the sinister six	Platform
GG	spirou	Platform
GG	spider-man - x-men - arcade's revenge	Beat'em Up
GG	sports illustrated - championship football & baseball	Sports
GG	sports trivia	Quiz
GG	sports trivia - championship edition	Quiz
GG	star trek - the next generation - the advanced holodeck tutorial	Simulation
GG	star wars	Platform
GG	star trek generations - beyond the nexus	Shooter
GG	stargate	Puzzle
GG	street battle	Fighting
GG	street hero	Beat'em Up
GG	streets of rage 2	Beat'em Up
GG	streets of rage	Beat'em Up
GG	striker	Sports
GG	super battletank	Simulation
GG	super columns	Puzzle
GG	super golf	Sports
GG	super kick off	Sports
GG	super momotarou dentetsu iii	Board
GG	super monaco gp	Racing
GG	super off road	Racing
GG	super smash t.v.	Shoot'em Up
GG	super space invaders	Shooter
GG	super star wars - return of the jedi	Platform
GG	superman - the man of steel	Adventure
GG	surf ninjas	Platform
GG	sylvan tale	Role-playing (RPG)
GG	t2 - the arcade game	Shooter
GG	tails adventure	Role-playing (RPG)
GG	tails no skypatrol	Shoot'em Up
GG	taisen-gata daisenryaku g	Strategy
GG	taisen mahjong haopai 2	Board
GG	taisen mahjong haopai	Board
GG	taito chase h.q.	Racing
GG	talespin	Platform
GG	tama & friends - 3 choume kouen tamalympic	Casual Game
GG	tarot no yakata	Puzzle
GG	tatakae! pro yakyuu twin league	Sports
GG	taz in escape from mars	Platform
GG	tarzan - lord of the jungle	Platform
GG	taz-mania	Platform
GG	tempo jr.	Platform
GG	tengen world cup soccer	Sports
GG	terminator, the	Platform
GG	terminator 2 - judgment day	Beat'em Up
GG	tesserae	Puzzle
GG	tintin in tibet	Platform
GG	tom and jerry - the movie	Platform
GG	torarete tamaruka	Action
GG	ultimate soccer	Sports
GG	true lies	Shooter
GG	urban strike	Shoot'em Up
GG	vampire - master of darkness	Platform
GG	virtua fighter animation	Fighting
GG	wagyan land	Platform
GG	virtua fighter mini	Fighting
GG	vr troopers	Fighting
GG	wheel of fortune	Quiz
GG	wildsnake	Puzzle
GG	wimbledon	Sports
GG	wizard pinball	Pinball
GG	wolfchild	Platform
GG	winter olympics	Sports
GG	wonder boy	Platform
GG	wonder boy - the dragon's trap	Platform
GG	wonder boy iii - the dragon's trap	Platform
GG	world class leaderboard	Sports
GG	woody pop	Action
GG	world cup usa 94	Sports
GG	world derby	Sports with Animals
GG	world series baseball	Sports
GG	world series baseball '95	Sports
GG	wwf wrestlemania - steel cage challenge	Sports
GG	wwf raw	Sports
GG	x-men	Platform
GG	x-men - gamemaster's legacy	Platform
GG	x-men - mojo world	Platform
GG	yogi bear in yogi bear's goldrush	Platform
GG	yu yu hakusho - horobishimono no gyakushuu	Beat'em Up
GG	yu yu hakusho ii - gekitou! nanakyou no tatakai	Fighting
GG	zan gear	Strategy
GG	zool - ninja of the 'nth' dimension	Platform
GG	zool no yume bouken	Platform
GG	zoop	Puzzle
MD	007 shitou - the duel	Platform
MD	10 super jogos	Compilation
MD	16 zhang mahjong	Board
MD	16 zhang mahjong ii	Board
MD	16bit rhythm land	Music / Dancing
MD	16t	Action
MD	3 ninjas kick back	Action
MD	2020 nen super baseball	Sports
MD	6-pak	Compilation
MD	a ressha de ikou md	Simulation
MD	688 attack sub	Simulation
MD	aa harimanada	Sports
MD	aaahh!!! real monsters	Platform
MD	abbaye des morts, l'	Platform
MD	action 52	Action
MD	addams family values	Adventure
MD	addams family, the	Action
MD	advanced daisenryaku - deutsch dengeki sakusen	Strategy
MD	adventures of batman & robin, the	Action
MD	adventures of mighty max, the	Action
MD	adventurous boy - mao xian xiao zi	Shoot'em Up
MD	adventures of rocky and bullwinkle and friends, the	Platform
MD	aero blasters	Shoot'em Up
MD	aero the acro-bat	Action
MD	aero the acro-bat 2	Action
MD	aerobiz	Simulation
MD	aerobiz supersonic	Simulation
MD	after burner ii	Shooter
MD	air buster	Shoot'em Up
MD	air diver	Action
MD	air management - oozora ni kakeru	Simulation
MD	akira	Action
MD	air management ii - koukuuou o mezase	Simulation
MD	al michaels announces hardball iii	Sports
MD	aladdin	Action
MD	aladdin ii	Platform
MD	alex kidd - tenkuu majou	Action
MD	alex kidd - cheongong maseong	Action
MD	alex kidd in the enchanted castle	Action
MD	alien 3	Action
MD	alien soldier	Shooter
MD	alien storm	Action
MD	alisia dragoon	Action
MD	altered beast	Beat'em Up
MD	american gladiators	Simulation
MD	andre agassi tennis	Sports
MD	animaniacs	Action
MD	another world	Action
MD	aoki ookami to shiroki mejika - genchou hishi	Strategy
MD	aq renkan awa	Educational
MD	aquatic games starring james pond and the aquabats, the	Sports
MD	arcade classics	Action
MD	arcade legends street fighter ii' - special champion edition ~ mega drive play tv 3	Compilation
MD	arch rivals - the arcade game	Sports
MD	arcus odyssey	Action
MD	ariel the little mermaid	Platform
MD	arkagis revolution	Shooter
MD	arnold palmer tournament golf	Sports
MD	arrow flash	Action
MD	art alive	Various
MD	art of fighting	Action
MD	asterix and the great rescue	Platform
MD	asterix and the power of the gods	Action
MD	atomic robo-kid	Action
MD	atomic runner	Platform
MD	atp tour championship tennis	Sports
MD	atp tour	Sports
MD	australian rugby league	Sports
MD	awesome possum	Action
MD	awesome possum kicks dr machino's butt!	Action
MD	awesome possum... ...kicks dr. machino's butt	Action
MD	aworg	Platform
MD	ayrton senna's super monaco gp ii	Racing
MD	b.o.b.	Platform
MD	baby boom	Action
MD	baby's day out	Platform
MD	back to the future part iii	Adventure
MD	bahamut senki	Strategy
MD	bad omen	Action
MD	ball jacks	Action
MD	ballz 3d - the battle of the ballz	Fighting
MD	bao xiao san guo	Strategy
MD	barbie super model	Adventure
MD	barbie vacation adventure	Adventure
MD	bare knuckle ii	Beat'em Up
MD	barkley shut up and jam 2	Sports
MD	bare knuckle iii	Beat'em Up
MD	barney's hide & seek game	Educational
MD	barkley shut up and jam!	Sports
MD	barver battle saga - tai kong zhan shi	Role-playing (RPG)
MD	bass masters classic	Hunting and Fishing
MD	bass masters classic - pro edition	Action
MD	batman	Platform
MD	batman forever	Beat'em Up
MD	batman - revenge of the joker	Platform
MD	battle golfer yui	Role-playing (RPG)
MD	batman - the video game	Platform
MD	batman returns	Platform
MD	battle mania	Action
MD	battle mania daiginjou	Shoot'em Up
MD	battle squadron	Action
MD	battlemaster	Platform
MD	battletech - a game of armored combat	Shooter
MD	battletoads	Action
MD	battletoads-double dragon	Beat'em Up
MD	beast warriors	Action
MD	beast wrestler	Action
MD	beastball	Sports
MD	beauty and the beast - belle's quest	Platform
MD	beauty and the beast - roar of the beast	Adventure
MD	beavis and butt-head	Platform
MD	the hash data is from the first printing of this game	Role-playing (RPG)
MD	beggar prince	Role-playing (RPG)
MD	berenstain bears' camping adventure, the	Action
MD	best of the best - championship karate	Fighting
MD	beyond zero tolerance	Shooter
MD	beyond oasis	Role-playing (RPG)
MD	bible adventures	Platform
MD	bill walsh college football	Sports
MD	bill walsh college football 95	Sports
MD	bill's tomato game	Puzzle
MD	bimini run	Racing
MD	bio hazard battle	Shoot'em Up
MD	bishoujo senshi sailor moon	Beat'em Up
MD	blades of vengeance	Role-playing (RPG)
MD	blaster master 2	Action
MD	blockbuster world video game championship ii	Various
MD	blockout	Puzzle
MD	blow'em out	Action
MD	bloodshot	Shooter
MD	blue almanac	Role-playing (RPG)
MD	body count	Action
MD	bomb on basic city - special edition + papi commando tennis demo	Shoot'em Up
MD	bomber	Action
MD	bomboy	Action
MD	bonanza bros.	Action
MD	bonkers	Racing
MD	boogerman - a pick and flick adventure	Platform
MD	boogie woogie bowling	Sports
MD	boxing legends of the ring	Sports
MD	bram stoker's dracula	Action
MD	brett hull hockey 95	Sports
MD	brian lara cricket	Sports
MD	brian lara cricket 96	Sports
MD	brutal - paws of fury	Fighting
MD	bubba 'n' stix	Action
MD	bubba n stix	Action
MD	bubble and squeak	Action
MD	bubsy ii	Action
MD	bubsy in - claws encounters of the furred kind	Platform
MD	buck rogers - countdown to doomsday	Role-playing (RPG)
MD	budokan - the martial spirit	Fighting
MD	bug's life, a	Platform
MD	bugs bunny in double trouble	Action
MD	bulls versus blazers and the nba playoffs	Sports
MD	bulls vs lakers and the nba playoffs	Sports
MD	burning force	Action
MD	cadash	Role-playing (RPG)
MD	caesar no yabou ii	Strategy
MD	caesar no yabou	Strategy
MD	caesars palace	Gambling
MD	cal ripken jr. baseball	Sports
MD	caliber.50	Action
MD	california games	Sports
MD	cannon fodder	Strategy
MD	canon - the legend of the new gods	Strategy
MD	captain america and the avengers	Action
MD	captain lang	Action
MD	captain planet and the planeteers	Action
MD	cascade	Puzzle
MD	castlevania - bloodlines	Platform
MD	castle of illusion starring mickey mouse	Action
MD	castlevania - the new generation	Platform
MD	centurion - defender of rome	Strategy
MD	chakan	Platform
MD	chameleon kid	Adventure
MD	champions world class soccer	Sports
MD	championship bowling	Sports
MD	championship pool	Sports
MD	championship pro-am	Racing
MD	chao ji da fu weng	Board
MD	chao ji mahjong club	Board
MD	chaos engine 2, the	Shooter
MD	chaos engine, the	Shooter
MD	chase h.q. ii	Racing
MD	chavez ii	Sports
MD	cheese cat-astrophe starring speedy gonzales	Action
MD	chelnov	Platform
MD	chess	Board
MD	chester cheetah - too cool to fool	Platform
MD	chester cheetah - wild wild quest	Platform
MD	chibi maruko-chan - wakuwaku shopping	Strategy
MD	chi chi's pro challenge golf	Sports
MD	chiki chiki boys	Adventure
MD	chou kyuukai miracle nine	Sports
MD	chou touryuu retsuden - dino land	Pinball
MD	chuck rock	Platform
MD	chuck rock ii	Platform
MD	chuck rock ii - son of chuck	Platform
MD	classic collection	Action
MD	clayfighter	Action
MD	cliffhanger	Action
MD	coach k college basketball	Sports
MD	clue	Strategy
MD	coffee crisis	Beat'em Up
MD	college football usa 96	Sports
MD	college football usa 97	Sports
MD	college football's national championship	Sports
MD	college football's national championship ii	Sports
MD	college slam	Sports
MD	columns	Puzzle
MD	columns iii	Puzzle
MD	combat aces	Racing
MD	columns iii - taiketsu! columns world	Puzzle
MD	combat cars	Racing
MD	comix zone	Action
MD	congo - the game	Platform
MD	contra - hard corps	Shoot'em Up
MD	contra - the hard corps	Shoot'em Up
MD	cool spot	Platform
MD	corporation	Shooter
MD	cosmic spacehead	Platform
MD	crack down	Shooter
MD	crayon shin-chan - arashi o yobu enji	Platform
MD	crossfire	Action
MD	crude buster	Action
MD	crue ball	Pinball
MD	crue ball - heavy metal pinball	Pinball
MD	crying - aseimei sensou	Shoot'em Up
MD	crusader of centy	Role-playing (RPG)
MD	crystal's pony tale	Adventure
MD	curse	Shoot'em Up
MD	curse of illmoore bay, the	Shoot'em Up
MD	cursed knight, the	Shoot'em Up
MD	cutie suzuki no ringside angel	Sports
MD	cutthroat island	Action
MD	cyber police - eswat	Platform
MD	cyber-cop	Shooter
MD	cyberball	Sports
MD	cyborg justice	Action
MD	daffy duck in hollywood	Action
MD	dahna	Beat'em Up
MD	dahna - megami tanjou	Beat'em Up
MD	daikoukai jidai	Role-playing (RPG)
MD	daikoukai jidai ii	Role-playing (RPG)
MD	daimakaimura ~ ghouls'n ghosts	Platform
MD	daimakaimura	Platform
MD	daisenpuu ~ twin hawk	Action
MD	dangerous seed	Action
MD	darius	Shoot'em Up
MD	danny sullivan's indy heat	Racing
MD	darius - extra version	Action
MD	darius ii	Shoot'em Up
MD	dark castle	Platform
MD	darwin 4081	Action
MD	dashin' desperadoes	Platform
MD	david crane's amazing tennis	Sports
MD	david robinson basketball	Sports
MD	david robinson's supreme court	Sports
MD	davis cup ii	Sports
MD	davis cup tennis	Sports
MD	davis cup tennis ~ davis cup world tour	Sports
MD	daze before christmas	Action
MD	deadly moves	Action
MD	death and return of superman, the	Beat'em Up
MD	death duel	Shooter
MD	decapattack	Action
MD	demolition man	Action
MD	demons of asteborg	Platform
MD	desert demolition	Platform
MD	desert demolition starring road runner and wile e. coyote	Platform
MD	desert strike - return to the gulf	Shooter
MD	desert strike - wangan sakusen ~ desert strike	Shooter
MD	devilish	Action
MD	devil crash md	Pinball
MD	devilish - the next possession	Action
MD	devwill too	Platform
MD	dexstar	Action
MD	dial q o mawase!	Board
MD	dick vitale's 'awesome, baby!' college hoops	Sports
MD	dick tracy	Action
MD	dino dini's soccer	Sports
MD	dino land	Pinball
MD	disney collection, the - quackshot starring donald duck + castle of illusion starring mickey mouse	Adventure
MD	dinosaur's tale, a	Action
MD	divine sealing	Action
MD	dj boy	Action
MD	domine o territorio	Action
MD	donald in maui mallard	Platform
MD	dominus	Adventure
MD	dong gu ri te chi jak jeon	Puzzle
MD	doom troopers	Platform
MD	doraemon - yume dorobou to 7 nin no gozans	Platform
MD	double clutch	Racing
MD	double dragon	Action
MD	double dragon 3 - the arcade game	Beat'em Up
MD	double dragon ii - the revenge	Beat'em Up
MD	double dragon v - the shadow falls	Fighting
MD	double dribble - the playoff edition	Action
MD	dr. robotnik's mean bean machine	Puzzle
MD	dragon - the bruce lee story	Fighting
MD	dragon ball - final bout	Fighting
MD	dragon ball z - buyuu retsuden	Fighting
MD	dragon ball z - l'appel du destin	Fighting
MD	dragon slayer - eiyuu densetsu	Adventure
MD	dragon slayer - eiyuu densetsu ii	Role-playing (RPG)
MD	dragon's eye plus - shanghai iii	Board
MD	dragon's fury	Pinball
MD	dragon's lair	Action
MD	dragon's revenge	Action
MD	dream team usa	Sports
MD	duke nukem 3d	Shooter
MD	dune - the battle for arrakis	Strategy
MD	dune ii - kampf um den wuestenplaneten	Strategy
MD	dune ii - the battle for arrakis	Strategy
MD	dungeons & dragons - warriors of the eternal sun	Role-playing (RPG)
MD	dyna brothers	Strategy
MD	dyna brothers 2	Strategy
MD	dyna brothers 2 special	Strategy
MD	dynamite duke	Action
MD	dynamite headdy	Platform
MD	dynoblaze	Beat'em Up
MD	ea hockey	Sports
MD	earnest evans	Action
MD	ea sports double header	Sports
MD	earth defense ~ earth defend, the	Shoot'em Up
MD	earthworm jim	Action
MD	earthworm jim 2	Action
MD	ecco - the tides of time	Adventure
MD	ecco jr.	Action
MD	ecco the dolphin	Action
MD	ecco the dolphin ii	Adventure
MD	el.viento	Action
MD	elemental master	Action
MD	eliminate down	Action
MD	elitserien 95	Sports
MD	elitserien 96	Sports
MD	escape 2042 - the truth defenders	Action
MD	empire of steel	Shoot'em Up
MD	escape from mars starring taz	Platform
MD	espn national hockey night	Sports
MD	espn baseball tonight	Sports
MD	espn speed world	Racing
MD	espn sunday night nfl	Sports
MD	eternal champions	Action
MD	eswat - city under siege	Platform
MD	europa sensen	Strategy
MD	european club soccer	Sports
MD	evander holyfield's 'real deal' boxing	Sports
MD	ex-mutants	Platform
MD	ex-ranza	Shoot'em Up
MD	exile	Role-playing (RPG)
MD	exile - toki no hazama he	Role-playing (RPG)
MD	exo squad	Platform
MD	exodus - journey to the promised land	Puzzle
MD	eyra - the crow maiden	Action
MD	f-117 night storm	Simulation
MD	f-117 stealth - operation - night storm	Simulation
MD	f-15 strike eagle ii	Simulation
MD	f-22 interceptor	Simulation
MD	f-22 interceptor - advanced tactical fighter	Simulation
MD	f1	Sports
MD	f1 - world championship edition	Racing
MD	f1 circus md	Racing
MD	faery tale adventure, the	Various
MD	family feud	Various
MD	fantasia	Action
MD	fantastic dizzy	Platform
MD	fastest 1	Racing
MD	fatal fury	Action
MD	fatal fury 2	Fighting
MD	fatal labyrinth	Role-playing (RPG)
MD	fatal rewind	Action
MD	fatman	Fighting
MD	feng shen ying jie chuan	Strategy
MD	ferias frustradas do pica pau	Platform
MD	ferrari grand prix challenge	Racing
MD	fido dido	Platform
MD	fever pitch soccer	Sports
MD	fifa 2003	Sports
MD	fifa 98 - road to world cup	Sports
MD	fifa international soccer	Sports
MD	fifa soccer 95	Sports
MD	fifa soccer 2000	Sports
MD	fifa soccer 96	Sports
MD	fifa soccer 97	Sports
MD	fifa soccer 99	Sports
MD	fighting masters	Action
MD	final blow	Simulation
MD	fire mustang	Shoot'em Up
MD	fire shark	Action
MD	flash point	Puzzle
MD	flashback	Action
MD	flashback - the quest for identity	Action
MD	flicky	Action
MD	flink	Adventure
MD	flintstones, the	Action
MD	foreman for real	Sports
MD	forgotten worlds	Action
MD	formula one	Sports
MD	frank thomas big hurt baseball	Sports
MD	frogger	Action
MD	from tv animation slam dunk - kyougou makkou taiketsu!	Action
MD	fun 'n games	Casual Game
MD	fun 'n' games	Casual Game
MD	fun car rally	Racing
MD	funny world & balloon boy	Action
MD	fushigi no umi no nadia	Adventure
MD	futbol argentino	Sports
MD	futbol argentino 98 - pasion de multitudes	Sports
MD	fx unit yuki - the henshin engine	Platform
MD	fz senki axis ~ final zone	Shooter
MD	g-loc - air battle	Simulation
MD	gadget twins	Shoot'em Up
MD	gaiares	Shoot'em Up
MD	gain ground	Strategy
MD	galaxy force ii	Shooter
MD	gambler jiko chuushinha - katayama masayuki no mahjong doujou	Board
MD	game no kanzume otokuyou	Compilation
MD	garfield - caught in the act	Platform
MD	gargoyles	Platform
MD	garou densetsu - shukumei no tatakai	Action
MD	garou densetsu 2 - aratanaru tatakai	Fighting
MD	garry kitchen's super battletank - war in the gulf	Simulation
MD	gauntlet	Action
MD	gauntlet iv	Action
MD	gemfire	Strategy
MD	general chaos	Strategy
MD	general chaos daikonsen	Strategy
MD	generals of the yang family - clan of heroes	Beat'em Up
MD	generations lost	Action
MD	gensou senki kokou no ryuu - crying dragon	Role-playing (RPG)
MD	genghis khan ii - clan of the gray wolf	Strategy
MD	george foreman's ko boxing	Sports
MD	ghostbusters	Action
MD	gleylancer	Shoot'em Up
MD	global gladiators	Platform
MD	go net	Board
MD	gluf	Puzzle
MD	gods	Platform
MD	golden axe	Action
MD	golden axe ii	Action
MD	golden axe iii	Action
MD	goofy's hysterical history tour	Action
MD	gouketsuji ichizoku	Action
MD	granada	Action
MD	grandslam - the tennis tournament	Sports
MD	grandslam - the tennis tournament '92	Sports
MD	great circus mystery - mickey to minnie magical adventure 2	Platform
MD	great waldo search, the	Strategy
MD	great circus mystery starring mickey & minnie, the	Platform
MD	greatest heavyweights	Sports
MD	greendog - the beached surfer dude!	Platform
MD	grind stormer	Action
MD	growl	Action
MD	gunfight 3 in 1	Lightgun Shooter
MD	gunship	Racing
MD	gunstar heroes	Shooter
MD	gynoug	Action
MD	handy harvy	Action
MD	hard drivin'	Racing
MD	hardball '94	Sports
MD	hardball '95	Sports
MD	hardball!	Sports
MD	haunting starring polterguy	Simulation
MD	hardwired	Shooter
MD	head-on soccer	Sports
MD	havoc	Action
MD	heavy nova	Action
MD	heavy unit - mega drive special	Shoot'em Up
MD	hellfire	Shoot'em Up
MD	hercules 2	Platform
MD	herzog zwei	Strategy
MD	high seas havoc	Action
MD	hit the ice - vhl - the official video hockey league	Sports
MD	hokuto no ken - shin seikimatsu kyuuseishu densetsu	Action
MD	home alone	Adventure
MD	home alone 2 - lost in new york	Platform
MD	honoo no toukyuuji - dodge danpei	Sports
MD	hook	Action
MD	humans, the	Puzzle
MD	huan le tao qi shu - smart mouse	Puzzle
MD	hybrid front, the	Strategy
MD	hurricanes	Platform
MD	hyokkori hyoutan-jima - daitouryou wo mezase!	Strategy
MD	hyper dunk - the playoff edition	Action
MD	hyper dunk	Action
MD	hyper marbles	Action
MD	i love mickey and donald - fushigi na magic box	Action
MD	ikasuze! koi no doki doki penguin land md	Puzzle
MD	i love mickey mouse - fushigi no oshiro daibouken	Action
MD	immortal, the	Adventure
MD	img international tour tennis	Sports
MD	incredible crash dummies, the	Action
MD	incredible hulk, the	Platform
MD	indiana jones and the last crusade	Platform
MD	insector x	Shoot'em Up
MD	instruments of chaos starring young indiana jones	Platform
MD	international rugby	Sports
MD	international sensible soccer	Sports
MD	international superstar soccer deluxe	Sports
MD	it came from the desert	Adventure
MD	ishido - the way of stones	Fighting
MD	itchy & scratchy game, the	Platform
MD	izzy's quest for the olympic rings	Action
MD	j. league pro striker	Sports
MD	j. league champion soccer	Sports
MD	j. league pro striker 2	Sports
MD	jack nicklaus' power challenge golf	Sports
MD	j. league pro striker perfect	Sports
MD	james 'buster' douglas knockout boxing	Simulation
MD	james bond 007 - the duel	Platform
MD	james pond - underwater agent	Platform
MD	james pond 3	Platform
MD	james pond ii	Platform
MD	james pond ii - codename - robocod	Platform
MD	jammit	Sports
MD	jantei monogatari	Strategy
MD	janou touryuumon	Board
MD	jashin draxos	Action
MD	jelly boy	Platform
MD	jennifer capriati tennis	Sports
MD	jeopardy!	Educational
MD	jeopardy! - deluxe edition	Various
MD	jeopardy! - sports edition	Puzzle
MD	jerry glanville's pigskin footbrawl	Sports
MD	jesse 'the body' ventura - wrestling superstars	Sports
MD	jewel master	Action
MD	jim power - the arcade game	Platform
MD	jim power - the lost dimension	Action
MD	jiu ji ma jiang ii - ye yan bian	Board
MD	jimmy white's whirlwind snooker	Sports
MD	joe & mac	Platform
MD	joe montana football	Sports
MD	joe montana ii - sports talk football	Sports
MD	joe montana ii sports talk football	Sports
MD	john madden football	Sports
MD	john madden football - championship edition	Sports
MD	john madden football - pro football	Sports
MD	john madden football '92	Sports
MD	john madden football '93	Sports
MD	jordan vs bird	Sports
MD	jordan vs bird - one on one	Sports
MD	joshua & the battle of jericho	Puzzle
MD	journey from darkness - strider returns	Platform
MD	judge dredd	Platform
MD	junction	Strategy
MD	juju densetsu	Action
MD	jungle book, the	Platform
MD	jungle strike	Shooter
MD	jungle strike - uketsugareta kyouki	Shooter
MD	junker's high	Racing
MD	jurassic park	Action
MD	jurassic park - rampage edition	Platform
MD	justice league task force	Fighting
MD	juuouki	Beat'em Up
MD	juusou kihei leynos	Action
MD	ka-ge-ki	Fighting
MD	ka-ge-ki - fists of steel	Fighting
MD	kawasaki superbike challenge	Racing
MD	kick off 3 - european challenge	Sports
MD	kick boxing, the	Fighting
MD	kid chameleon	Adventure
MD	kidou keisatsu patlabor - 98-shiki kidou seyo!	Adventure
MD	killing game show, the	Action
MD	king of fighters '99, the	Fighting
MD	king of fighters 2000, the	Fighting
MD	king of fighters 98', the	Fighting
MD	king of the monsters	Fighting
MD	king of the monsters 2	Fighting
MD	king salmon	Hunting and Fishing
MD	king salmon - the big catch	Hunting and Fishing
MD	king's bounty - the conqueror's quest	Role-playing (RPG)
MD	kishi densetsu	Strategy
MD	kiss shot	Sports
MD	klax	Strategy
MD	koutetsu teikoku	Shoot'em Up
MD	krusty's super fun house	Fighting
MD	kujaku ou 2 - geneijou	Action
MD	kuuga - operation code 'vapor trail'	Action
MD	kyuukai douchuuki	Sports
MD	kyuukyoku tiger	Action
MD	la russa baseball 95	Sports
MD	lakers versus celtics and the nba playoffs	Sports
MD	landstalker	Role-playing (RPG)
MD	landstalker - die schatze von konig nolo	Role-playing (RPG)
MD	landstalker - koutei no zaihou	Role-playing (RPG)
MD	landstalker - le tresor du roi nole	Role-playing (RPG)
MD	landstalker - the treasures of king nole	Role-playing (RPG)
MD	langrisser	Strategy
MD	langrisser ii	Role-playing (RPG)
MD	last action hero	Beat'em Up
MD	last battle	Action
MD	lawnmower man, the	Action
MD	legend of wukong	Role-playing (RPG)
MD	legend of galahad, the ~ galahad	Platform
MD	legende de thor, la	Role-playing (RPG)
MD	lemmings	Strategy
MD	lemmings 2 - the tribes	Puzzle
MD	lethal enforcers	Action
MD	lethal enforcers ii - gun fighters	Shoot'em Up
MD	lhx attack chopper	Simulation
MD	liberty or death	Strategy
MD	light crusader	Role-playing (RPG)
MD	lightening force - quest for the darkstar	Action
MD	link dragon	Platform
MD	lion king ii	Platform
MD	lion king 3	Platform
MD	lion king, the	Platform
MD	little medusa	Puzzle
MD	lobo	Beat'em Up
MD	lord monarch - tokoton sentou densetsu	Strategy
MD	lost vikings, the	Strategy
MD	lost world, the - jurassic park	Shooter
MD	lotus ii	Racing
MD	lotus turbo challenge	Racing
MD	lufia & the fortress of doom	Role-playing (RPG)
MD	ma jiang qing ren - ji ma jiang zhi	Board
MD	m-1 abrams battle tank	Simulation
MD	ma qiao e mo ta - devilish mahjong tower	Board
MD	mad stalker - full metal forth	Action
MD	madden nfl 95	Sports
MD	madden nfl '94	Sports
MD	madden nfl 96	Sports
MD	madden nfl 97	Sports
MD	madden nfl 98	Sports
MD	madou monogatari i	Racing
MD	magic girl featuring ling ling the little witch	Shoot'em Up
MD	magic bubble	Puzzle
MD	magic pockets	Platform
MD	magic school bus, the - space exploration game	Educational
MD	magical hat no buttobi turbo! daibouken	Platform
MD	magical taruruuto-kun	Action
MD	mahjong cop ryuu - shiro ookami no yabou	Strategy
MD	mallet legend's whac-a-critter ~ mallet legend	Platform
MD	mamono hunter youko - dai 7 no keishou	Platform
MD	man overboard!	Puzzle
MD	marble madness	Action
MD	maou renjishi	Action
MD	mario andretti racing	Racing
MD	mario lemieux hockey	Sports
MD	marko	Action
MD	marko's magic football	Action
MD	marsupilami	Action
MD	marvel land	Platform
MD	mary shelley's frankenstein	Adventure
MD	master of monsters	Strategy
MD	master of weapon	Action
MD	math blaster - episode 1	Educational
MD	maten no soumetsu	Role-playing (RPG)
MD	mazin saga	Beat'em Up
MD	mazin saga - mutant fighter	Beat'em Up
MD	mazin wars	Beat'em Up
MD	mcdonald's treasure land adventure	Platform
MD	mega 3d noah's ark	Action
MD	medal city	Gambling
MD	mega 6 vol. 3	Compilation
MD	mega bomberman	Action
MD	mega bomberman - special 8-player-demo	Action
MD	mega games 2	Compilation
MD	mega games 3	Racing
MD	mega games 6	Compilation
MD	mega games 6 vol. 2	Compilation
MD	mega cheril perils	Platform
MD	mega games i	Compilation
MD	mega lo mania	Strategy
MD	mega man - the wily wars	Platform
MD	mega marble world	Puzzle
MD	mega swiv	Shoot'em Up
MD	mega turrican	Platform
MD	mega turrican - director's cut	Platform
MD	mega-lo-mania	Strategy
MD	megamind	Action
MD	megapanel	Puzzle
MD	megatrax	Racing
MD	menacer - 6-game cartridge	Lightgun Shooter
MD	meng huan shui guo pan - 777 casino	Gambling
MD	metal fangs	Racing
MD	michael jackson's moonwalker	Action
MD	mick & mack as the global gladiators	Platform
MD	mickey mania	Platform
MD	mickey mania - the timeless adventures of mickey mouse	Platform
MD	mickey's ultimate challenge	Strategy
MD	micro machines	Racing
MD	micro machines - military	Racing
MD	micro machines - turbo tournament 96	Racing
MD	micro machines 2 - turbo tournament	Racing
MD	midnight resistance	Action
MD	midway presents arcade's greatest hits	Compilation
MD	mig-29 fighter pilot	Simulation
MD	might and magic - gates to another world	Role-playing (RPG)
MD	might and magic iii - isles of terra	Role-playing (RPG)
MD	mighty morphin power rangers	Action
MD	mighty morphin power rangers - the fighting edition	Fighting
MD	mighty morphin power rangers - the movie	Beat'em Up
MD	mike ditka power football	Sports
MD	minato no traysia	Role-playing (RPG)
MD	miniplanets	Platform
MD	minnesota fats - pool legend	Sports
MD	miracle piano teaching system, the	Music / Dancing
MD	misplaced	Puzzle
MD	mk5 - mortal kombat mythologies - sub-zero	Platform
MD	mlbpa baseball	Sports
MD	mondu's fight palace	Fighting
MD	monopoly	Strategy
MD	monster world iv	Adventure
MD	mortal kombat	Action
MD	mortal kombat 3	Action
MD	mortal kombat ii	Action
MD	mr. nutz	Platform
MD	mr. nutz - hoppin' mad	Platform
MD	ms. pac-man	Action
MD	mugen senshi valis	Role-playing (RPG)
MD	muhammad ali heavyweight boxing	Sports
MD	mulan	Platform
MD	musha - metallic uniframe super hybrid armor	Shoot'em Up
MD	musha aleste - full metal fighter ellinor	Shoot'em Up
MD	mutant league football	Sports
MD	mutant league hockey	Sports
MD	mystic defender	Action
MD	mystical fighter	Action
MD	nakajima satoru kanshuu - f-1 super license	Racing
MD	nakajima satoru kanshuu - f-1 grand prix	Racing
MD	nakajima satoru kanshuu - f-1 hero md	Racing
MD	nba action '94	Sports
MD	nba action '95 starring david robinson	Sports
MD	nba all-star challenge	Sports
MD	nba hang time	Sports
MD	nba jam	Sports
MD	nba jam - tournament edition	Sports
MD	nba live 95	Sports
MD	nba live 96	Sports
MD	nba live 98	Sports
MD	nba live 97	Sports
MD	nba playoffs - bulls vs blazers	Sports
MD	nba pro basketball - bulls vs lakers and the nba playoffs	Sports
MD	nba pro basketball '94	Sports
MD	ncaa final four basketball	Sports
MD	nba showdown '94	Sports
MD	ncaa football	Sports
MD	nekketsu koukou dodgeball-bu - soccer hen md	Sports
MD	new 3d golf simulation - devil's course	Sports
MD	new 3d golf simulation - harukanaru augusta	Sports
MD	new 3d golf simulation - pebble beach no hatou	Sports
MD	new 3d golf simulation - waialae no kiseki	Sports
MD	newzealand story, the	Action
MD	new horizons	Role-playing (RPG)
MD	newman haas indycar featuring nigel mansell	Racing
MD	nfl '95	Sports
MD	nfl 98	Sports
MD	nfl football '94	Sports
MD	nfl pro football '94	Sports
MD	nfl football '94 starring joe montana	Sports
MD	nfl quarterback club	Sports
MD	nfl quarterback club 96	Sports
MD	nfl sports talk football '93 starring joe montana	Sports
MD	nhk taiga drama - taiheiki	Strategy
MD	nhl '94	Sports
MD	nhl 95	Sports
MD	nhl 96	Sports
MD	nhl 97	Sports
MD	nhl 98	Sports
MD	nhl all-star hockey 95	Sports
MD	nhl hockey	Sports
MD	nhlpa hockey 93	Sports
MD	nightmare circus	Action
MD	nigel mansell's world championship racing	Racing
MD	nikkan sports pro yakyuu van	Sports
MD	ninja burai densetsu	Strategy
MD	ninja gaiden	Beat'em Up
MD	no escape	Action
MD	nobunaga no yabou - bushou fuuunroku	Simulation
MD	nobunaga no yabou - haouden	Simulation
MD	nobunaga no yabou - zenkoku ban	Strategy
MD	nobunaga's ambition	Strategy
MD	normy's beach babe-o-rama	Action
MD	odeio carros	Puzzle
MD	oh mummy genesis	Action
MD	old towers	Puzzle
MD	olympic gold	Sports
MD	olympic summer games	Sports
MD	on dal jang goon	Action
MD	onslaught	Action
MD	ooze, the	Action
MD	osomatsu-kun hachamecha gekijou	Platform
MD	operation europe - path to victory 1939-45	Strategy
MD	ottifants, the	Platform
MD	out of this world	Action
MD	outback joey	Action
MD	outlander	Racing
MD	outrun	Racing
MD	outrun 2019	Racing
MD	outrunners	Racing
MD	ozaki naomichi no super masters	Sports
MD	pac-man 2 - the new adventures	Puzzle
MD	p.t.o. - pacific theater of operations	Strategy
MD	pac-attack	Puzzle
MD	pac-mania	Action
MD	pachinko kuunyan	Gambling
MD	pac-panic	Puzzle
MD	paddle fighter	Action
MD	pagemaster, the	Action
MD	panorama cotton	Action
MD	paperboy	Sports
MD	paperboy 2	Sports
MD	papi commando	Shooter
MD	papi commando reload - tectoy demo	Shooter
MD	papi commando remix	Shooter
MD	papi commando remix deluxe	Shooter
MD	party quiz mega q	Quiz
MD	pat riley basketball	Sports
MD	pebble beach golf links	Sports
MD	pele ii - world tournament soccer	Sports
MD	pele!	Sports
MD	pepenga pengo	Action
MD	pete sampras tennis	Sports
MD	pga european tour	Sports
MD	pga tour 96	Sports
MD	pga tour golf	Sports
MD	pga tour golf ii	Sports
MD	pga tour golf iii	Sports
MD	phantasy star - sennenki no owari ni	Role-playing (RPG)
MD	phantasy star fukkokuban	Role-playing (RPG)
MD	phantasy star ii	Role-playing (RPG)
MD	phantasy star ii - amia's adventure	Adventure
MD	phantasy star ii - anne's adventure	Adventure
MD	phantasy star ii - huey's adventure	Adventure
MD	phantasy star ii - kaerazaru toki no owari ni	Role-playing (RPG)
MD	phantasy star ii - kinds's adventure	Adventure
MD	phantasy star ii - nei's adventure	Adventure
MD	phantasy star ii - rudger's adventure	Role-playing (RPG)
MD	phantasy star ii - shilka's adventure	Adventure
MD	phantasy star ii - yushis's adventure	Adventure
MD	phantasy star iii - generations of doom	Role-playing (RPG)
MD	phantasy star iv	Role-playing (RPG)
MD	phantom 2040	Action
MD	phelios	Shoot'em Up
MD	pier solar and the great architects	Role-playing (RPG)
MD	pink goes to hollywood	Action
MD	pinocchio	Action
MD	pirates of dark water, the	Adventure
MD	pirates! gold	Adventure
MD	pit-fighter	Fighting
MD	planet message quiz	Quiz
MD	pitfall - the mayan adventure	Platform
MD	pocahontas	Platform
MD	pocket monsters	Platform
MD	pocket monsters 2	Platform
MD	pokemon stadium	Fighting
MD	populous	Strategy
MD	power athlete	Action
MD	power drive	Racing
MD	power monger	Strategy
MD	powerball	Sports
MD	predator 2	Shooter
MD	premier manager 97	Simulation
MD	premier manager	Simulation
MD	primal rage	Action
MD	primal rage showdown	Action
MD	prime time nfl starring deion sanders	Sports
MD	prince of persia	Platform
MD	prince of persia 2	Platform
MD	pro moves soccer	Sports
MD	pro quarterback	Sports
MD	pro striker - final stage	Sports
MD	pro yakyuu super league '91	Action
MD	probotector	Shoot'em Up
MD	psy-o-blade	Adventure
MD	psycho pinball	Pinball
MD	puggsy	Action
MD	pulseman	Action
MD	punisher, the	Beat'em Up
MD	putter golf	Sports
MD	putty squad	Action
MD	puyo puyo	Puzzle
MD	puyo puyo tsuu	Puzzle
MD	puzzle & action - ichidanto-r	Action
MD	puzzle & action - tanto-r	Puzzle
MD	pyramid magic	Strategy
MD	pyramid magic ii	Simulation
MD	pyramid magic iii	Strategy
MD	pyramid magic special	Strategy
MD	quackshot starring donald duck	Action
MD	queen of poker club	Gambling
MD	quad challenge	Racing
MD	r.b.i. baseball '93	Sports
MD	r.b.i. baseball '94	Sports
MD	r.b.i. baseball '95	Sports
MD	r.b.i. baseball 3	Sports
MD	r.b.i. baseball 4	Sports
MD	race drivin'	Racing
MD	radical rex	Action
MD	raiden densetsu ~ raiden trad	Shoot'em Up
MD	rambo iii	Shooter
MD	rainbow islands extra	Action
MD	rampart	Strategy
MD	ranger x	Shoot'em Up
MD	ransei no hasha	Strategy
MD	rastan saga ii	Action
MD	red zone	Shooter
MD	ren & stimpy show presents, the - stimpy's invention	Platform
MD	rent a hero	Role-playing (RPG)
MD	resq	Platform
MD	revenge of shinobi, the	Action
MD	revolution x	Action
MD	richard scarry's busytown	Racing
MD	rick dangerous	Platform
MD	riddle wired	Action
MD	rings of power	Role-playing (RPG)
MD	rise of the robots	Fighting
MD	risk	Board
MD	risky woods	Action
MD	ristar	Action
MD	ristar - the shooting star	Action
MD	road rash	Fighting
MD	road rash 3	Racing
MD	road rash ii	Racing
MD	roadblasters	Racing
MD	robocop 3	Platform
MD	robocop versus the terminator	Shooter
MD	robot wreckage	Action
MD	robot battler	Beat'em Up
MD	rock 'n' roll racing	Racing
MD	rock n' roll racing	Racing
MD	rocket knight adventures	Action
MD	rockman - mega world	Platform
MD	rockman x3	Action
MD	roger clemens' mvp baseball	Sports
MD	rolling thunder 2	Shooter
MD	rolling thunder 3	Shooter
MD	rolo to the rescue	Platform
MD	romance of the three kingdoms ii	Action
MD	romance of the three kingdoms iii - dragon of destiny	Strategy
MD	ronaldinho 98	Sports
MD	royal blood	Strategy
MD	rugby world cup 95	Sports
MD	runark	Action
MD	ryuuko no ken	Action
MD	sacred line genesis	Adventure
MD	sagaia	Shoot'em Up
MD	saint sword	Adventure
MD	same! same! same!	Action
MD	sampras tennis 96	Sports
MD	samurai shodown	Action
MD	samurai spirits	Action
MD	samurai spirits ii	Fighting
MD	san guo yan yi - huo shao chi bi	Action
MD	san guo zhi lie zhuan - luan shi qun ying	Action
MD	sangokushi ii	Action
MD	sangokushi iii	Strategy
MD	sangokushi retsuden - ransei no eiyuutachi	Simulation
MD	sangokushi v	Strategy
MD	sansan	Board
MD	saturday night slammasters	Sports
MD	schtroumpfs autour du monde, les	Platform
MD	scooby-doo mystery	Platform
MD	scrabble	Various
MD	sd valis	Action
MD	seaquest dsv	Shooter
MD	second samurai	Adventure
MD	sega sports 1	Compilation
MD	sega top five	Compilation
MD	sensible soccer	Sports
MD	senjou no ookami ii ~ mercs	Shooter
MD	sesame street counting cafe	Adventure
MD	shadow blasters	Action
MD	shadow dancer - the secret of shinobi	Platform
MD	shadow of the beast - mashou no okite	Platform
MD	shadow of the beast	Platform
MD	shadow of the beast ii	Platform
MD	shadowrun	Role-playing (RPG)
MD	shane warne cricket	Sports
MD	shanghai ii - dragon's eye	Board
MD	shaq-fu	Fighting
MD	shi jie zhi bang zheng ba zhan - world pro baseball 94	Action
MD	shi no meikyuu - labyrinth of death	Role-playing (RPG)
MD	shikinjou	Board
MD	shijou saidai no soukoban	Puzzle
MD	shin souseiki ragnacenty	Role-playing (RPG)
MD	shin changsegi - ragnacenty	Role-playing (RPG)
MD	shining force	Strategy
MD	shining and the darkness	Role-playing (RPG)
MD	shining force - kamigami no isan	Strategy
MD	shining force ii	Role-playing (RPG)
MD	shining force ii - inishie no fuuin	Role-playing (RPG)
MD	shining in the darkness	Role-playing (RPG)
MD	shinobi iii - return of the ninja master	Platform
MD	ship	Shoot'em Up
MD	shiten myouou	Action
MD	shougi no hoshi	Action
MD	shove it! ...the warehouse game	Puzzle
MD	show do milhao	Quiz
MD	show do milhao volume 2	Quiz
MD	shui hu - feng yun zhuan	Beat'em Up
MD	shura no mon	Strategy
MD	side pocket	Sports
MD	simpsons, the - bart vs. the space mutants	Platform
MD	simpsons, the - bart's nightmare	Platform
MD	skeleton krew	Shooter
MD	skitchin'	Sports
MD	slam - shaq vs. the legends	Sports
MD	slap fight md	Action
MD	slaughter sport	Fighting
MD	smart mouse	Puzzle
MD	slime world	Action
MD	smurfs, the	Platform
MD	snake rattle n roll	Platform
MD	snow bros. - nick & tom	Action
MD	socket	Action
MD	sol-deace	Shoot'em Up
MD	soldiers of fortune	Shooter
MD	soleil	Role-playing (RPG)
MD	sonic & knuckles	Platform
MD	sonic & knuckles + sonic the hedgehog	Platform
MD	sonic & knuckles + sonic the hedgehog 2	Platform
MD	sonic & knuckles + sonic the hedgehog 2 + sonic the hedgehog 3	Platform
MD	sonic & knuckles + sonic the hedgehog 3	Platform
MD	sonic 3	Action
MD	sonic 3d blast	Platform
MD	sonic 3d blast - director's cut	Platform
MD	sonic compilation	Compilation
MD	sonic compilation ~ sonic classics	Compilation
MD	sonic crackers	Platform
MD	sonic eraser	Puzzle
MD	sonic jam 6	Platform
MD	sonic spinball	Pinball
MD	sonic the hedgehog	Action
MD	sonic the hedgehog 2	Action
MD	sonic the hedgehog 3	Action
MD	sorcer kingdom	Role-playing (RPG)
MD	sorcerer's kingdom	Role-playing (RPG)
MD	sorcerian	Role-playing (RPG)
MD	soul blade	Fighting
MD	soul edge vs samurai spirits	Fighting
MD	space funky b.o.b.	Platform
MD	space harrier ii	Shooter
MD	space invaders '91	Shooter
MD	space invaders 90	Shooter
MD	sparkster	Action
MD	speedball 2	Action
MD	sparkster - rocket knight adventures 2	Action
MD	speedball 2 - brutal deluxe	Action
MD	spider-man	Platform
MD	spider-man . venom - maximum carnage	Beat'em Up
MD	spider-man x-men - arcade's revenge	Platform
MD	spiritual warfare	Adventure
MD	spirou	Platform
MD	splatterhouse 2	Action
MD	splatterhouse 3	Beat'em Up
MD	sport games	Compilation
MD	splatterhouse part 2	Action
MD	splatterhouse part 3	Beat'em Up
MD	spot goes to hollywood	Platform
MD	sports talk baseball	Sports
MD	squirrel king	Action
MD	star control	Strategy
MD	star cruiser	Adventure
MD	st ii' turbo	Fighting
MD	star odyssey	Role-playing (RPG)
MD	star trek - deep space nine - crossroads of time	Adventure
MD	star trek - the next generation	Adventure
MD	star trek - the next generation - echoes from the past	Adventure
MD	starflight	Role-playing (RPG)
MD	stargate	Platform
MD	steel empire	Shoot'em Up
MD	steel talons	Simulation
MD	stone protectors	Beat'em Up
MD	stormlord	Action
MD	story of thor, the	Role-playing (RPG)
MD	story of thor, the - hikari o tsugumono	Role-playing (RPG)
MD	street fighter ii' - champion edition	Fighting
MD	street fighter ii' - special champion edition	Fighting
MD	street fighter ii' plus - champion edition	Fighting
MD	street racer	Racing
MD	street smart	Action
MD	streets of rage	Beat'em Up
MD	streets of rage 2	Beat'em Up
MD	streets of rage 3	Beat'em Up
MD	streets of rage ii	Beat'em Up
MD	strider	Action
MD	strider hiryuu	Action
MD	strider ii	Platform
MD	striker	Sports
MD	sub-terrania	Action
MD	summer challenge	Sports
MD	sunset riders	Shooter
MD	super airwolf	Action
MD	super baseball 2020	Sports
MD	super battleship - the classic naval combat game	Strategy
MD	super bubble bobble	Platform
MD	super daisenryaku	Strategy
MD	super donkey kong 99	Platform
MD	super fantasy zone	Action
MD	super h.q.	Racing
MD	super hang-on	Racing
MD	super high impact	Sports
MD	super hydlide	Role-playing (RPG)
MD	super kick off	Sports
MD	super king kong 99	Platform
MD	super league	Sports
MD	super mario 2	Action
MD	super mario world	Action
MD	super monaco gp	Racing
MD	super off road	Racing
MD	super real basketball	Sports
MD	super shinobi ii, the	Platform
MD	super shinobi, the	Action
MD	super skidmarks	Racing
MD	super smash t.v.	Shoot'em Up
MD	super street fighter ii	Fighting
MD	super street fighter ii - the new challengers	Fighting
MD	super thunder blade	Shoot'em Up
MD	super volleyball	Sports
MD	super volley ball	Sports
MD	superman	Beat'em Up
MD	superman - the man of steel	Beat'em Up
MD	surging aura	Role-playing (RPG)
MD	swamp thing	Platform
MD	switchblade	Action
MD	sword of sodan	Beat'em Up
MD	sword of vermilion	Role-playing (RPG)
MD	syd of valis	Action
MD	sylvester & tweety in cagey capers	Platform
MD	syndicate	Strategy
MD	t2 - terminator 2 - judgment day	Platform
MD	t2 - the arcade game	Lightgun Shooter
MD	taikou risshiden	Role-playing (RPG)
MD	talespin	Platform
MD	talmit's adventure	Platform
MD	tanglewood	Platform
MD	tanzer	Action
MD	target earth	Action
MD	task force harrier ex	Action
MD	taz in escape from mars	Platform
MD	tatsujin ~ truxton	Action
MD	taz-mania	Platform
MD	tc 2000	Racing
MD	team usa basketball	Sports
MD	technoclash	Adventure
MD	technocop	Platform
MD	tecmo cup football game	Sports
MD	tecmo super baseball	Sports
MD	tecmo super bowl	Sports
MD	tecmo super bowl ii - special edition	Sports
MD	tecmo super bowl iii - final edition	Sports
MD	tecmo super hockey	Sports
MD	tecmo super nba basketball	Sports
MD	tecmo world cup	Sports
MD	tecmo world cup '92	Sports
MD	teenage mutant hero turtles - the hyperstone heist	Beat'em Up
MD	teddy boy blues	Action
MD	teenage mutant hero turtles - tournament fighters	Fighting
MD	teenage mutant ninja turtles - the legend returns	Beat'em Up
MD	teenage mutant ninja turtles - return of the shredder	Beat'em Up
MD	teenage mutant ninja turtles - the hyperstone heist	Beat'em Up
MD	teenage mutant ninja turtles - tournament fighters	Fighting
MD	teitoku no ketsudan	Strategy
MD	tekken special	Action
MD	tel-tel stadium	Sports
MD	tel-tel mahjong	Board
MD	telethugs	Shooter
MD	terminator, the	Platform
MD	tetris	Puzzle
MD	test drive ii - the duel	Racing
MD	theme park	Strategy
MD	thomas the tank engine & friends	Racing
MD	thunder force ii	Shoot'em Up
MD	thunder force iii	Action
MD	thunder force ii md	Shoot'em Up
MD	thunder force iv	Action
MD	thunder fox	Platform
MD	thunder pro wrestling retsuden	Sports
MD	thunderbolt ii	Shoot'em Up
MD	tick, the	Beat'em Up
MD	time dominator 1st	Action
MD	time trax	Platform
MD	time killers	Action
MD	tinhead	Action
MD	tintin in tibet	Platform
MD	tiny toon adventures	Sports
MD	tiny toon adventures - acme all-stars	Sports
MD	tiny toon adventures - buster's hidden treasure	Platform
MD	tiny toon adventures 3	Action
MD	tnn bass tournament of champions	Hunting and Fishing
MD	tnn outdoors bass tournament '96	Hunting and Fishing
MD	todd's adventures in slime world	Action
MD	toejam & earl	Action
MD	toejam & earl in panic on funkotron	Platform
MD	toejam & earl in panik auf funkotron	Platform
MD	toki - going ape spit	Action
MD	toki no keishousha - phantasy star iii	Role-playing (RPG)
MD	tom and jerry - frantic antics	Adventure
MD	tom and jerry - frantic antics!	Adventure
MD	tom mason's dinosaurs for hire	Platform
MD	tommy lasorda baseball	Sports
MD	tony la russa baseball	Sports
MD	top fighter 2000 mk viii	Action
MD	top fighter 2005	Action
MD	top gear 2	Racing
MD	top pro golf	Sports
MD	total football	Sports
MD	top pro golf 2	Sports
MD	toughman contest	Sports
MD	tougiou king colossus	Role-playing (RPG)
MD	toxic crusaders	Action
MD	toy story	Platform
MD	toys - let the toy wars begin!	Action
MD	trampoline terror!	Various
MD	traysia	Role-playing (RPG)
MD	triple play - gold edition	Sports
MD	triple play 96	Sports
MD	trouble shooter	Action
MD	troy aikman nfl football	Sports
MD	true lies	Shooter
MD	tun shi tian di iii	Role-playing (RPG)
MD	turbo outrun	Racing
MD	turrican	Platform
MD	twin cobra - desert attack helicopter	Action
MD	twinkle tale	Action
MD	twisted flipper	Pinball
MD	two crude dudes	Action
MD	turma da monica na terra dos monstros	Platform
MD	two tribes - populous ii	Strategy
MD	tyrants - fight through time	Strategy
MD	uchuu senkan gomora	Shoot'em Up
MD	ultimate mortal kombat 3	Action
MD	ultimate soccer	Sports
MD	ultimate qix	Action
MD	ultracore	Shooter
MD	ultraman	Action
MD	uncharted waters	Role-playing (RPG)
MD	undead line	Action
MD	universal soldier	Platform
MD	unnecessary roughness '95	Sports
MD	urban strike	Shooter
MD	uwol - quest for money	Platform
MD	uzu keobukseon	Shoot'em Up
MD	v-v	Action
MD	valis	Role-playing (RPG)
MD	valis iii	Platform
MD	vampire killer	Platform
MD	vapor trail	Action
MD	vectorman	Platform
MD	vectorman 2	Action
MD	vermilion	Role-playing (RPG)
MD	venom . spider-man - separation anxiety	Beat'em Up
MD	verytex	Action
MD	viewpoint	Action
MD	virtua fighter 2	Action
MD	virtua fighter 2 vs tekken 2	Fighting
MD	virtua racing	Racing
MD	virtual bart	Platform
MD	virtual pinball	Simulation
MD	vixen 357	Role-playing (RPG)
MD	volfied	Action
MD	wacky races	Racing
MD	vr troopers	Fighting
MD	wacky worlds creativity studio	Various
MD	wani wani world	Action
MD	wardner	Action
MD	wardner no mori special	Action
MD	warlock	Adventure
MD	warpspeed	Action
MD	warrior of rome	Strategy
MD	warrior of rome ii	Strategy
MD	warsong	Strategy
MD	water margin - a tale of clouds and wind	Beat'em Up
MD	waterworld	Adventure
MD	wayne gretzky and the nhlpa all-stars	Sports
MD	wayne's world	Action
MD	wheel of fortune	Quiz
MD	weaponlord	Action
MD	where in the world is carmen sandiego	Educational
MD	where in time is carmen sandiego	Adventure
MD	whip rush	Action
MD	whip rush - wakusei voltegas no nazo	Action
MD	wild snake	Puzzle
MD	williams arcade's greatest hits	Compilation
MD	wimbledon	Sports
MD	wimbledon championship tennis	Sports
MD	wings of wor	Action
MD	winter challenge	Sports
MD	winter olympic games	Sports
MD	winter olympics	Sports
MD	wiz 'n' liz	Platform
MD	wiz 'n' liz - the frantic wabbit wescue	Platform
MD	wizard of the immortal	Adventure
MD	wolfchild	Action
MD	wolverine - adamantium rage	Platform
MD	wonder boy in monster world	Platform
MD	wonder boy iii - monster lair	Adventure
MD	wonder boy v - monster world iii	Platform
MD	world championship soccer ii	Sports
MD	world class leader board	Sports
MD	world class leaderboard golf	Sports
MD	world cup italia '90	Sports
MD	world cup soccer	Sports
MD	world cup soccer ~ world championship soccer	Sports
MD	world cup usa 94	Sports
MD	world heroes	Action
MD	world of illusion starring mickey mouse & donald duck	Action
MD	world of illusion starring mickey mouse and donald duck	Action
MD	world series baseball	Sports
MD	world series baseball '95	Sports
MD	world series baseball '96	Sports
MD	world series baseball 98	Sports
MD	world trophy soccer	Sports
MD	worms	Strategy
MD	wrestle war	Sports
MD	wrestleball	Sports
MD	wu kong wai zhuan	Role-playing (RPG)
MD	wwf raw	Sports
MD	wwf royal rumble	Sports
MD	wwf super wrestlemania	Sports
MD	wwf wrestlemania - the arcade game	Sports
MD	x-men	Platform
MD	x-men 2 - clone wars	Platform
MD	x-perts	Adventure
MD	xdr - x-dazedly-ray	Shoot'em Up
MD	xeno crisis	Action
MD	xenon 2 - megablast	Shoot'em Up
MD	xiao monv - magic girl	Shoot'em Up
MD	xin qi gai wang zi	Role-playing (RPG)
MD	ya se chuan shuo	Role-playing (RPG)
MD	yazzie	Action
MD	yi men ying lie - yang jia jiang	Beat'em Up
MD	yogi bear - cartoon capers	Platform
MD	young indiana jones chronicles, the	Platform
MD	ys - wanderers from ys	Action
MD	ys iii	Action
MD	yu yu hakusho - makyou toitsusen	Fighting
MD	yu yu hakusho gaiden	Adventure
MD	yuyu hakusho - sunset fighters	Fighting
MD	zan yasha enbukyoku	Strategy
MD	zany golf	Sports
MD	zero the kamikaze squirrel	Action
MD	zero tolerance	Shooter
MD	zero wing	Shoot'em Up
MD	zhan qi chinese battle chess	Strategy
MD	zhong guo xiang qi	Board
MD	zhuo gui da shi - ghost hunter	Puzzle
MD	zombie high	Platform
MD	zombies	Shooter
MD	zombies ate my neighbors	Shooter
MD	zool	Platform
MD	zool - ninja of the 'nth' dimension	Platform
MD	zoom!	Puzzle
MD	zoop	Strategy
MD	zou! zou! zou! rescue daisakusen	Platform
N64	1080 snowboarding	Sports
N64	007 - the world is not enough	Action
N64	40 winks	Platform
N64	64 oozumou	Sports
N64	64 hanafuda - tenshi no yakusoku	Board
N64	64 de hakken!! tamagotchi - minna de tamagotchi world	Simulation
N64	64 oozumou 2	Sports
N64	64 trump collection - alice no wakuwaku trump world	Gambling
N64	aerofighters assault	Shooter
N64	aerogauge	Racing
N64	ai shougi 3	Board
N64	aidyn chronicles - the first mage	Role-playing (RPG)
N64	air boarder 64	Sports
N64	airboarder 64	Sports
N64	akumajou dracula mokushiroku - real action adventure	Platform
N64	akumajou dracula mokushiroku gaiden - legend of cornell	Platform
N64	all-star baseball 2000	Sports
N64	all star tennis '99	Sports
N64	all-star baseball 2001	Sports
N64	all star tennis 99	Sports
N64	all-star baseball 99	Sports
N64	army men - air combat	Shooter
N64	armorines - project s.w.a.r.m.	Shooter
N64	army men - sarge's heroes	Shooter
N64	army men - sarge's heroes 2	Shooter
N64	asteroids hyper 64	Action
N64	baku bomberman 2	Action
N64	automobili lamborghini	Racing
N64	baku bomberman	Action
N64	bakuretsu muteki bangaioh	Action
N64	bakushou jinsei 64 - mezase! resort ou	Board
N64	banjo to kazooie no daibouken	Platform
N64	banjo-kazooie	Platform
N64	banjo to kazooie no daibouken 2	Platform
N64	banjo-tooie	Platform
N64	bass rush - ecogear powerworm championship	Hunting and Fishing
N64	bassmasters 2000	Hunting and Fishing
N64	batman beyond - return of the joker	Beat'em Up
N64	batman of the future - return of the joker	Beat'em Up
N64	battletanx	Action
N64	battletanx - global assault	Action
N64	battlezone - rise of the black dogs	Strategy
N64	beetle adventure racing!	Racing
N64	big mountain 2000	Sports
N64	bio f.r.e.a.k.s.	Fighting
N64	biohazard 2	Adventure
N64	blast corps	Puzzle
N64	blastdozer	Puzzle
N64	blues brothers 2000	Music / Dancing
N64	body harvest	Action
N64	bokujou monogatari 2	Simulation
N64	bomberman 64	Action
N64	bomberman 64 - the second attack!	Action
N64	bomberman hero	Platform
N64	bomberman hero - mirian oujo o sukue!	Platform
N64	bottom of the 9th	Sports
N64	brunswick circuit pro bowling	Sports
N64	buck bumble	Shooter
N64	bug's life, a	Action
N64	bust-a-move '99	Strategy
N64	bust-a-move 2 - arcade edition	Action
N64	california speed	Racing
N64	bust-a-move 3 dx	Strategy
N64	carmageddon 64	Racing
N64	castlevania	Platform
N64	castlevania - legacy of darkness	Platform
N64	centre court tennis	Sports
N64	chameleon twist	Platform
N64	chameleon twist 2	Platform
N64	charlie blast's territory	Strategy
N64	chopper attack	Shooter
N64	choro q 64	Racing
N64	choro q 64 2 - hacha mecha grand prix race	Racing
N64	chou kuukan nighter pro yakyuu king	Sports
N64	chou kuukan nighter pro yakyuu king 2	Sports
N64	clay fighter 63 1-3	Fighting
N64	clay fighter - sculptor's cut	Fighting
N64	city-tour gp - zen-nihon gt senshuken	Racing
N64	chou snobo kids	Sports
N64	command & conquer	Strategy
N64	conker's bad fur day	Platform
N64	cruis'n usa	Racing
N64	cruis'n exotica	Racing
N64	cruis'n world	Racing
N64	custom robo	Action
N64	custom robo v2	Role-playing (RPG)
N64	cybertiger	Sports
N64	daffy duck starring as duck dodgers	Puzzle
N64	dance dance revolution - disney dancing museum	Music / Dancing
N64	dark rift	Action
N64	deadly arts	Fighting
N64	defi au tetris magique	Puzzle
N64	densha de go! 64	Simulation
N64	derby stallion 64	Sports with Animals
N64	destruction derby 64	Racing
N64	dezaemon 3d	Action
N64	diddy kong racing	Adventure
N64	die hard 64	Shooter
N64	donald duck - goin' quackers	Adventure
N64	donald duck - quack attack	Adventure
N64	donkey kong 64	Platform
N64	doom 64	Shooter
N64	doraemon - nobita to 3tsu no seireiseki	Platform
N64	doraemon 2 - nobita to hikari no shinden	Platform
N64	doraemon 3 - nobita no machi sos!	Platform
N64	dr. mario 64	Puzzle
N64	doubutsu no mori	Role-playing (RPG)
N64	dragon sword 64	Fighting
N64	dual heroes	Action
N64	duck dodgers starring daffy duck	Puzzle
N64	duke nukem - zero hour	Shooter
N64	duke nukem 64	Shooter
N64	earthworm jim 3d	Platform
N64	ecw hardcore revolution	Sports
N64	eikou no saint andrews	Sports
N64	eltale monsters	Role-playing (RPG)
N64	excitebike 64	Racing
N64	extreme-g	Racing
N64	extreme-g xg2	Racing
N64	f-1 world grand prix	Racing
N64	f-1 world grand prix ii	Racing
N64	f-zero x	Racing
N64	f1 racing championship	Racing
N64	f1 pole position 64	Racing
N64	famista 64	Sports
N64	fifa - road to world cup 98	Sports
N64	fifa 64	Sports
N64	fifa - road to world cup 98 - world cup e no michi	Sports
N64	fifa 99	Sports
N64	fifa soccer 64	Sports
N64	fighter destiny 2	Fighting
N64	fighters destiny	Action
N64	fighting cup	Action
N64	fighting force 64	Beat'em Up
N64	flying dragon	Fighting
N64	forsaken	Shooter
N64	forsaken 64	Shooter
N64	fox sports college hoops '99	Sports
N64	frogger 2	Action
N64	fushigi no dungeon - fuurai no shiren 2 - oni shuurai! shiren jou!	Role-playing (RPG)
N64	g.a.s.p!! fighters' nextream	Fighting
N64	ganbare goemon - dero dero douchuu obake tenkomori	Platform
N64	ganbare goemon - neo momoyama bakufu no odori	Action
N64	ganbare! nippon! olympics 2000	Sports
N64	gauntlet legends	Role-playing (RPG)
N64	getter love!! - cho renai party game tanjou	Simulation
N64	gex 3 - deep cover gecko	Platform
N64	gex 64 - enter the gecko	Platform
N64	glover	Platform
N64	glover 2	Platform
N64	goemon - mononoke sugoroku	Board
N64	goemon's great adventure	Platform
N64	golden nugget 64	Gambling
N64	goldeneye 007	Shooter
N64	gt 64 - championship edition	Racing
N64	hamster monogatari 64	Simulation
N64	harukanaru augusta - masters '98	Sports
N64	heiwa pachinko world 64	Gambling
N64	harvest moon 64	Simulation
N64	hercules - the legendary journeys	Action
N64	hexen	Shooter
N64	hey you, pikachu!	Simulation
N64	hiryuu no ken twin	Fighting
N64	holy magic century	Role-playing (RPG)
N64	hoshi no kirby 64	Platform
N64	hot wheels - turbo racing	Racing
N64	hsv adventure racing!	Racing
N64	human grand prix - the new generation	Racing
N64	hybrid heaven	Role-playing (RPG)
N64	hydro thunder	Racing
N64	hyper olympics in nagano 64	Sports
N64	ide yosuke no mahjong juku	Board
N64	iggy's reckin' balls	Adventure
N64	iggy-kun no bura bura poyon	Adventure
N64	in-fisherman - bass hunter 64	Hunting and Fishing
N64	indiana jones and the infernal machine	Action
N64	indy racing 2000	Racing
N64	international superstar soccer '98	Sports
N64	international superstar soccer 2000	Sports
N64	international superstar soccer 64	Sports
N64	itoi shigesato no bass tsuri no. 1 kettei ban!	Hunting and Fishing
N64	international track & field 2000	Sports
N64	international track & field - summer games	Sports
N64	j.league dynamite soccer 64	Sports
N64	j.league eleven beat 1997	Sports
N64	j.league tactics soccer	Simulation
N64	j.league live 64	Sports
N64	jangou simulation mahjong dou 64	Board
N64	jeopardy!	Quiz
N64	jeremy mcgrath supercross 2000	Racing
N64	jet force gemini	Action
N64	jikkyou g1 stable	Sports with Animals
N64	jikkyou j.league 1999 - perfect striker 2	Sports
N64	jikkyou j.league perfect striker	Sports
N64	jikkyou powerful pro yakyuu - basic ban 2001	Sports
N64	jikkyou powerful pro yakyuu 2000	Sports
N64	jikkyou powerful pro yakyuu 4	Sports
N64	jikkyou powerful pro yakyuu 5	Sports
N64	jikkyou powerful pro yakyuu 6	Sports
N64	jikkyou world soccer - world cup france '98	Sports
N64	jikkyou world soccer 3	Sports
N64	jikuu senshi turok	Shooter
N64	jinsei game 64	Board
N64	john romero's daikatana	Shooter
N64	ken griffey jr.'s slugfest	Sports
N64	kakutou denshou - f-cup maniax	Fighting
N64	killer instinct gold	Fighting
N64	king hill 64 - extreme snowboarding	Sports
N64	kiratto kaiketsu! 64 tanteidan	Casual Game
N64	kirby 64 - the crystal shards	Platform
N64	knife edge - nose gunner	Shoot'em Up
N64	knockout kings 2000	Sports
N64	kobe bryant in nba courtside	Sports
N64	last legion ux	Shoot'em Up
N64	legend of zelda, the - majora's mask	Role-playing (RPG)
N64	legend of zelda, the - ocarina of time	Role-playing (RPG)
N64	legend of zelda, the - ocarina of time - master quest	Action
N64	lego racers	Racing
N64	let's smash	Sports
N64	lode runner 3-d	Puzzle
N64	lylat wars	Action
N64	madden football 64	Sports
N64	mace - the dark age	Fighting
N64	lylatwars	Action
N64	madden nfl 2000	Sports
N64	madden nfl 2001	Sports
N64	madden nfl 99	Sports
N64	madden nfl 2002	Sports
N64	magical tetris challenge	Puzzle
N64	mahjong hourouki classic	Board
N64	mahjong 64	Board
N64	magical tetris challenge featuring mickey	Puzzle
N64	mahjong master	Board
N64	major league baseball featuring ken griffey jr.	Sports
N64	mario golf	Sports
N64	mario golf 64	Sports
N64	mario kart 64	Sports
N64	mario no photopie	Various
N64	mario party	Board
N64	mario party 2	Board
N64	mario party 3	Board
N64	mario story	Role-playing (RPG)
N64	mario tennis	Sports
N64	mario tennis 64	Sports
N64	mega man 64	Role-playing (RPG)
N64	mia hamm soccer 64	Sports
N64	michael owen's wls 2000	Sports
N64	mickey no racing challenge usa	Racing
N64	mickey's speedway usa	Racing
N64	micro machines 64 turbo	Racing
N64	midway's greatest arcade hits - volume 1	Compilation
N64	mike piazza's strike zone	Sports
N64	mini racers	Racing
N64	milo's astro lanes	Sports
N64	mischief makers	Adventure
N64	mission - impossible	Action
N64	monaco grand prix - racing simulation 2	Racing
N64	monaco grand prix	Racing
N64	monster truck madness 64	Racing
N64	monopoly	Board
N64	morita shougi 64	Board
N64	mortal kombat 4	Fighting
N64	mortal kombat mythologies - sub-zero	Role-playing (RPG)
N64	mortal kombat trilogy	Fighting
N64	mrc - multi-racing championship	Racing
N64	ms. pac-man - maze madness	Puzzle
N64	mystical ninja 2 starring goemon	Platform
N64	mystical ninja starring goemon	Action
N64	nagano winter olympics '98	Sports
N64	namco museum 64	Compilation
N64	nascar 2000	Racing
N64	nascar 99	Simulation
N64	nba hangtime	Sports
N64	nba courtside 2 featuring kobe bryant	Sports
N64	nba in the zone '98	Sports
N64	nba in the zone '99	Sports
N64	nba in the zone 2000	Sports
N64	nba in the zone 2	Sports
N64	nba jam 2000	Sports
N64	nba jam 99	Sports
N64	nba live 2000	Sports
N64	nba live 99	Sports
N64	nba pro 98	Sports
N64	nba showtime - nba on nbc	Sports
N64	nba pro 99	Sports
N64	new tetris, the	Puzzle
N64	neon genesis evangelion	Action
N64	nfl blitz - special edition	Sports
N64	nfl blitz	Sports
N64	nfl blitz 2000	Sports
N64	nfl blitz 2001	Sports
N64	nfl quarterback club 2000	Sports
N64	nfl qb club 2001	Sports
N64	nfl quarterback club 98	Sports
N64	nfl quarterback club 99	Sports
N64	nhl 99	Sports
N64	nhl blades of steel '99	Sports
N64	nhl breakaway 98	Sports
N64	nhl breakaway 99	Sports
N64	nhl pro 99	Sports
N64	nightmare creatures	Action
N64	nintama rantarou 64 game gallery	Puzzle
N64	nintendo all-star! dairantou smash brothers	Fighting
N64	nuclear strike 64	Shooter
N64	nushi zuri 64	Hunting and Fishing
N64	nushi zuri 64 - shiokaze ni notte	Hunting and Fishing
N64	o.d.t.	Action
N64	off road challenge	Racing
N64	ogre battle 64 - person of lordly caliber	Strategy
N64	olympic hockey 98	Sports
N64	onegai monsters	Role-playing (RPG)
N64	operation winback	Shooter
N64	pachinko 365 nichi	Gambling
N64	paperboy	Sports
N64	paper mario	Role-playing (RPG)
N64	parlor! pro 64 - pachinko jikki simulation game	Gambling
N64	pd ultraman battle collection 64	Role-playing (RPG)
N64	penny racers	Racing
N64	perfect dark	Shooter
N64	pga european tour	Sports
N64	pga european tour golf	Sports
N64	pikachuu genki de chuu	Simulation
N64	pilotwings 64	Simulation
N64	pokemon puzzle league	Puzzle
N64	pokemon snap	Simulation
N64	pokemon snap station	Simulation
N64	pokemon stadium	Fighting
N64	pokemon stadium 2	Fighting
N64	polaris snocross	Racing
N64	power league 64	Sports
N64	pokemon stadium kin gin	Fighting
N64	power rangers - lightspeed rescue	Beat'em Up
N64	powerpuff girls, the - chemical x-traction	Beat'em Up
N64	premier manager 64	Sports
N64	pro mahjong kiwame 64	Board
N64	pro mahjong tsuwamono 64 - jansou battle ni chousen	Board
N64	puyo puyo sun 64	Puzzle
N64	puyo puyoon party	Compilation
N64	puzzle bobble 64	Strategy
N64	quake	Shooter
N64	quake ii	Shooter
N64	quest 64	Role-playing (RPG)
N64	racing simulation 2	Racing
N64	rakugakids	Fighting
N64	rally '99	Racing
N64	rally challenge 2000	Racing
N64	rampage - world tour	Puzzle
N64	rampage 2 - universal tour	Action
N64	rat attack	Puzzle
N64	rat attack!	Puzzle
N64	rayman 2 - the great escape	Action
N64	razor freestyle scooter	Sports
N64	razmoket, les - la chasse aux tresors	Board
N64	re-volt	Racing
N64	ready 2 rumble boxing	Sports
N64	ready 2 rumble boxing - round 2	Sports
N64	resident evil 2	Adventure
N64	road rash 64	Racing
N64	roadsters	Racing
N64	robot poncots 64 - 7tsu no umi no caramel	Role-playing (RPG)
N64	robotech - crystal dreams	Simulation
N64	robotron 64	Shooter
N64	rocket - robot on wheels	Platform
N64	rockman dash - hagane no boukenshin	Role-playing (RPG)
N64	rr64 - ridge racer 64	Racing
N64	ronaldinho's soccer 64	Sports
N64	rtl world league soccer 2000	Sports
N64	rugrats - die grosse schatzsuche	Board
N64	rugrats - scavenger hunt	Board
N64	rugrats in paris - the movie	Platform
N64	rugrats - treasure hunt	Board
N64	rush 2 - extreme racing usa	Racing
N64	s.c.a.r.s.	Racing
N64	san francisco rush - extreme racing	Racing
N64	saikyou habu shougi	Board
N64	san francisco rush 2049	Racing
N64	scooby-doo! - classic creep capers	Platform
N64	sd hiryuu no ken densetsu	Fighting
N64	sesame street - elmo's letter adventure	Adventure
N64	sesame street - elmo's number journey	Educational
N64	shadow man	Action
N64	shadowgate 64 - trials of the four towers	Puzzle
N64	shin nihon pro wrestling toukon road - brave spirits	Sports
N64	simcity 2000	Simulation
N64	shin nihon pro wrestling toukon road 2 - the next generation	Sports
N64	snobo kids	Sports
N64	snow speeder	Sports
N64	snowboard kids	Sports
N64	snowboard kids 2	Sports
N64	sonic wings assault	Shooter
N64	south park	Shooter
N64	south park - chef's luv shack	Casual Game
N64	south park rally	Racing
N64	space dynamites	Action
N64	space invaders	Shooter
N64	spacestation silicon valley	Platform
N64	spider-man	Action
N64	star fox 64	Action
N64	star soldier - vanishing earth	Shoot'em Up
N64	star wars - rogue squadron	Shooter
N64	star twins	Action
N64	star wars - shadows of the empire	Shooter
N64	star wars - shutsugeki! rogue chuutai	Shooter
N64	star wars - teikoku no kage	Shooter
N64	star wars episode i - battle for naboo	Shooter
N64	star wars episode i - racer	Racing
N64	starcraft 64	Strategy
N64	starshot - space circus fever	Platform
N64	stunt racer 64	Racing
N64	super bowling	Sports
N64	super mario 64	Platform
N64	super robot taisen 64	Strategy
N64	super robot spirits	Fighting
N64	super smash bros.	Fighting
N64	supercross 2000	Racing
N64	superman	Action
N64	super speed race 64	Racing
N64	superman - the new superman aventures	Action
N64	susume! taisen puzzle dama - toukon! marutama chou	Puzzle
N64	sydney 2000	Sports
N64	tamiya racing 64	Racing
N64	tarzan	Platform
N64	taz express	Platform
N64	telefoot soccer 2000	Sports
N64	tetris 64	Puzzle
N64	tetrisphere	Puzzle
N64	tg rally 2	Racing
N64	tigger's honey hunt	Adventure
N64	tom and jerry in fists of furry	Fighting
N64	tom clancy's rainbow six	Shooter
N64	tommy thunder	Lightgun Shooter
N64	tonic trouble	Action
N64	tony hawk's pro skater	Sports
N64	tony hawk's pro skater 2	Sports
N64	tony hawk's pro skater 3	Sports
N64	tony hawk's skateboarding	Sports
N64	toon panic	Sports
N64	top gear hyper bike	Racing
N64	top gear hyper-bike	Racing
N64	top gear overdrive	Racing
N64	top gear rally	Racing
N64	top gear rally 2	Racing
N64	toy story 2 - buzz l'eclair a la rescousse!	Platform
N64	toy story 2 - buzz lightyear to the rescue!	Platform
N64	toy story 2 - captain buzz lightyear auf rettungsmission!	Platform
N64	transformers - beast wars metals 64	Fighting
N64	transformers - beast wars transmetals	Fighting
N64	triple play 2000	Sports
N64	tsumi to batsu - hoshi no keishousha	Shooter
N64	turok - dinosaur hunter	Shooter
N64	turok - legenden des verlorenen landes	Shooter
N64	turok - rage wars	Shooter
N64	turok 2 - seeds of evil	Shooter
N64	turok 3 - shadow of oblivion	Shooter
N64	twisted edge - extreme snowboarding	Sports
N64	twisted edge - snowboarding	Sports
N64	utchan nanchan no hono no challenger - denryuu ira ira bou	Puzzle
N64	v-rally edition 99	Racing
N64	vigilante 8	Racing
N64	vigilante 8 - 2nd offense	Racing
N64	virtual chess 64	Board
N64	violence killer - turok new generation	Shooter
N64	virtual pool 64	Sports
N64	virtual pro wrestling 2 - oudou keishou	Sports
N64	virtual pro wrestling 64	Sports
N64	waialae country club - true golf classics	Sports
N64	war gods	Fighting
N64	wave race 64 - kawasaki jet ski	Racing
N64	wayne gretzky's 3d hockey	Sports
N64	wayne gretzky's 3d hockey '98	Sports
N64	wcw backstage assault	Fighting
N64	wcw mayhem	Sports
N64	wcw nitro	Sports
N64	wcw vs. nwo - world tour	Sports
N64	wcw-nwo revenge	Sports
N64	wetrix	Puzzle
N64	whack 'n' roll	Platform
N64	wheel of fortune	Quiz
N64	wild choppers	Shooter
N64	wildwaters	Racing
N64	winback	Shooter
N64	winback - covert operations	Shooter
N64	wipeout 64	Racing
N64	wonder project j2 - koruro no mori no jozet	Simulation
N64	world cup 98	Sports
N64	world driver championship	Racing
N64	worms armageddon	Strategy
N64	wwf attitude	Sports
N64	wwf no mercy	Sports
N64	wwf war zone	Sports
N64	wwf wrestlemania 2000	Sports
N64	xena - warrior princess - the talisman of fate	Fighting
N64	yakouchuu ii - satsujin kouro	Adventure
N64	yoshi story	Platform
N64	yoshi's story	Platform
N64	yuke yuke!! trouble makers	Adventure
N64	zelda no densetsu - mujura no kamen	Role-playing (RPG)
N64	zelda no densetsu - toki no ocarina	Role-playing (RPG)
N64	zelda no densetsu - toki no ocarina gc	Role-playing (RPG)
N64	zelda no densetsu - toki no ocarina gc ura	Role-playing (RPG)
N64	zool - majuu tsukai densetsu	Role-playing (RPG)
PCE	21 emon - mezase hotel ou!!	Board
PCE	aero blasters	Action
PCE	1943 kai	Action
PCE	adventure island	Platform
PCE	after burner ii	Shooter
PCE	alien crush	Pinball
PCE	andre panza kick boxing	Sports
PCE	air zonk	Shoot'em Up
PCE	all star power league	Sports
PCE	ankoku densetsu	Action
PCE	appare! gateball	Sports
PCE	atomic robo-kid special	Shooter
PCE	armed f	Shoot'em Up
PCE	artist tool	N/A
PCE	aoi blink	Platform
PCE	av poker - world gambler	Gambling
PCE	ballistix	Sports
PCE	barunba	Action
PCE	batman	Action
PCE	battle lode runner	Puzzle
PCE	bari bari densetsu	Racing
PCE	battle chopper	Shoot'em Up
PCE	battle royale	Sports
PCE	benkei gaiden	Role-playing (RPG)
PCE	be ball	Puzzle
PCE	bikkuriman world	Action
PCE	blazing lazers	Shoot'em Up
PCE	blodia	Puzzle
PCE	bodycon quest ii	Role-playing (RPG)
PCE	bloody wolf	Shooter
PCE	bomberman	Action
PCE	bomberman - users battle	Action
PCE	bomberman '93 - special version	Puzzle
PCE	bomberman '93	Puzzle
PCE	bomberman '94	Action
PCE	bonk 3 - bonk's big adventure	Platform
PCE	bonk's revenge	Platform
PCE	bonk's adventure	Platform
PCE	boxyboy	Puzzle
PCE	bubblegum crash! - knight sabers 2034	Adventure
PCE	break in	Sports
PCE	bouken danshaku don - the lost sunheart	Shoot'em Up
PCE	bravoman	Action
PCE	bull fight - ring no hasha	Action
PCE	burning angels	Shoot'em Up
PCE	busou keiji - cyber cross	Platform
PCE	cadash	Role-playing (RPG)
PCE	champion wrestler	Fighting
PCE	champions forever boxing	Sports
PCE	chase h.q.	Racing
PCE	chew-man-fu	Puzzle
PCE	chibi maruko-chan - quiz de piihyara	Quiz
PCE	chikudenya toubei - kubikiri yakata yori	Adventure
PCE	china warrior	Action
PCE	circus lido	Puzzle
PCE	chouzetsurinjin bravoman	Action
PCE	city hunter	Action
PCE	columns	Action
PCE	coryoon - child of dragon	Shoot'em Up
PCE	cratermaze	Strategy
PCE	cyber core	Shoot'em Up
PCE	cross wiber - cyber combat police	Platform
PCE	cyber dodge	Sports
PCE	cyber knight	Role-playing (RPG)
PCE	daichi-kun crisis - do natural	Strategy
PCE	daisenpuu	Shoot'em Up
PCE	darius alpha	Action
PCE	darius plus	Shoot'em Up
PCE	darkwing duck	Platform
PCE	davis cup tennis	Sports
PCE	dead moon - getsu sekai no akumu	Action
PCE	dead moon	Action
PCE	deep blue	Shoot'em Up
PCE	deep blue - kaitei shinwa	Shoot'em Up
PCE	detana!! twinbee	Action
PCE	devil crash - naxat pinball	Pinball
PCE	devil's crush	Pinball
PCE	die hard	Shooter
PCE	digital champ	Sports
PCE	don doko don!	Action
PCE	doraemon - meikyuu daisakusen	Action
PCE	doraemon - nobita no dorabian night	Platform
PCE	double dungeons	Role-playing (RPG)
PCE	download	Shoot'em Up
PCE	dragon egg!	Platform
PCE	dragon saber	Shoot'em Up
PCE	dragon spirit	Shoot'em Up
PCE	drop off	Action
PCE	dragon's curse	Platform
PCE	drop rock hora hora	Action
PCE	dungeon explorer	Role-playing (RPG)
PCE	energy	Action
PCE	dungeons & dragons - order of the griffon	Role-playing (RPG)
PCE	f-1 dream	Racing
PCE	eternal city - toshi tensou keikaku	Platform
PCE	f-1 pilot - you're king of kings	Racing
PCE	f1 circus	Racing
PCE	f1 circus '91	Racing
PCE	f1 triple battle	Racing
PCE	f1 circus '92 - the speed of sound	Racing
PCE	falcon	Simulation
PCE	fantasy zone	Shoot'em Up
PCE	fighting run	Action
PCE	final blaster	Shoot'em Up
PCE	final lap twin	Role-playing (RPG)
PCE	final soldier	Action
PCE	final match tennis	Sports
PCE	final soldier - special version	Action
PCE	fire pro wrestling - combination tag	Fighting
PCE	fire pro wrestling 2 - 2nd bout	Sports
PCE	fire pro wrestling 3 - legend bout	Sports
PCE	formation soccer - human cup '90	Sports
PCE	formation soccer - on j league	Sports
PCE	fushigi no yume no alice	Action
PCE	gai flame	Strategy
PCE	gaia no monshou	Strategy
PCE	galaga '88	Shoot'em Up
PCE	ganbare! golf boys	Sports
PCE	galaga '90	Shoot'em Up
PCE	gekisha boy	Action
PCE	genji tsuushin agedama	Action
PCE	genpei toumaden	Action
PCE	genpei toumaden - kan no ni	Platform
PCE	ghost manor	Platform
PCE	gokuraku! chuuka taisen	Shoot'em Up
PCE	gomola speed	Action
PCE	gradius	Action
PCE	gunboat	Simulation
PCE	gunhed	Shoot'em Up
PCE	gunhed - special version	Shoot'em Up
PCE	hana taaka daka!	Shoot'em Up
PCE	hanii in the sky	Action
PCE	hanii on the road	Platform
PCE	heavy unit	Action
PCE	hatris	Puzzle
PCE	hisou kihei x-serd	Strategy
PCE	hit the ice - vhl - the video hockey league	Action
PCE	hit the ice - vhl - the official video hockey league	Action
PCE	honoo no toukyuuji - dodge danpei	Sports
PCE	idol hanafuda fan club	Board
PCE	image fight	Action
PCE	impossamole	Platform
PCE	j.j. & jeff	Action
PCE	j.league greatest eleven	Sports
PCE	jack nicklaus - championship golf	Sports
PCE	jackie chan	Platform
PCE	jack nicklaus' turbo golf	Sports
PCE	jackie chan's action kung fu	Platform
PCE	jaseiken necromancer	Role-playing (RPG)
PCE	jigoku meguri	Platform
PCE	jinmu denshou	Shoot'em Up
PCE	juuouki	Action
PCE	kaizou choujin shubibinman	Platform
PCE	kaizou choujin shubibinman 2 - aratanaru teki	Platform
PCE	kato-chan ken-chan	Action
PCE	keith courage in alpha zones	Platform
PCE	kattobi! takuhai-kun	Action
PCE	kiki kaikai	Shoot'em Up
PCE	kickball	Sports
PCE	king of casino	Gambling
PCE	klax	Strategy
PCE	knight rider special	Racing
PCE	kore ga pro yakyuu '89	Sports
PCE	kore ga pro yakyuu '90	Sports
PCE	kung fu, the	Action
PCE	kyuukyoku mahjong ii	Board
PCE	kyuukyoku mahjong - idol graphics	Board
PCE	kyuukyoku tiger	Shoot'em Up
PCE	lady sword - ryakudatsu sareta 10-nin no otome	Role-playing (RPG)
PCE	legend of hero tonma	Platform
PCE	legendary axe ii	Action
PCE	legendary axe, the	Platform
PCE	lode runner - lost labyrinth	Platform
PCE	maerchen maze	Shooter
PCE	magical chase	Shoot'em Up
PCE	mahjong gakuen - touma soushirou toujou	Board
PCE	mahjong gakuen mild - touma soushirou toujou	Board
PCE	mahjong gokuu special	Board
PCE	mahjong shikaku retsuden - mahjong wars	Board
PCE	mahjong haouden - kaiser's quest	Board
PCE	maison ikkoku	Adventure
PCE	makai hakkenden shada	Role-playing (RPG)
PCE	makai prince dorabocchan	Platform
PCE	makyou densetsu	Platform
PCE	maniac pro wres - asu e no tatakai	Fighting
PCE	mashin eiyuuden wataru	Platform
PCE	mesopotamia	Shooter
PCE	metal stoker	Shoot'em Up
PCE	military madness	Strategy
PCE	momotarou densetsu gaiden - dai-1-shuu	Role-playing (RPG)
PCE	mizubaku daibouken	Platform
PCE	momotarou densetsu ii	Role-playing (RPG)
PCE	momotarou densetsu turbo	Role-playing (RPG)
PCE	momotarou katsugeki	Platform
PCE	monster pro wres	Fighting
PCE	morita shougi pc	Board
PCE	moto roader	Action
PCE	moto roader ii	Racing
PCE	narazumono sentou butai - bloody wolf	Shooter
PCE	naxat open	Sports
PCE	naxat stadium	Sports
PCE	nazo no mascarade	Adventure
PCE	necros no yousai	Role-playing (RPG)
PCE	nectaris	Strategy
PCE	nekketsu koukou dodgeball-bu - pc bangai hen	Sports
PCE	nekketsu koukou dodgeball-bu - pc soccer hen	Sports
PCE	neutopia	Adventure
PCE	neutopia ii	Adventure
PCE	new adventure island	Platform
PCE	newzealand story, the	Platform
PCE	night creatures	Adventure
PCE	nhk taiga drama - taiheiki	Strategy
PCE	niko niko pun	Platform
PCE	ninja ryuukenden	Platform
PCE	ninja spirit	Platform
PCE	ninja warriors, the	Beat'em Up
PCE	off the wall	Action
PCE	obocchama-kun	Platform
PCE	operation wolf	Lightgun Shooter
PCE	ordyne	Action
PCE	out live	Role-playing (RPG)
PCE	override	Shoot'em Up
PCE	out run	Racing
PCE	p-47 - the freedom fighter	Shoot'em Up
PCE	pac-land	Platform
PCE	pachio-kun - juuban shoubu	Gambling
PCE	parasol stars - the story of bubble bobble iii	Action
PCE	paranoia	Shoot'em Up
PCE	parodius da! - shinwa kara owarai e	Shoot'em Up
PCE	pc denjin - punkic cyborgs	Shoot'em Up
PCE	pc genjin - pithecanthropus computerurus	Platform
PCE	pc genjin 2 - pithecanthropus computerurus	Platform
PCE	pc genjin 3 - pithecanthropus computerurus	Platform
PCE	populous	Strategy
PCE	pc pachi-slot - idol gambler	Gambling
PCE	power drift	Racing
PCE	power eleven	Sports
PCE	power gate	Shoot'em Up
PCE	power golf	Sports
PCE	power league	Sports
PCE	power league '93	Sports
PCE	power league 4	Sports
PCE	power league 5	Sports
PCE	power league ii	Sports
PCE	power league iii	Sports
PCE	power sports	Sports
PCE	power tennis	Sports
PCE	pro tennis - world court	Sports
PCE	pro yakyuu world stadium	Sports
PCE	pro yakyuu world stadium '91	Sports
PCE	psycho chaser	Action
PCE	psychosis	Shoot'em Up
PCE	puzzle boy	Puzzle
PCE	puzznic	Strategy
PCE	quiz toukou shashin	Quiz
PCE	r-type	Shoot'em Up
PCE	r-type i	Shoot'em Up
PCE	r-type ii	Shoot'em Up
PCE	rabio lepus special	Shoot'em Up
PCE	racing damashii	Racing
PCE	raiden	Action
PCE	rastan saga ii	Platform
PCE	rock-on	Shoot'em Up
PCE	ryuukyuu	Gambling
PCE	s.c.i. - special criminal investigation	Action
PCE	sadakichi seven - hideyoshi no ougon	Adventure
PCE	saigo no nindou - ninja spirit	Platform
PCE	salamander	Shoot'em Up
PCE	samurai-ghost	Platform
PCE	santatlantean	Shoot'em Up
PCE	sekigahara	Strategy
PCE	sengoku mahjong	Board
PCE	shanghai	Puzzle
PCE	shinobi	Platform
PCE	shiryou sensen - war of the dead	Role-playing (RPG)
PCE	shockman	Platform
PCE	shougi shodan icchokusen	Board
PCE	shougi shoshinsha muyou	Board
PCE	sidearms	Action
PCE	sidearms - hyper dyne	Action
PCE	silent debuggers	Shooter
PCE	sindibad - chitei no daimakyuu	Role-playing (RPG)
PCE	sinistron	Shoot'em Up
PCE	skweek	Action
PCE	soldier blade	Shoot'em Up
PCE	soldier blade - special version	Shoot'em Up
PCE	somer assault	Shooter
PCE	son son ii	Adventure
PCE	soukoban world	Puzzle
PCE	sonic spike - world championship beach volleyball	Sports
PCE	space harrier	Shooter
PCE	space invaders - fukkatsu no hi	Shooter
PCE	spin pair	Puzzle
PCE	spiral wave	Shooter
PCE	splatterhouse	Action
PCE	stratego	Board
PCE	strip fighter ii	Action
PCE	street fighter ii' - champion edition	Fighting
PCE	super metal crusher	Strategy
PCE	super momotarou dentetsu	Board
PCE	super momotarou dentetsu ii	Board
PCE	super star soldier	Action
PCE	super volley ball	Sports
PCE	super volleyball	Sports
PCE	susanoou densetsu	Role-playing (RPG)
PCE	taito chase h.q.	Racing
PCE	takahashi meijin no shin bouken-jima	Platform
PCE	takeda shingen	Action
PCE	takin' it to the hoop	Sports
PCE	talespin	Platform
PCE	tatsujin	Shoot'em Up
PCE	tatsunoko fighter	Platform
PCE	tenseiryuu - saint dragon	Shoot'em Up
PCE	terra cresta ii - mandoler no gyakushuu	Shoot'em Up
PCE	thunder blade	Shoot'em Up
PCE	tiger road	Platform
PCE	time cruise	Pinball
PCE	time cruise ii	Pinball
PCE	timeball	Puzzle
PCE	titan	Strategy
PCE	toilet kids	Action
PCE	tora e no michi	Platform
PCE	tower of druaga, the	Role-playing (RPG)
PCE	toy shop boys	Shoot'em Up
PCE	tricky	Strategy
PCE	tricky kick	Strategy
PCE	tsuppari oozumou - heisei ban	Sports
PCE	tsuru teruhito no jissen kabushiki bai bai game	Simulation
PCE	turrican	Action
PCE	tv sports basketball	Sports
PCE	tv sports football	Sports
PCE	tv sports hockey	Sports
PCE	valkyrie no densetsu	Adventure
PCE	usa pro basketball	Sports
PCE	veigues - tactical gladiator	Shoot'em Up
PCE	victory run	Racing
PCE	victory run - eikou no 13,000km	Racing
PCE	vigilante	Action
PCE	violent soldier	Shoot'em Up
PCE	volfied	Puzzle
PCE	w-ring - the double rings	Shoot'em Up
PCE	wai wai mahjong - yukai na janyuu-tachi	Board
PCE	wallaby!! - usagi no kuni no kangaroo race	Sports with Animals
PCE	winning shot	Sports
PCE	world beach volley	Sports
PCE	world circuit	Racing
PCE	wonder momo	Beat'em Up
PCE	world class baseball	Sports
PCE	world court tennis	Sports
PCE	world sports competition	Sports
PCE	xevious - fardraut saga	Shoot'em Up
PCE	world jockey	Sports with Animals
PCE	yo, bro	Shooter
PCE	you-you jinsei	Board
PCE	zero4 champ	Racing
PCE	youkai douchuuki	Platform
PCE	zipang	Puzzle
SFC	'96 zenkoku koukou soccer senshuken	Sports
SFC	2020 super baseball	Sports
SFC	3 ninjas kick back	Platform
SFC	3-jigen kakutou ballz	Action
SFC	3x3 eyes - juuma houkan	Adventure
SFC	3x3 eyes - seima kourinden	Role-playing (RPG)
SFC	4-nin shougi	Board
SFC	46 okunen monogatari - harukanaru eden e	Role-playing (RPG)
SFC	7th saga, the	Role-playing (RPG)
SFC	90 minutes - european prime goal	Sports
SFC	a.s.p. - air strike patrol	Shooter
SFC	aaahh!!! real monsters	Platform
SFC	accele brid	Shooter
SFC	abc monday night football	Sports
SFC	ace o nerae!	Sports
SFC	acme animation factory	Educational
SFC	acrobat mission	Action
SFC	action pachio	Platform
SFC	actraiser	Platform
SFC	actraiser 2	Action
SFC	actraiser 2 - chinmoku e no seisen	Action
SFC	addams family values	Action
SFC	addams family, the	Action
SFC	addams family, the - pugsley's scavenger hunt	Action
SFC	adventures of batman & robin, the	Action
SFC	advanced dungeons & dragons - eye of the beholder	Role-playing (RPG)
SFC	adventures of dr. franken, the	Action
SFC	adventures of kid kleets, the	Action
SFC	adventures of mighty max, the	Adventure
SFC	adventures of rocky and bullwinkle and friends, the	Platform
SFC	adventures of the rocketeer, the	Shooter
SFC	adventures of yogi bear	Platform
SFC	aero fighters	Action
SFC	aero the acro-bat	Action
SFC	aero the acro-bat 2	Action
SFC	aerobiz supersonic	Simulation
SFC	aerobiz	Simulation
SFC	aging cassette	Various
SFC	aguri suzuki f-1 super driving	Racing
SFC	aiii s.v. - a ressha de ikou 3 - super version	Simulation
SFC	air cavalry	Shooter
SFC	air management - oozora ni kakeru	Simulation
SFC	air management ii - koukuu ou o mezase	Simulation
SFC	akazukin chacha	Role-playing (RPG)
SFC	akagawa jirou - majotachi no nemuri	Adventure
SFC	akumajou dracula	Action
SFC	akumajou dracula xx	Action
SFC	al unser jr.'s road to the top	Racing
SFC	aladdin	Platform
SFC	aladdin 2000	Platform
SFC	albert odyssey	Role-playing (RPG)
SFC	alcahest	Role-playing (RPG)
SFC	albert odyssey 2 - jashin no taidou	Role-playing (RPG)
SFC	alice no paint adventure	Educational
SFC	alfred chicken	Action
SFC	alien 3	Action
SFC	alien vs predator	Beat'em Up
SFC	all-american championship football	Sports
SFC	aliens vs. predator	Beat'em Up
SFC	amazing spider-man, the - lethal foes	Action
SFC	america oudan ultra quiz	Quiz
SFC	american battle dome	Pinball
SFC	american gladiators	Simulation
SFC	american tail, an - fievel goes west	Action
SFC	ancient magic - bazoe! mahou sekai	Role-playing (RPG)
SFC	andre agassi tennis	Sports
SFC	angelique	Simulation
SFC	angelique - voice fantasy	Strategy
SFC	animal buranden - brutal	Fighting
SFC	animaniacs	Action
SFC	another world	Action
SFC	aoki densetsu shoot!	Sports
SFC	appleseed - prometheus no shintaku	Platform
SFC	apocalypse ii	Shoot'em Up
SFC	arabian nights - sabaku no seirei ou	Role-playing (RPG)
SFC	aqutallion	Role-playing (RPG)
SFC	araiguma rascal	Puzzle
SFC	arcade's greatest hits - the atari collection 1	Compilation
SFC	arcana	Role-playing (RPG)
SFC	archer maclean's super dropzone	Shoot'em Up
SFC	arcus spirits	Action
SFC	ardy lightfoot	Role-playing (RPG)
SFC	aretha	Role-playing (RPG)
SFC	area 88	Action
SFC	aretha ii - ariel no fushigi na tabi	Role-playing (RPG)
SFC	arkanoid - doh it again	Action
SFC	arkanoid	Action
SFC	art of fighting	Action
SFC	aryol	Puzzle
SFC	ashita no joe	Fighting
SFC	asahi shinbun rensai - katou hifumi kudan shougi - shingiryuu	Board
SFC	asameshimae nyanko	Strategy
SFC	asterix	Action
SFC	asterix & obelix	Action
SFC	atlas, the - renaissance voyager	Strategy
SFC	atmosfear	Action
SFC	axelay	Action
SFC	b.o.b.	Action
SFC	baby t-rex	Action
SFC	bahamut lagoon	Strategy
SFC	bakukyuu renpatsu!! super b-daman	Action
SFC	bakutou dochers - bumps-jima wa oosawagi	Action
SFC	bakumatsu kourinden oni	Role-playing (RPG)
SFC	ball bullet gun	Strategy
SFC	ballz 3d - fighting at its ballziest	Action
SFC	bananas de pijamas	Platform
SFC	barbarossa	Strategy
SFC	barbie super model	Adventure
SFC	barbie vacation adventure	Adventure
SFC	barkley no power dunk	Sports
SFC	barkley shut up and jam!	Sports
SFC	bass masters classic	Hunting and Fishing
SFC	bass masters classic - pro edition	Hunting and Fishing
SFC	bassin's black bass	Hunting and Fishing
SFC	bastard!! - ankoku no hakaishin	Fighting
SFC	batman	Action
SFC	batman - revenge of the joker	Action
SFC	batman forever	Action
SFC	batman returns	Beat'em Up
SFC	battle blaze	Action
SFC	battle cars	Racing
SFC	battle clash	Action
SFC	battle commander - hachibushuu, shura no heihou	Strategy
SFC	battle dodge ball	Sports
SFC	battle cross	Racing
SFC	battle dodge ball ii	Sports
SFC	battle grand prix	Racing
SFC	battle jockey	Sports with Animals
SFC	battle master - kyuukyoku no senshi-tachi	Fighting
SFC	battle pinball	Pinball
SFC	battle racers	Racing
SFC	battle robot retsuden	Strategy
SFC	battle soccer - field no hasha	Sports
SFC	battle soccer 2	Sports
SFC	battle tycoon - flash hiders sfx	Fighting
SFC	battle submarine	Simulation
SFC	battle zeque den	Beat'em Up
SFC	battletech	Shooter
SFC	battletech 3050	Shooter
SFC	battletoads in battlemaniacs	Action
SFC	battletoads-double dragon	Beat'em Up
SFC	bazooka blitzkrieg	Action
SFC	beauty and the beast	Action
SFC	beavis and butt-head	Platform
SFC	bebe's kids	Action
SFC	beethoven - the ultimate canine caper!	Platform
SFC	benkei gaiden - suna no shou	Role-playing (RPG)
SFC	beethoven's 2nd	Platform
SFC	best of the best - championship karate	Sports
SFC	best shot pro golf	Sports
SFC	big ichigeki! pachi-slot daikouryaku 2 - universal collection	Gambling
SFC	big ichigeki! pachi-slot daikouryaku	Gambling
SFC	big sky trooper	Shooter
SFC	bijo to yajuu	Action
SFC	biker mice from mars	Racing
SFC	bike daisuki! hashiriya tamashii	Racing
SFC	bill laimbeer's combat basketball	Sports
SFC	bill walsh college football	Sports
SFC	bing bing! bingo	Gambling
SFC	biometal	Action
SFC	bishin densetsu zoku	Beat'em Up
SFC	bishoujo janshi suchie-pai	Board
SFC	bishoujo senshi sailor moon	Beat'em Up
SFC	bishoujo senshi sailor moon - another story	Role-playing (RPG)
SFC	bishoujo senshi sailor moon r	Beat'em Up
SFC	bishoujo senshi sailor moon s - jougai rantou! shuyaku soudatsusen	Fighting
SFC	bishoujo senshi sailor moon s - kondo wa puzzle de oshioki yo!	Puzzle
SFC	bishoujo senshi sailor moon s - kurukkurin	Puzzle
SFC	bishoujo senshi sailor moon supers - fuwafuwa panic	Puzzle
SFC	bishoujo senshi sailor moon supers - zenin sanka!! shuyaku soudatsusen	Fighting
SFC	bishoujo wrestler retsuden - blizzard yuki rannyuu!!	Fighting
SFC	blackhawk	Action
SFC	blackthorne	Action
SFC	blackthorne - fukushuu no kuroki toge	Action
SFC	blanco world class rugby	Sports
SFC	blazeon	Shoot'em Up
SFC	blazeon - the bio-cyborg challenge	Shoot'em Up
SFC	blazing skies	Simulation
SFC	block kuzushi	Action
SFC	blue crystalrod, the	Adventure
SFC	blues brothers, the	Action
SFC	bobby's world	Platform
SFC	bokujou monogatari	Simulation
SFC	bomberman b-daman	Shooter
SFC	bombuzal	Puzzle
SFC	bonkers	Adventure
SFC	bonkers - hollywood daisakusen!	Adventure
SFC	boogerman - a pick and flick adventure	Action
SFC	bounty sword	Strategy
SFC	boxing legends of the ring	Sports
SFC	brain lord	Role-playing (RPG)
SFC	brainies, the	Strategy
SFC	bram stoker's dracula	Action
SFC	brandish 2 - expert	Role-playing (RPG)
SFC	brandish	Action
SFC	brandish 2 - the planet buster	Role-playing (RPG)
SFC	brawl brothers	Beat'em Up
SFC	breakthru!	Puzzle
SFC	brawl brothers - rival turf! 2	Beat'em Up
SFC	breath of fire	Role-playing (RPG)
SFC	breath of fire - ryuu no senshi	Role-playing (RPG)
SFC	breath of fire ii	Role-playing (RPG)
SFC	breath of fire ii - shimei no ko	Role-playing (RPG)
SFC	brett hull hockey	Sports
SFC	brett hull hockey 95	Sports
SFC	bronkie the bronchiasaurus	Various
SFC	brunswick world tournament of champions	Sports
SFC	brutal - paws of fury	Fighting
SFC	bubsy ii	Action
SFC	bubsy in - claws encounters of the furred kind	Platform
SFC	bubsy in claws encounters of the furred kind	Platform
SFC	buck rogers - the arcade game	Platform
SFC	bugs bunny - hachamecha daibouken	Platform
SFC	bugs bunny - rabbit rampage	Platform
SFC	bulls vs blazers and the nba playoffs	Sports
SFC	burai - hachigyoku no yuushi densetsu	Role-playing (RPG)
SFC	bushi seiryuuden - futari no yuusha	Role-playing (RPG)
SFC	bust-a-move	Puzzle
SFC	cacoma knight	Strategy
SFC	cacoma knight in bizyland	Strategy
SFC	cal ripken jr. baseball	Sports
SFC	california games ii	Sports
SFC	cameltry	Puzzle
SFC	cannon fodder	Strategy
SFC	capcom's mvp football	Sports
SFC	cannondale cup	Sports
SFC	capcom's soccer shootout	Sports
SFC	captain america and the avengers	Action
SFC	captain commando	Action
SFC	captain novolin	Educational
SFC	captain tsubasa iii - koutei no chousen	Sports
SFC	captain tsubasa iv - pro no rival-tachi	Sports
SFC	captain tsubasa j - the way to world youth	Sports
SFC	captain tsubasa v - hasha no shougou campione	Sports
SFC	caravan shooting collection	Compilation
SFC	card master - rimusaria no fuuin	Role-playing (RPG)
SFC	carrier aces	Simulation
SFC	casper	Action
SFC	castlevania - dracula x	Action
SFC	castlevania - vampire's kiss	Action
SFC	cb chara wars - ushinawareta gag	Beat'em Up
SFC	champions - world class soccer	Sports
SFC	championship pool	Sports
SFC	championship soccer '94	Sports
SFC	chaos engine, the	Shooter
SFC	chaos seed - fuusui kairouki	Strategy
SFC	chavez	Sports
SFC	chavez ii	Sports
SFC	chessmaster, the	Strategy
SFC	chester cheetah - wild wild quest	Platform
SFC	chester cheetah - too cool to fool	Platform
SFC	chibi maruko-chan - harikiri 365-nichi no maki	Card
SFC	chibi maruko-chan - mezase! minami no island!!	Action
SFC	chinhai	Board
SFC	choplifter iii	Shooter
SFC	choplifter iii - rescue-survive	Shooter
SFC	chou aniki - bakuretsu rantou hen	Fighting
SFC	chou gojira - super godzilla	Strategy
SFC	chou makai taisen! dorabocchan	Action
SFC	chou mahou tairiku wozz	Role-playing (RPG)
SFC	chou makaimura	Action
SFC	choujikuu yousai macross - scrambled valkyrie	Shoot'em Up
SFC	choukou gasshin xardion	Platform
SFC	chrono trigger	Role-playing (RPG)
SFC	chuck rock	Action
SFC	circuit usa	Racing
SFC	civilization - sekai shichi daibunmei	Strategy
SFC	classic kong	Platform
SFC	classic road	Sports with Animals
SFC	classic road ii	Sports with Animals
SFC	clay fighter	Action
SFC	clay fighter - tournament edition	Fighting
SFC	clay fighter 2 - judgment clay	Action
SFC	claymates	Action
SFC	cliffhanger	Action
SFC	clock tower	Adventure
SFC	clockwerx	Puzzle
SFC	clue	Strategy
SFC	college slam	Sports
SFC	college football usa 97	Sports
SFC	columns	Puzzle
SFC	combatribes, the	Action
SFC	computer nouryoku kaiseki - ultra baken	Sports with Animals
SFC	congo - the movie - secret of zinj	Adventure
SFC	congo's caper	Action
SFC	contra iii - the alien wars	Shoot'em Up
SFC	contra iv - the alien wars	Shoot'em Up
SFC	contra spirits	Shoot'em Up
SFC	conveni wars barcode battler senki - super senshi shutsugeki seyo!	Strategy
SFC	cool spot	Platform
SFC	cool world	Action
SFC	corn buster	Action
SFC	coron land	Action
SFC	cosmo gang - the puzzle	Puzzle
SFC	cosmo gang - the video	Shoot'em Up
SFC	cosmo police galivan ii - arrow of justice	Action
SFC	crash dummy - dr. zabu o sukuidase	Platform
SFC	crayon shin-chan - arashi o yobu enji	Casual Game
SFC	crayon shin-chan 2 - daimaou no gyakushuu	Platform
SFC	crystal beans from dungeon explorer	Role-playing (RPG)
SFC	cu-on-pa sfc	Puzzle
SFC	cutthroat island	Action
SFC	cyber knight	Role-playing (RPG)
SFC	cyber knight ii - chikyuu teikoku no yabou	Role-playing (RPG)
SFC	cyber spin	Racing
SFC	cybernator	Action
SFC	cyborg 009	Platform
SFC	d-force	Action
SFC	daffy duck - the marvin missions	Platform
SFC	dai-3-ji super robot taisen	Strategy
SFC	dai-4-ji super robot taisen	Strategy
SFC	daibakushou jinsei gekijou	Board
SFC	daibakushou jinsei gekijou - dokidoki seishun hen	Board
SFC	daibakushou jinsei gekijou - ooedo nikki	Board
SFC	daibakushou jinsei gekijou - zukkoke salaryman hen	Board
SFC	daikaijuu monogatari	Role-playing (RPG)
SFC	daikaijuu monogatari ii	Role-playing (RPG)
SFC	daikoukai jidai ii	Adventure
SFC	daisenryaku expert	Strategy
SFC	daisenryaku expert wwii - war in europe	Strategy
SFC	darius force	Action
SFC	darius twin	Action
SFC	dark half	Role-playing (RPG)
SFC	dark kingdom	Role-playing (RPG)
SFC	dark law - meaning of death	Role-playing (RPG)
SFC	date kimiko no virtual tennis	Sports
SFC	david crane's amazing tennis	Sports
SFC	dead dance	Fighting
SFC	daze before christmas	Action
SFC	deae tonosama appare ichiban	Beat'em Up
SFC	dear boys	Sports
SFC	death and return of superman, the	Action
SFC	death brade	Fighting
SFC	dekitate high school	Strategy
SFC	demolition man	Platform
SFC	demon's blazon - makaimura monshou hen	Action
SFC	demon's crest	Action
SFC	den'z traffic panic	Action
SFC	dennis	Platform
SFC	dennis the menace	Platform
SFC	densetsu no ogre battle - the march of the black queen	Strategy
SFC	derby jockey - kishu ou e no michi	Sports with Animals
SFC	derby jockey 2	Sports with Animals
SFC	derby stallion 96	Sports with Animals
SFC	derby stallion 98	Sports with Animals
SFC	derby stallion ii	Sports with Animals
SFC	derby stallion iii	Sports with Animals
SFC	desert fighter	Shooter
SFC	desert fighter - suna no arashi sakusen	Shooter
SFC	desert strike - return to the gulf	Shooter
SFC	desert strike - wangan sakusen	Shooter
SFC	dharma doujou	Puzzle
SFC	destructive	Action
SFC	dig & spike volleyball	Sports
SFC	dimension-force	Action
SFC	dino dini's soccer!	Sports
SFC	digimon adventure	Platform
SFC	dinocity	Platform
SFC	dinowars - kyouryuu oukoku e no daibouken	Platform
SFC	dirt racer	Racing
SFC	dirt trax fx	Racing
SFC	dokapon 3-2-1 - arashi o yobu yuujou	Role-playing (RPG)
SFC	dokapon gaiden - honoo no audition	Board
SFC	dokuritsu sensou - liberty or death	Strategy
SFC	dolucky no a.league soccer	Sports
SFC	dolucky no kusayakiu	Sports
SFC	dolucky no puzzle tour '94	Puzzle
SFC	donald duck no mahou no boushi	Platform
SFC	donald duck no maui mallard	Action
SFC	donald in maui mallard	Action
SFC	donkey kong country	Platform
SFC	donkey kong country - competition cartridge	Platform
SFC	donkey kong country 2 - diddy's kong quest	Platform
SFC	donkey kong country 3 - dixie kong's double trouble!	Platform
SFC	doom	Shooter
SFC	doom troopers	Action
SFC	doomsday warrior	Action
SFC	doraemon - nobita to yousei no kuni	Platform
SFC	doraemon 2 - nobita no toys land daibouken	Platform
SFC	doraemon 3 - nobita to toki no hougyoku	Platform
SFC	doraemon 4 - nobita to tsuki no oukoku	Platform
SFC	doremi fantasy - milon no dokidoki daibouken	Platform
SFC	dorke & ymp	Platform
SFC	dorque & imp	Platform
SFC	dossun! ganseki battle	Puzzle
SFC	double dragon v - the shadow falls	Fighting
SFC	doukyuusei 2	Simulation
SFC	down the world - mervil's ambition	Role-playing (RPG)
SFC	downtown - nekketsu baseball monogatari - yakyuu de shoubu da! kunio-kun	Sports
SFC	dr. mario	Puzzle
SFC	dragon - the bruce lee story	Fighting
SFC	dragon ball z - chomutujeon	Fighting
SFC	dragon ball z - hyper dimension	Fighting
SFC	dragon ball z - la legende saien	Fighting
SFC	dragon ball z - super butouden	Fighting
SFC	dragon ball z - super butouden 2	Fighting
SFC	dragon ball z - super butouden 3	Fighting
SFC	dragon ball z - super gokuu den - kakusei hen	Role-playing (RPG)
SFC	dragon ball z - super gokuu den - totsugeki hen	Role-playing (RPG)
SFC	dragon ball z - super saiya densetsu	Role-playing (RPG)
SFC	dragon ball z - ultime menace	Fighting
SFC	dragon knight 4	Strategy
SFC	dragon quest i & ii	Compilation
SFC	dragon quest iii - soshite densetsu e...	Role-playing (RPG)
SFC	dragon quest v - tenkuu no hanayome	Role-playing (RPG)
SFC	dragon quest vi - maboroshi no daichi	Role-playing (RPG)
SFC	dragon slayer - eiyuu densetsu ii	Role-playing (RPG)
SFC	dragon slayer - eiyuu densetsu	Role-playing (RPG)
SFC	dragon view	Role-playing (RPG)
SFC	dragon's earth	Strategy
SFC	dragon's lair	Action
SFC	dragon's magic	Action
SFC	drakkhen	Role-playing (RPG)
SFC	dream basketball - dunk & hoop	Sports
SFC	dream t.v.	Action
SFC	dream maze - kigurumi daibouken	Role-playing (RPG)
SFC	dream tv	Action
SFC	drift king shutokou battle '94 - tsuchiya keiichi & bandou masaaki	Racing
SFC	drift king shutokou battle 2 - tsuchiya keiichi & bandou masaaki	Racing
SFC	dual orb ii	Role-playing (RPG)
SFC	dual orb - seirei tama densetsu	Role-playing (RPG)
SFC	duel, the - test drive ii	Racing
SFC	dun quest - majin fuuin no densetsu	Role-playing (RPG)
SFC	dungeon master	Role-playing (RPG)
SFC	dynamaite - the las vegas	Gambling
SFC	dynamic stadium	Sports
SFC	e.v.o. - search for eden	Role-playing (RPG)
SFC	earth defense force	Shoot'em Up
SFC	earth light	Strategy
SFC	earth light - luna strike	Strategy
SFC	earthbound	Role-playing (RPG)
SFC	earthworm jim	Action
SFC	earthworm jim 2	Action
SFC	edono kiba	Action
SFC	eek! the cat	Action
SFC	eien no filerna	Role-playing (RPG)
SFC	elfaria - the isle of the blest	Role-playing (RPG)
SFC	elfaria ii - the quest of the meld	Role-playing (RPG)
SFC	elite soccer	Sports
SFC	elnard	Role-playing (RPG)
SFC	emerald dragon	Role-playing (RPG)
SFC	emit vol. 1 - toki no maigo	Adventure
SFC	emit vol. 2 - inochigake no tabi	Adventure
SFC	emit vol. 3 - watashi ni sayonara o	Adventure
SFC	emmitt smith football	Sports
SFC	energy breaker	Strategy
SFC	equinox	Adventure
SFC	eric cantona football challenge	Sports
SFC	esparks - ijikuu kara no raihousha	Role-playing (RPG)
SFC	espn baseball tonight	Sports
SFC	espn national hockey night	Sports
SFC	espn speedworld	Racing
SFC	espn sunday night nfl	Sports
SFC	estpolis denki	Role-playing (RPG)
SFC	eurit	Action
SFC	estpolis denki ii	Role-playing (RPG)
SFC	europe sensen	Strategy
SFC	euro football champ	Sports
SFC	exertainment mountain bike rally	Sports
SFC	exertainment mountain bike rally + speed racer	Racing
SFC	exhaust heat	Racing
SFC	exhaust heat ii - f1 driver e no michi	Racing
SFC	extra innings	Sports
SFC	eye of the beholder	Role-playing (RPG)
SFC	f-1 grand prix	Racing
SFC	f-1 grand prix - part ii	Racing
SFC	f-1 grand prix - part iii	Racing
SFC	f-15 super strike eagle	Simulation
SFC	f-zero	Racing
SFC	f1 pole position	Racing
SFC	f1 pole position 2	Racing
SFC	f1 roc - race of champions	Racing
SFC	f1-roc ii - race of champions	Racing
SFC	f1 world championship edition	Racing
SFC	faceball 2000	Action
SFC	falcon	Simulation
SFC	famicom bunko - hajimari no mori	Adventure
SFC	famicom tantei club part ii - ushiro ni tatsu shoujo	Adventure
SFC	family dog	Action
SFC	family feud	Quiz
SFC	farland story	Strategy
SFC	farland story 2	Strategy
SFC	fatal fury	Action
SFC	fatal fury 2	Action
SFC	fatal fury special	Action
SFC	feda - the emblem of justice	Strategy
SFC	fever pitch soccer	Sports
SFC	fifa - a caminho da copa 98	Sports
SFC	fifa - road to world cup 98	Sports
SFC	fifa international soccer	Sports
SFC	fifa 97	Sports
SFC	fifa soccer 96	Sports
SFC	fighter's history	Action
SFC	fifa soccer 97	Sports
SFC	fighter's history - mizoguchi kikiippatsu!!	Fighting
SFC	fighting baseball	Sports
SFC	final fantasy - mystic quest	Role-playing (RPG)
SFC	final fantasy ii	Role-playing (RPG)
SFC	final fantasy iii	Role-playing (RPG)
SFC	final fantasy iv	Role-playing (RPG)
SFC	final fantasy iv - easy type	Role-playing (RPG)
SFC	final fantasy usa - mystic quest	Role-playing (RPG)
SFC	final fantasy v	Role-playing (RPG)
SFC	final fantasy vi	Role-playing (RPG)
SFC	final fight	Beat'em Up
SFC	final fight 2	Beat'em Up
SFC	final fight 3	Action
SFC	final fight guy	Action
SFC	final fight tough	Action
SFC	final knockout	Sports
SFC	final stretch	Racing
SFC	finalset	Sports
SFC	fire emblem - monshou no nazo	Strategy
SFC	fire emblem - seisen no keifu	Strategy
SFC	fire emblem - thracia 776	Strategy
SFC	fire pro joshi - all star dream slam	Sports
SFC	fire fighting	Strategy
SFC	firemen, the	Adventure
SFC	firepower 2000	Shoot'em Up
SFC	fireteam rogue	Platform
SFC	firestriker	Pinball
SFC	first queen - ornic senki	Strategy
SFC	first samurai	Action
SFC	fishing koushien	Hunting and Fishing
SFC	flashback	Platform
SFC	flintstones, the	Action
SFC	flashback - the quest for identity	Platform
SFC	flintstones, the - the treasure of sierra madrock	Action
SFC	flying hero - bugyuru no daibouken	Shoot'em Up
SFC	football fury	Sports
SFC	foreman for real	Sports
SFC	fortune quest - dice o korogase	Board
SFC	fork parker's crunch out	Action
SFC	frank thomas big hurt baseball	Sports
SFC	frantic flea	Platform
SFC	from tv animation slam dunk - sd heat up!!	Sports
SFC	frogger	Action
SFC	from tv animation slam dunk - shuueisha limited	Sports
SFC	from tv animation slam dunk - yonkyou gekitotsu!!	Sports
SFC	from tv animation slam dunk 2 - ih yosen kanzen ban!!	Sports
SFC	front mission	Strategy
SFC	front mission series - gun hazard	Role-playing (RPG)
SFC	full power	Racing
SFC	full throttle - all-american racing	Racing
SFC	fun 'n games	Casual Game
SFC	funaki masakatsu hybrid wrestler - tougi denshou	Fighting
SFC	fune tarou	Hunting and Fishing
SFC	furuta atsuya no simulation pro yakyuu 2	Sports
SFC	fushigi no dungeon 2 - fuurai no shiren	Role-playing (RPG)
SFC	gaia gensouki	Role-playing (RPG)
SFC	g.o.d - mezame yo to yobu koe ga kikoe	Role-playing (RPG)
SFC	gaia saver - hero saidai no sakusen	Role-playing (RPG)
SFC	gakkou de atta kowai hanashi	Adventure
SFC	galaxy robo	Role-playing (RPG)
SFC	galaxy wars	Action
SFC	gambler jiko chuushinha - mahjong ooisen	Board
SFC	gambler jiko chuushinha 2 - dorapon quest	Board
SFC	gambling hourouki	Board
SFC	game no tatsujin	Board
SFC	game no tetsujin - the shanghai	Board
SFC	gamera - gyaos gekimetsu sakusen	Strategy
SFC	ganbare goemon - yuki hime kyuushutsu emaki	Platform
SFC	ganbare goemon 2 - kiteretsu shougun magginesu	Action
SFC	ganbare goemon 3 - shishi juurokubee no karakuri manjigatame	Platform
SFC	ganbare goemon kirakira douchuu - boku ga dancer ni natta wake	Platform
SFC	ganbare! daiku no gen-san	Action
SFC	gangan gan-chan	Action
SFC	ganpuru - gunman's proof	Action
SFC	ganso pachi-slot nihonichi	Gambling
SFC	ganso pachinko ou	Gambling
SFC	garou densetsu - shukumei no tatakai	Action
SFC	garou densetsu 2 - aratanaru tatakai	Action
SFC	garou densetsu special	Action
SFC	garry kitchen's super battletank	Action
SFC	gdleen	Role-playing (RPG)
SFC	garry kitchen's super battletank - war in the gulf	Action
SFC	gegege no kitarou - fukkatsu! tenma daiou	Platform
SFC	gekitotsu dangan jidousha kessen - battle mobile	Racing
SFC	gekitou burning pro wres	Fighting
SFC	gemfire	Strategy
SFC	genghis khan ii - clan of the gray wolf	Strategy
SFC	genocide 2	Platform
SFC	george foreman's ko boxing	Sports
SFC	gerry anderson's thunderbirds - kokusai kyuujotai shutsudou seyo!!	Shoot'em Up
SFC	get in the hole	Sports
SFC	getsumen no anubis	Adventure
SFC	ghost chaser densei	Action
SFC	ghoul patrol	Shooter
SFC	gindama oyakata no pachinko hisshouhou	Gambling
SFC	ginga eiyuu densetsu	Strategy
SFC	ginga sengoku gunyuuden rai	Strategy
SFC	go go ackman 2	Action
SFC	gionbana	Board
SFC	go go ackman	Action
SFC	go go ackman 3	Action
SFC	go! go! dodge league	Sports
SFC	goal!	Sports
SFC	gods	Platform
SFC	gojira - kaijuu daikessen	Fighting
SFC	gokinjo boukentai	Role-playing (RPG)
SFC	gokujou parodius	Action
SFC	gon	Platform
SFC	goof troop	Action
SFC	goofy to max - kaizoku-jima no daibouken	Action
SFC	gouketsuji ichizoku	Action
SFC	gourmet sentai barayarou	Action
SFC	gourmet warriors	Action
SFC	gousou jinrai densetsu - musha	Platform
SFC	gp-1	Racing
SFC	gp-1 - part ii	Racing
SFC	gp-1 rs - rapid stream	Racing
SFC	gradius iii	Action
SFC	granhistoria - genshi sekaiki	Role-playing (RPG)
SFC	great battle gaiden 2, the - matsuri da wasshoi	Action
SFC	great battle ii, the - last fighter twin	Beat'em Up
SFC	great battle iii, the	Beat'em Up
SFC	great battle iv, the	Beat'em Up
SFC	great battle v, the	Beat'em Up
SFC	great circus mystery starring mickey & minnie, the	Action
SFC	great waldo search, the	Strategy
SFC	gs mikami - joreishi wa nice body	Beat'em Up
SFC	gt racing	Racing
SFC	gunforce	Action
SFC	gunforce - battle fire engulfed terror island	Action
SFC	habu meijin no omoshiro shougi	Board
SFC	hagane	Platform
SFC	hagane - the final conflict	Platform
SFC	haisei mahjong - ryouga	Board
SFC	hakunetsu pro yakyuu - ganba league	Sports
SFC	hakunetsu pro yakyuu '93 - ganba league	Sports
SFC	hakunetsu pro yakyuu '94 - ganba league 3	Sports
SFC	hal's hole in one golf	Sports
SFC	hameln no violin hiki	Action
SFC	hammer lock wrestling	Fighting
SFC	hana no keiji - kumo no kanata ni	Beat'em Up
SFC	hanafuda ou	Board
SFC	hanguk pro yagu	Sports
SFC	hanjuku hero - ah, sekai yo hanjuku nare...!!	Role-playing (RPG)
SFC	hansei zaru jiro-kun no daibouken	Action
SFC	haou taikei ryuu knight - lord of paladin	Action
SFC	harapeko bakka	Puzzle
SFC	hardball iii	Sports
SFC	harley's humongous adventure	Adventure
SFC	harvest moon	Simulation
SFC	hashire hebereke	Racing
SFC	hat trick hero	Sports
SFC	hat trick hero 2	Sports
SFC	hatayama hatch no pro yakyuu news! - jitsumei ban	Sports
SFC	hayazashi nidan morita shougi	Board
SFC	head-on soccer	Sports
SFC	hayazashi nidan morita shougi 2	Board
SFC	hebereke no oishii puzzle wa irimasenka	Puzzle
SFC	hebereke no popoon	Puzzle
SFC	hebereke's popoitto	Puzzle
SFC	hebereke's popoon	Puzzle
SFC	heian fuuunden	Strategy
SFC	heisei gunjin shougi	Board
SFC	heisei inu monogatari bow - pop'n smash!!	Sports
SFC	heisei shin onigashima - kouhen	Adventure
SFC	heisei shin onigashima - zenpen	Adventure
SFC	heiwa pachinko world	Gambling
SFC	heiwa pachinko world 2	Gambling
SFC	heiwa pachinko world 3	Gambling
SFC	heiwa parlor! mini 8 - pachinko jikki simulation game	Gambling
SFC	hello! pac-man	Adventure
SFC	heracles no eikou iii - kamigami no chinmoku	Role-playing (RPG)
SFC	heracles no eikou iv - kamigami kara no okurimono	Role-playing (RPG)
SFC	hero senki - project olympus	Role-playing (RPG)
SFC	hi no ouji - yamato takeru	Role-playing (RPG)
SFC	higashio osamu kanshuu super pro yakyuu stadium	Sports
SFC	hind strike	Simulation
SFC	hiouden - mamono-tachi to no chikai	Strategy
SFC	hiryuu no ken s - golden fighter	Beat'em Up
SFC	hiryuu no ken s - hyper version	Fighting
SFC	hissatsu pachinko collection	Gambling
SFC	hissatsu pachinko collection 2	Gambling
SFC	hissatsu pachinko collection 3	Gambling
SFC	hissatsu pachinko collection 4	Gambling
SFC	hisshou 777 fighter - pachi-slot ryuuguu densetsu	Gambling
SFC	hisshou 777 fighter ii - pachi-slot maruhi jouhou	Gambling
SFC	hisshou 777 fighter iii - kokuryuu ou no fukkatsu	Gambling
SFC	hisshou pachi-slot fun	Adventure
SFC	hokuto no ken 5 - tenma ryuuseiden ai zetsu shou	Role-playing (RPG)
SFC	hit the ice - vhl - the official video hockey league	Sports
SFC	hokuto no ken 7 - seiken retsuden denshousha e no michi	Fighting
SFC	hokuto no ken 6 - gekitou denshouken haou e no michi	Fighting
SFC	holy striker	Pinball
SFC	holy umbrella - dondera no mubou!!	Platform
SFC	home alone	Platform
SFC	home alone 2 - lost in new york	Action
SFC	home improvement - power tool pursuit!	Platform
SFC	hong kong '97	Shooter
SFC	honkaku mahjong - tetsuman ii	Board
SFC	honkaku mahjong - tetsuman	Board
SFC	honkaku shougi - fuuunji ryuuou	Board
SFC	honkakuha igo - gosei	Board
SFC	honke hanafuda	Board
SFC	honke sankyo fever - jikki simulation	Gambling
SFC	honke sankyo fever 2 - jikki simulation	Gambling
SFC	honke sankyo fever 3 - jikki simulation	Gambling
SFC	honoo no toukyuuji - dodge danpei	Sports
SFC	hook	Action
SFC	hoshi no kirby 3	Platform
SFC	hoshi no kirby super deluxe	Platform
SFC	houkago in beppin jogakuin	Strategy
SFC	hourai gakuen no bouken! - tenkousei scramble	Role-playing (RPG)
SFC	human baseball	Sports
SFC	human grand prix	Racing
SFC	human grand prix 2	Racing
SFC	human grand prix ii	Racing
SFC	human grand prix iii - f1 triple battle	Racing
SFC	human grand prix iv - f1 dream battle	Racing
SFC	humans, the	Strategy
SFC	hungry dinosaurs	Puzzle
SFC	hunt for red october, the	Shoot'em Up
SFC	hurricanes	Action
SFC	hyper iria	Action
SFC	hyper v-ball	Sports
SFC	hyperzone	Action
SFC	idea no hi	Role-playing (RPG)
SFC	ignition factor, the	Strategy
SFC	igo club	Board
SFC	ihatovo monogatari	Adventure
SFC	ikari no yousai	Shooter
SFC	illusion of gaia	Role-playing (RPG)
SFC	illusion of time	Role-playing (RPG)
SFC	illvanian no shiro	Strategy
SFC	imperium	Action
SFC	inazuma serve da! super beach volley	Sports
SFC	incantation	Action
SFC	incredible crash dummies, the	Platform
SFC	incredible hulk, the	Action
SFC	indiana jones' greatest adventures	Adventure
SFC	inspector gadget	Platform
SFC	inindo - way of the ninja	Strategy
SFC	international sensible soccer - world champions	Sports
SFC	international superstar soccer	Sports
SFC	international superstar soccer deluxe	Sports
SFC	international tennis tour	Sports
SFC	ippatsu gyakuten	Sports with Animals
SFC	irem skins game, the	Sports
SFC	iron commando	Beat'em Up
SFC	iron commando - koutetsu no senshi	Beat'em Up
SFC	isozuri - ritou hen	Hunting and Fishing
SFC	itadaki street 2 - neon sign wa barairo ni	Board
SFC	itchy & scratchy game, the	Action
SFC	itoi shigesato no bass tsuri no. 1	Role-playing (RPG)
SFC	itou hatasu rokudan no shougi doujou	Board
SFC	izzy's quest for the olympic rings	Action
SFC	j.league '96 dream stadium	Sports
SFC	j.league excite stage '94	Sports
SFC	j.league excite stage '95	Sports
SFC	j.league excite stage '96	Sports
SFC	j.league soccer - prime goal	Sports
SFC	j.league soccer - prime goal 2	Sports
SFC	j.league super soccer	Sports
SFC	j.league soccer - prime goal 3	Sports
SFC	j.league super soccer '95 - jikkyou stadium	Sports
SFC	j.r.r. tolkien's the lord of the rings - volume 1	Action
SFC	j.r.r. tolkien's the lord of the rings - volume one	Action
SFC	jack nicklaus golf	Sports
SFC	jaleco rally big run - the supreme 4wd challenge	Sports
SFC	james bond jr	Adventure
SFC	james pond's crazy sports	Sports
SFC	jammes	Puzzle
SFC	janyuuki - gokuu randa	Board
SFC	jb the super bass	Hunting and Fishing
SFC	jeff's shoot'em up	Shoot'em Up
SFC	jelly boy	Platform
SFC	jelly boy 2	Action
SFC	jeopardy!	Educational
SFC	jeopardy! - deluxe edition	Quiz
SFC	jeopardy! - sports edition	Quiz
SFC	jerry boy	Platform
SFC	jetsons, the - invasion of the planet pirates	Platform
SFC	jigsaw party	Puzzle
SFC	jikkyou oshaberi parodius	Action
SFC	jikkyou power pro wrestling '96 - max voltage	Fighting
SFC	jikkyou powerful pro yakyuu '94	Sports
SFC	jikkyou powerful pro yakyuu - basic ban '98	Sports
SFC	jikkyou powerful pro yakyuu '96 - kaimaku ban	Sports
SFC	jikkyou powerful pro yakyuu 2	Sports
SFC	jikkyou powerful pro yakyuu 3	Sports
SFC	jikkyou powerful pro yakyuu 3 - '97 haru	Sports
SFC	jikkyou world soccer - perfect eleven	Sports
SFC	jikkyou world soccer 2 - fighting eleven	Sports
SFC	jim lee's wildc.a.t.s - covert-action-teams	Beat'em Up
SFC	jim power - the lost dimension in 3d	Platform
SFC	jimmy connors pro tennis tour	Sports
SFC	jissen bass fishing hisshouhou in usa	Hunting and Fishing
SFC	jimmy houston's bass tournament u.s.a.	Hunting and Fishing
SFC	jissen kyoutei	Various
SFC	jissen pachi-slot hisshouhou! twin	Gambling
SFC	jissen pachi-slot hisshouhou! twin vol. 2	Gambling
SFC	jissen! mahjong shinan	Board
SFC	jissen pachinko hisshouhou! 2	Gambling
SFC	jissen! pachi-slot hisshouhou!	Gambling
SFC	jissen! pachi-slot hisshouhou! 2	Gambling
SFC	jissen! pachi-slot hisshouhou! classic	Gambling
SFC	jissen! pachi-slot hisshouhou! yamasa densetsu	Gambling
SFC	joe & mac	Platform
SFC	joe & mac - caveman ninja	Platform
SFC	joe & mac - tatakae genshijin	Platform
SFC	joe & mac 2 - lost in the tropics	Platform
SFC	john madden football	Sports
SFC	joe & mac 3 - lost in the tropics	Platform
SFC	john madden football '93	Sports
SFC	jojo no kimyou na bouken	Role-playing (RPG)
SFC	joushou mahjong tenpai	Board
SFC	jra pat	Sports with Animals
SFC	jra pat - wide taiouban	Sports with Animals
SFC	judge dredd	Action
SFC	jumbo ozaki no hole in one	Sports
SFC	jumpin' derby	Sports with Animals
SFC	jungle book, the	Platform
SFC	jungle no ouja tar-chan - sekaimanyuu daikakutou no maki	Platform
SFC	jungle strike	Shooter
SFC	jungle strike - uketsugareta kyouki	Shooter
SFC	jungle wars 2 - kodai mahou atimos no nazo	Role-playing (RPG)
SFC	jurassic park	Adventure
SFC	jurassic park ii - the chaos continues	Action
SFC	jurassic park part 2 - the chaos continues	Action
SFC	justice league task force	Action
SFC	jutei senki	Strategy
SFC	jwp joshi pro wres - pure wrestle queens	Sports
SFC	juusou kihei valken	Action
SFC	k.h. rummenigge's player manager	Sports
SFC	ka-blooey	Puzzle
SFC	kabuki chou reach mahjong tonpuusen	Board
SFC	kabuki rocks	Role-playing (RPG)
SFC	kachiuma yosou soft - baken renkinjutsu	Sports with Animals
SFC	kachou shima kousaku	Adventure
SFC	kagakusha harley no haran banjou	Adventure
SFC	kaite tsukutte asoberu dezaemon	Shoot'em Up
SFC	kakinoki shougi	Board
SFC	kamaitachi no yoru	Adventure
SFC	kamen rider	Beat'em Up
SFC	kamen rider sd - shutsugeki!! rider machine	Action
SFC	kashiwagi shigetaka no top water bassing	Hunting and Fishing
SFC	karura ou	Action
SFC	kat's run - zen-nihon k-car senshuken	Racing
SFC	katou hifumi kudan - shougi club	Board
SFC	kawa no nushi tsuri 2	Role-playing (RPG)
SFC	kawasaki caribbean challenge	Racing
SFC	kawasaki superbike challenge	Racing
SFC	keeper	Puzzle
SFC	keiba eight special	Sports with Animals
SFC	keiba eight special 2	Sports with Animals
SFC	ken griffey jr. presents major league baseball	Sports
SFC	ken griffey jr.'s winning run	Sports
SFC	kendo rage	Action
SFC	kentou ou world champion	Sports
SFC	kenyuu densetsu yaiba	Action
SFC	kero kero keroppi no bouken nikki - nemureru mori no keroleen	Role-playing (RPG)
SFC	kessen! dokapon oukoku iv - densetsu no yuusha-tachi	Board
SFC	kevin keegan's player manager	Sports
SFC	kick off	Sports
SFC	kick off 3 - european challenge	Sports
SFC	kid klown in crazy chase	Action
SFC	kid klown no crazy chase	Action
SFC	kidou keisatsu patlabor	Role-playing (RPG)
SFC	kidou butouden g gundam	Fighting
SFC	kidou senshi gundam - cross dimension 0079	Strategy
SFC	kidou senshi gundam f91 - formula senki 0122	Strategy
SFC	kidou senshi v gundam	Fighting
SFC	kidou senshi z gundam - away to the newtype	Role-playing (RPG)
SFC	kidou soukou dion	Action
SFC	kiki kaikai - nazo no kuro manteau	Action
SFC	kiki kaikai - tsukiyo soushi	Action
SFC	kikou keisatsu metal jack	Action
SFC	kikuni masahiko no jantoushi doraou	Board
SFC	kijin kourinden oni	Role-playing (RPG)
SFC	kikuni masahiko no jantoushi doraou 2	Board
SFC	killer instinct	Action
SFC	kindai mahjong special	Board
SFC	king arthur & the knights of justice	Action
SFC	king arthur's world	Strategy
SFC	king of dragons	Beat'em Up
SFC	king of dragons, the	Beat'em Up
SFC	king of fighters 2000, the	Fighting
SFC	king of rally, the - paris-moscow-beijing	Racing
SFC	king of the monsters	Action
SFC	king of the monsters 2	Fighting
SFC	king of the monsters 2 - next thing	Fighting
SFC	kingyo chuuihou! - tobidase! game gakuen	Casual Game
SFC	kinnikuman - dirty challenger	Sports
SFC	kirby no kirakira kids	Puzzle
SFC	kirby bowl	Sports
SFC	kirby super star	Platform
SFC	kirby's avalanche	Puzzle
SFC	kirby's dream course	Sports
SFC	kirby's dream land 3	Platform
SFC	kirby's fun pak	Platform
SFC	kirby's ghost trap	Puzzle
SFC	kishin douji zenki - battle raiden	Platform
SFC	kishin douji zenki - denei raibu	Platform
SFC	kishin douji zenki - tenchi meidou	Strategy
SFC	kiteretsu daihyakka - choujikuu sugoroku	Board
SFC	knights of the round	Action
SFC	konpeki no kantai	Strategy
SFC	kouryaku casino bar	Gambling
SFC	kouryuu densetsu villgust - kieta shoujo	Role-playing (RPG)
SFC	koushien 3	Sports
SFC	koushien 2	Sports
SFC	kouryuu no mimi	Beat'em Up
SFC	kouryuuki	Strategy
SFC	koushien 4	Sports
SFC	kousoku shikou shougi ou	Board
SFC	koutetsu no kishi	Strategy
SFC	koutetsu no kishi 2 - sabaku no rommel gundan	Strategy
SFC	koutetsu no kishi 3 - gekitotsu europe sensen	Strategy
SFC	krusty world	Platform
SFC	krusty's super fun house	Platform
SFC	kunio no oden	Puzzle
SFC	kunio-kun no dodge ball da yo zenin shuugou!	Sports
SFC	kunio-kun no dodge ball da yo zenin shuugou! - tournament special	Sports
SFC	kuusou kagaku sekai gulliver boy	Role-playing (RPG)
SFC	kyle petty's no fear racing	Racing
SFC	kyuuyaku megami tensei	Compilation
SFC	lady stalker - kako kara no chousen	Action
SFC	la wares	Role-playing (RPG)
SFC	lagoon	Action
SFC	lamborghini american challenge	Racing
SFC	langrisser, der	Strategy
SFC	laplace no ma	Role-playing (RPG)
SFC	larry nixon's super bass fishing	Hunting and Fishing
SFC	last action hero	Beat'em Up
SFC	las vegas dream in golden paradise	Simulation
SFC	last battle, the	Role-playing (RPG)
SFC	last bible iii	Role-playing (RPG)
SFC	lawnmower man, the	Action
SFC	leading company	Simulation
SFC	leading jockey	Sports with Animals
SFC	leading jockey 2	Sports with Animals
SFC	legend	Action
SFC	legend of the mystical ninja, the	Platform
SFC	legend of zelda, the - a link to the past	Action
SFC	lemmings	Strategy
SFC	lemmings 2 - the tribes	Puzzle
SFC	lennus ii - fuuin no shito	Role-playing (RPG)
SFC	lennus - kodai kikai no kioku	Role-playing (RPG)
SFC	lester the unlikely	Action
SFC	lethal enforcers	Action
SFC	libble rabble	Action
SFC	lethal weapon	Platform
SFC	light fantasy	Role-playing (RPG)
SFC	liberty or death	Strategy
SFC	lion king, the	Action
SFC	light fantasy ii	Role-playing (RPG)
SFC	little magic	Puzzle
SFC	little master - nijiiro no maseki	Role-playing (RPG)
SFC	live a live	Role-playing (RPG)
SFC	little medusa	Action
SFC	lobo	Fighting
SFC	lock on	Simulation
SFC	logos panic goaisatsu	Various
SFC	lode runner twin - justy to liberty no daibouken	Platform
SFC	lodoss-tou senki	Strategy
SFC	looney tunes - road runner	Platform
SFC	looney tunes - road runner vs wile e. coyote	Platform
SFC	lord monarch	Strategy
SFC	looney tunes basketball	Sports
SFC	looney tunes b-ball	Sports
SFC	lord of darkness	Action
SFC	lost vikings 2	Platform
SFC	lost vikings, the	Platform
SFC	lost vikings ii, the - norse by norsewest	Platform
SFC	lothar matthaeus super soccer	Sports
SFC	love quest	Role-playing (RPG)
SFC	lucky luke	Action
SFC	lufia	Role-playing (RPG)
SFC	lufia & the fortress of doom	Role-playing (RPG)
SFC	macs basic rifle marksmanship	Shooter
SFC	lupin sansei - densetsu no hihou o oe!	Action
SFC	lufia ii - rise of the sinistrals	Role-playing (RPG)
SFC	madden nfl '94	Sports
SFC	madden nfl 95	Sports
SFC	madden nfl 96	Sports
SFC	madden nfl 97	Sports
SFC	madden nfl 98	Sports
SFC	madou monogatari - hanamaru daiyouchienji	Role-playing (RPG)
SFC	maerchen adventure cotton 100%	Shoot'em Up
SFC	magic boy	Action
SFC	magic johnson no super slam dunk	Sports
SFC	magic knight rayearth	Action
SFC	magic sword	Platform
SFC	magical drop	Puzzle
SFC	magical drop 2	Puzzle
SFC	magical drop ii	Puzzle
SFC	magical pop'n	Action
SFC	magical quest starring mickey mouse, the	Action
SFC	magical taruruuto-kun - magic adventure	Platform
SFC	magna braban - henreki no yuusha	Role-playing (RPG)
SFC	mahjong club	Board
SFC	mahjong gokuu tenjiku	Board
SFC	mahjong hanjouki	Board
SFC	mahjong taikai ii	Board
SFC	mahjong sengoku monogatari	Board
SFC	mahjong hishouden - shin naki no ryuu	Board
SFC	mahjong touhaiden, the	Board
SFC	mahou poi poi poitto!	Puzzle
SFC	mahoujin guruguru 2	Role-playing (RPG)
SFC	mahoujin guruguru	Role-playing (RPG)
SFC	majin tensei	Strategy
SFC	majin tensei ii - spiral nemesis	Strategy
SFC	major title	Sports
SFC	majuu ou	Platform
SFC	maka maka	Role-playing (RPG)
SFC	makeruna! makendou	Action
SFC	makeruna! makendou 2 - kimero! youkai souridaijin	Action
SFC	manchester united championship soccer	Sports
SFC	mario is missing!	Educational
SFC	mario no super picross	Strategy
SFC	mario paint	Educational
SFC	mario to wario	Platform
SFC	mario's early years - preschool fun	Educational
SFC	mario's early years - fun with numbers	Educational
SFC	mario's early years - fun with letters	Educational
SFC	mario's super picross	Strategy
SFC	mario's time machine	Educational
SFC	marko's magic football	Platform
SFC	mark davis' the fishing master	Hunting and Fishing
SFC	marmalade boy	Adventure
SFC	maru's quest	Platform
SFC	marvel super heroes - war of the gems	Action
SFC	marvel super heroes in war of the gems	Action
SFC	marvelous - mouhitotsu no takara-jima	Role-playing (RPG)
SFC	mary shelley's frankenstein	Adventure
SFC	mask	Action
SFC	mask, the	Action
SFC	masters - harukanaru augusta 2	Sports
SFC	masters new - harukanaru augusta 3	Sports
SFC	math blaster - episode 1	Educational
SFC	maten densetsu - senritsu no ooparts	Role-playing (RPG)
SFC	matsukata hiroki no super trolling	Hunting and Fishing
SFC	matsumura kunihiro den - saikyou no rekishi o nurikaero!	Fighting
SFC	maui mallard in cold shadow	Action
SFC	mazezam	Puzzle
SFC	mazinger z	Action
SFC	mecarobot golf	Sports
SFC	mechwarrior	Shooter
SFC	mechwarrior 3050	Shooter
SFC	mega lo mania	Strategy
SFC	mega lo mania - jikuu daisenryaku	Strategy
SFC	mega man 7	Action
SFC	mega man soccer	Sports
SFC	mega man x	Action
SFC	mega man x2	Action
SFC	mega man x3	Action
SFC	mega-lo-mania	Strategy
SFC	melfand stories	Beat'em Up
SFC	metal combat - falcon's revenge	Lightgun Shooter
SFC	metal jack	Action
SFC	metal marines	Strategy
SFC	metal max 2	Role-playing (RPG)
SFC	metal max returns	Role-playing (RPG)
SFC	metal morph	Platform
SFC	metal warriors	Platform
SFC	michael andretti's indy car challenge	Racing
SFC	michael jordan - chaos in the windy city	Action
SFC	mick & mack as the global gladiators	Platform
SFC	mickey mania	Platform
SFC	mickey mania - the timeless adventures of mickey mouse	Platform
SFC	mickey no magical adventure	Action
SFC	mickey no tokyo disneyland daibouken	Platform
SFC	mickey to donald - magical adventure 3	Platform
SFC	mickey to minnie - magical adventure 2	Action
SFC	mickey's playtown adventure - a day of discovery!	Action
SFC	mickey's ultimate challenge	Strategy
SFC	micro machines	Racing
SFC	micro machines 2 - turbo tournament	Racing
SFC	might and magic - book ii	Role-playing (RPG)
SFC	might and magic ii	Role-playing (RPG)
SFC	might and magic iii - isles of terra	Role-playing (RPG)
SFC	mighty max	Adventure
SFC	mighty morphin power rangers	Action
SFC	mighty morphin power rangers - the fighting edition	Fighting
SFC	mighty morphin power rangers - the movie	Beat'em Up
SFC	milandra	Role-playing (RPG)
SFC	militia	Strategy
SFC	mini yonku shining scorpion - let's & go!!	Adventure
SFC	mini yonku let's & go!! - power wgp 2	Racing
SFC	miracle casino paradise	Gambling
SFC	miracle girls	Platform
SFC	miyaji shachou no pachinko fan - shouri sengen 2	Gambling
SFC	miracle piano teaching system, the	Educational
SFC	mizuki shigeru no youkai hyakkiyakou	Board
SFC	mlbpa baseball	Sports
SFC	mohawk & headphone jack	Action
SFC	momotarou dentetsu happy	Board
SFC	monopoly	Board
SFC	monopoly game 2, the	Board
SFC	monstania	Strategy
SFC	monster maker iii - hikari no majutsushi	Role-playing (RPG)
SFC	monster maker kids - ousama ni naritai	Board
SFC	mortal kombat	Action
SFC	mortal kombat - shinken kourin densetsu	Action
SFC	mortal kombat 3	Action
SFC	mortal kombat ii	Action
SFC	mortal kombat ii - kyuukyoku shinken	Action
SFC	mother 2 - gyiyg no gyakushuu	Role-playing (RPG)
SFC	motoko-chan no wonder kitchen	Simulation
SFC	motteke oh! dorobou	Board
SFC	mouryou senki madara 2	Role-playing (RPG)
SFC	mr. bloopy - saves the world	Educational
SFC	mr. bloppy saves the world	Educational
SFC	mr. do!	Action
SFC	mr. nutz	Action
SFC	mr. tuff	Platform
SFC	ms. pac-man	Action
SFC	mujintou monogatari	Adventure
SFC	muhammad ali heavyweight boxing	Sports
SFC	multi play volleyball	Sports
SFC	muscle bomber - the body explosion	Sports
SFC	mutant chronicles - doom troopers	Action
SFC	musya - the classic japanese tale of horror	Platform
SFC	mystery circle	Puzzle
SFC	mvp baseball	Sports
SFC	mystic ark	Role-playing (RPG)
SFC	mystic quest legend	Role-playing (RPG)
SFC	nage libre - seijaku no suishin	Role-playing (RPG)
SFC	nakajima satoru kanshuu - f-1 hero '94	Racing
SFC	nakajima satoru kanshuu - super f-1 hero	Racing
SFC	nakano kouichi kanshuu keirin ou	Sports
SFC	naki no ryuu - mahjong hishouden	Board
SFC	namcot open	Sports
SFC	nangoku shounen papuwa-kun	Platform
SFC	naruhodo! the world	Casual Game
SFC	natsuki crisis battle	Fighting
SFC	natsume championship wrestling	Sports
SFC	naxat super pinball - jaki crush	Pinball
SFC	nba all-star challenge	Sports
SFC	nba give 'n go	Sports
SFC	nba hang time	Sports
SFC	nba jam	Sports
SFC	nba jam - tournament edition	Sports
SFC	nba jam xxxx	Sports
SFC	nba jikkyou basket - winning dunk	Sports
SFC	nba live 95	Sports
SFC	nba live 96	Sports
SFC	nba live 97	Sports
SFC	nba live 98	Sports
SFC	nba pro basketball - bulls vs blazers and the nba playoffs	Sports
SFC	nba pro basketball '94 - bulls vs suns	Sports
SFC	nba showdown	Sports
SFC	ncaa basketball	Sports
SFC	ncaa final four basketball	Sports
SFC	ncaa football	Sports
SFC	nekketsu tairiku - burning heroes	Role-playing (RPG)
SFC	neugier - umi to kaze no kodou	Action
SFC	new 3d golf simulation - devil's course	Sports
SFC	new 3d golf simulation - harukanaru augusta	Sports
SFC	new 3d golf simulation - waialae no kiseki	Sports
SFC	new 3d golf simulation - pebble beach no hatou	Sports
SFC	new horizons	Adventure
SFC	new super mario land	Platform
SFC	new yatterman - nandai kandai yajirobee	Action
SFC	newman haas indycar featuring nigel mansell	Racing
SFC	nfl football	Sports
SFC	nfl pro football '94	Sports
SFC	nfl quarterback club	Sports
SFC	nfl quarterback club '95	Sports
SFC	nfl quarterback club 96	Sports
SFC	nhl '94	Sports
SFC	nhl '97	Sports
SFC	nhl 95	Sports
SFC	nhl 96	Sports
SFC	nhl 97	Sports
SFC	nhl 98	Sports
SFC	nhl hockey '94	Sports
SFC	nhl pro hockey '94	Sports
SFC	nhlpa hockey 93	Sports
SFC	nhl stanley cup	Sports
SFC	nice de shot	Sports
SFC	nichibutsu arcade classics	Compilation
SFC	nichibutsu arcade classics 2 - heiankyou alien	Action
SFC	nichibutsu collection 1	Compilation
SFC	nickelodeon guts	Sports
SFC	nichibutsu collection 2	Compilation
SFC	nigel mansell f-1 challenge	Racing
SFC	nigel mansell indycar	Racing
SFC	nigel mansell's world championship racing	Racing
SFC	nightmare busters	Action
SFC	ninja gaiden trilogy	Adventure
SFC	ninja ryuuken den tomoe	Adventure
SFC	ninjawarriors	Beat'em Up
SFC	ninjawarriors - the new generation	Beat'em Up
SFC	nintama rantarou	Action
SFC	ninjawarriors again, the	Beat'em Up
SFC	nintama rantarou 2	Action
SFC	nintama rantarou 3	Action
SFC	nintama rantarou special	Action
SFC	nishijin pachinko 3	Gambling
SFC	nintendo scope 6	Action
SFC	nishijin pachinko monogatari	Gambling
SFC	nishijin pachinko monogatari 2	Gambling
SFC	no escape	Platform
SFC	nobunaga no yabou - haouden	Strategy
SFC	nitropunks - might heads	Action
SFC	nobunaga no yabou - tenshouki	Strategy
SFC	nolan ryan's baseball	Sports
SFC	nomark baku haitou - shijou saikyou no janshi-tachi	Board
SFC	nobunaga's ambition	Action
SFC	nontan to issho - kurukuru puzzle	Puzzle
SFC	nosferatu	Action
SFC	numbers paradise	Various
SFC	oda nobunaga - haou no gundan	Strategy
SFC	obitus	Role-playing (RPG)
SFC	odekake lester - lelele no le	Action
SFC	oekaki logic	Puzzle
SFC	oekaki logic 2	Puzzle
SFC	ogre battle - the march of the black queen	Strategy
SFC	okamoto ayako to match play golf - ko olina golf club in hawaii	Sports
SFC	olivia no mystery	Puzzle
SFC	olympic summer games	Sports
SFC	on the ball	Puzzle
SFC	ongaku tsukuru kanadeeru	Music / Dancing
SFC	onizuka katsuya super virtual boxing - shin kentou ou densetsu	Sports
SFC	oomono black bass fishing - jinzouko hen	Hunting and Fishing
SFC	oozumou spirits	Sports
SFC	oonita atsushi fmw	Sports
SFC	operation europe - path to victory 1939-45	Strategy
SFC	operation logic bomb - the ultimate search & destroy	Shooter
SFC	oraga land shusai - best farmer shuukakusai	Action
SFC	operation starfi5h	Action
SFC	operation thunderbolt	Action
SFC	oscar	Action
SFC	othello world	Board
SFC	otoboke ninja colosseum	Action
SFC	ossu!! karate-bu	Fighting
SFC	otogirisou	Adventure
SFC	ou-chan no oekaki logic	Puzzle
SFC	out of this world	Action
SFC	outlander	Action
SFC	outer world	Action
SFC	out to lunch	Action
SFC	p-man	Action
SFC	p.t.o. - pacific theater of operations	Strategy
SFC	pac-attack	Puzzle
SFC	p.t.o. ii - pacific theater of operations	Simulation
SFC	pac-in-time	Action
SFC	pac-man 2 - the new adventures	Adventure
SFC	pachi-slot gambler	Gambling
SFC	pachi-slot kanzen kouryaku - universal shindai nyuuka volume 1	Gambling
SFC	pachi-slot kenkyuu	Gambling
SFC	pachi-slot monogatari - pal kougyou special	Gambling
SFC	pachi-slot land - pachipachi coin no densetsu	Gambling
SFC	pachi-slot love story	Gambling
SFC	pachi-slot monogatari - universal special	Gambling
SFC	pachinko challenger	Gambling
SFC	pachinko fan - shouri sengen	Gambling
SFC	pachinko maruhi hisshouhou	Gambling
SFC	pachinko monogatari 2 - nagoya shachihoko no teiou	Gambling
SFC	pachinko ren-chan tengoku - super cr special	Gambling
SFC	pachinko tetsujin - nanaban shoubu	Gambling
SFC	pachinko monogatari - pachi-slot mo aru deyo!!	Gambling
SFC	pachinko wars	Gambling
SFC	pachinko wars ii	Gambling
SFC	pachio-kun special	Gambling
SFC	pachio-kun special 2	Gambling
SFC	pachio-kun special 3	Gambling
SFC	pagemaster, the	Action
SFC	packy & marlon	Platform
SFC	paladin's quest	Role-playing (RPG)
SFC	panel de pon	Puzzle
SFC	panic in nakayoshi world	Action
SFC	paperboy 2	Sports
SFC	parlor! mini - pachinko jikki simulation game	Gambling
SFC	parlor! mini 2 - pachinko jikki simulation game	Gambling
SFC	parlor! mini 4 - pachinko jikki simulation game	Gambling
SFC	parlor! mini 3 - pachinko jikki simulation game	Gambling
SFC	parlor! mini 6 - pachinko jikki simulation game	Gambling
SFC	parlor! mini 5 - pachinko jikki simulation game	Gambling
SFC	parlor! mini 7 - pachinko jikki simulation game	Gambling
SFC	parlor! parlor! 2	Gambling
SFC	parlor! parlor!	Gambling
SFC	parlor! parlor! 5	Gambling
SFC	parlor! parlor! 3	Gambling
SFC	parlor! parlor! iv cr	Gambling
SFC	parodius	Action
SFC	parodius da! - shinwa kara owarai e	Action
SFC	peace keepers, the	Action
SFC	pebble beach no hatou new - tournament edition	Sports
SFC	pga european tour	Sports
SFC	pga tour 96	Sports
SFC	pga tour golf	Sports
SFC	phalanx	Action
SFC	phalanx - the enforce fighter a-144	Action
SFC	phantom 2040	Action
SFC	picross np vol. 1	Puzzle
SFC	picross np vol. 2	Puzzle
SFC	picross np vol. 3	Puzzle
SFC	picross np vol. 4	Puzzle
SFC	picross np vol. 5	Puzzle
SFC	picross np vol. 6	Puzzle
SFC	picross np vol. 8	Puzzle
SFC	picross np vol. 7	Puzzle
SFC	pieces	Puzzle
SFC	pierre le chef is... out to lunch	Action
SFC	pikiinya!	Puzzle
SFC	pilotwings	Simulation
SFC	pinball dreams	Action
SFC	pinball fantasies	Pinball
SFC	pinball pinball	Action
SFC	pink goes to hollywood	Action
SFC	pink panther	Action
SFC	pinocchio	Action
SFC	pipe dream	Puzzle
SFC	pirates of dark water, the	Action
SFC	pit-fighter	Fighting
SFC	pitfall - maya no daibouken	Action
SFC	pitfall - the mayan adventure	Action
SFC	planet's champ tg 3000, the	Racing
SFC	plok	Action
SFC	plok!	Action
SFC	pocky & rocky	Action
SFC	pocky & rocky 2	Action
SFC	pokemon stadium	Fighting
SFC	pokonyan! - henpokorin adventure	Platform
SFC	pop'n twinbee	Action
SFC	pop'n twinbee - rainbow bell adventures	Platform
SFC	popeye - ijiwaru majo sea hag no maki	Platform
SFC	popful mail	Action
SFC	popoitto hebereke	Puzzle
SFC	populous	Strategy
SFC	populous ii - trials of the olympian gods	Strategy
SFC	porky pig's haunted holiday	Action
SFC	power athlete	Fighting
SFC	power drive	Racing
SFC	power instinct	Action
SFC	power lode runner	Puzzle
SFC	power moves	Fighting
SFC	power of the hired	Role-playing (RPG)
SFC	power piggs of the dark age	Action
SFC	power rangers zeo - battle racers	Racing
SFC	power rangers	Action
SFC	power soukoban	Action
SFC	powermonger	Strategy
SFC	powerfest 94	Platform
SFC	powermonger - mashou no bouryaku	Strategy
SFC	prehistorik man	Action
SFC	power slide	Racing
SFC	primal rage	Action
SFC	prime	Beat'em Up
SFC	prince of persia	Action
SFC	prince of persia 2	Action
SFC	princess maker - legend of another world	Simulation
SFC	prince of persia 2 - the shadow & the flame	Action
SFC	princess minerva	Role-playing (RPG)
SFC	pro football	Sports
SFC	pro kishi jinsei simulation - shougi no hanamichi	Board
SFC	pro football '93	Sports
SFC	pro mahjong kiwame ii	Board
SFC	pro mahjong kiwame	Board
SFC	pro mahjong kiwame iii	Board
SFC	pro mahjong tsuwamono	Board
SFC	pro sport hockey	Sports
SFC	pro soccer	Sports
SFC	pro yakyuu nettou - puzzle stadium	Puzzle
SFC	pro quarterback	Sports
SFC	pro yakyuu star	Sports
SFC	psycho dream	Action
SFC	push-over	Strategy
SFC	putty moon	Platform
SFC	putty squad	Action
SFC	puzzle bobble	Puzzle
SFC	puzzle bobble - bust-a-move	Puzzle
SFC	puzzle nintama rantarou - ninjutsu gakuen puzzle taikai no dan	Puzzle
SFC	puzzle'n desu!	Puzzle
SFC	q-bert 3	Action
SFC	quik the thunder rabbit	Platform
SFC	r-type iii	Shoot'em Up
SFC	r-type iii - the third lightning	Shoot'em Up
SFC	race drivin'	Racing
SFC	r.p.m. racing	Racing
SFC	radical psycho machine racing	Racing
SFC	radical rex	Action
SFC	raiden densetsu	Shoot'em Up
SFC	raiden trad	Shoot'em Up
SFC	rally - the final round of the world rally championship	Racing
SFC	rampart	Strategy
SFC	ramos ruy no world wide soccer	Sports
SFC	ranma 1-2	Fighting
SFC	ranma 1-2 - akanekodan teki hihou	Role-playing (RPG)
SFC	ranma 1-2 - bakuretsu rantou hen	Fighting
SFC	ranma 1-2 - chougi ranbu hen	Action
SFC	ranma 1-2 - chounai gekitou hen	Fighting
SFC	ranma 1-2 - ougi jaanken	Puzzle
SFC	ranma 1-2 - hard battle	Fighting
SFC	rap jam - volume one	Sports
SFC	rap basketball	Sports
SFC	rayman	Platform
SFC	realm	Action
SFC	red october	Shoot'em Up
SFC	redline f-1 racer	Racing
SFC	rejoice - aretha oukoku no kanata	Action
SFC	relief pitcher	Sports
SFC	ren & stimpy show, the - buckeroo$!	Action
SFC	ren & stimpy show, the - fire dogs	Action
SFC	ren & stimpy show, the - time warp	Platform
SFC	ren & stimpy show, the - veediots!	Action
SFC	rendering ranger r2	Action
SFC	res arcana - diana ray - uranai no meikyuu	Various
SFC	return of double dragon	Action
SFC	reverse kids	Board
SFC	revolution x	Action
SFC	rex ronan - experimental surgeon	Educational
SFC	rhi roller hockey '95	Sports
SFC	riddick bowe boxing	Sports
SFC	rin kaihou kudan no igo taidou	Board
SFC	ring ni kakero	Sports
SFC	rise of the phoenix	Strategy
SFC	rise of the robots	Action
SFC	rival turf	Beat'em Up
SFC	river city girls zero	Action
SFC	rival turf!	Beat'em Up
SFC	road riot 4wd	Racing
SFC	road runner	Platform
SFC	road runner's death valley rally	Platform
SFC	robocop 3	Platform
SFC	robocop versus the terminator	Action
SFC	robotrek	Role-playing (RPG)
SFC	rock 'n' roll racing	Racing
SFC	rock & roll racing	Racing
SFC	rock n' roll racing	Racing
SFC	rocketeer, the	Shooter
SFC	rockman & forte	Platform
SFC	rockman 7 - shukumei no taiketsu!	Action
SFC	rockman x	Action
SFC	rockman x2	Action
SFC	rockman x3	Action
SFC	rockman's soccer	Sports
SFC	rocko's modern life - spunky's dangerous day	Platform
SFC	rocky rodent	Action
SFC	roger clemens' mvp baseball	Sports
SFC	rokudenashi blues - taiketsu! tokyo shitennou	Adventure
SFC	romance of the three kingdoms ii	Strategy
SFC	romance of the three kingdoms iii - dragon of destiny	Strategy
SFC	romance of the three kingdoms iv - wall of fire	Strategy
SFC	romancing sa-ga	Role-playing (RPG)
SFC	romancing sa-ga 2	Role-playing (RPG)
SFC	romancing sa-ga 3	Role-playing (RPG)
SFC	royal conquest	Strategy
SFC	rpg tsukuru - super dante	Role-playing (RPG)
SFC	rpg tsukuru 2	Role-playing (RPG)
SFC	rudra no hihou	Role-playing (RPG)
SFC	ruin arm	Action
SFC	run saber	Action
SFC	rushing beat ran - fukusei toshi	Beat'em Up
SFC	rushing beat	Beat'em Up
SFC	rushing beat shura	Action
SFC	ryuukiheidan dunzarv	Role-playing (RPG)
SFC	ryuuko no ken	Action
SFC	ryuuko no ken 2	Fighting
SFC	s.o.s - sink or swim	Action
SFC	saibara rieko no mahjong hourouki	Board
SFC	saikousoku shikou shougi mahjong	Board
SFC	saikyou - takada nobuhiko	Fighting
SFC	sakurai shouichi no jankiryuu mahjong hisshouhou	Board
SFC	sailormoon	Beat'em Up
SFC	same game	Puzzle
SFC	samsara naga 2	Role-playing (RPG)
SFC	samurai shodown	Action
SFC	samurai spirits	Action
SFC	samurai shodown vs soul blade ~ soul edge vs samurai	Fighting
SFC	sangokushi eiketsuden	Role-playing (RPG)
SFC	sangokushi iii	Strategy
SFC	sangokushi iv	Strategy
SFC	sangokushi seishi - tenbu spirits	Strategy
SFC	sanrio shanghai	Board
SFC	sankyo fever! fever!	Gambling
SFC	sanrio world smash ball!	Action
SFC	sanspo fishing - keiryuu ou	Hunting and Fishing
SFC	saturday night slam masters	Sports
SFC	scooby-doo mystery	Adventure
SFC	sd f-1 grand prix	Racing
SFC	sd gundam - power formation puzzle	Puzzle
SFC	sd gundam g next	Various
SFC	sd gundam gaiden - knight gundam monogatari - ooinaru isan	Role-playing (RPG)
SFC	sd gundam gaiden 2 - entaku no kishi	Role-playing (RPG)
SFC	sd hiryuu no ken	Fighting
SFC	sd gundam gx	Strategy
SFC	sd kidou senshi gundam - v sakusen shidou	Shoot'em Up
SFC	sd kidou senshi gundam 2	Shoot'em Up
SFC	sd the great battle - aratanaru chousen	Shooter
SFC	seaquest dsv	Shooter
SFC	secret of evermore	Role-playing (RPG)
SFC	secret of mana	Role-playing (RPG)
SFC	seifuku densetsu - pretty fighter	Fighting
SFC	seijuu maden beasts & blades	Role-playing (RPG)
SFC	seiken densetsu 2	Role-playing (RPG)
SFC	seiken densetsu 3	Role-playing (RPG)
SFC	sengoku denshou	Beat'em Up
SFC	sengoku no hasha - tenkafubu e no michi	Strategy
SFC	sensible soccer - european champions	Sports
SFC	septentrion	Adventure
SFC	serizawa nobuo no birdie try	Sports
SFC	sgt. saunders' combat!	Strategy
SFC	shadow, the	Beat'em Up
SFC	shadowhawk	Platform
SFC	shadowrun	Role-playing (RPG)
SFC	shanghai - banri no choujou	Board
SFC	shanghai ii - dragon's eye	Board
SFC	shanghai iii	Board
SFC	shaq fu	Action
SFC	shaq-fu	Action
SFC	shichuusuimeigaku nyuumon - shin tougenkyou	Simulation
SFC	shien - the blade chaser	Action
SFC	shien's revenge	Action
SFC	shijou saikyou league serie a - ace striker	Sports
SFC	shiki eiyuuden	Role-playing (RPG)
SFC	shijou saikyou no quiz ou ketteisen super	Quiz
SFC	shimono masaki no fishing to bassing	Hunting and Fishing
SFC	shin ikkakusenkin	Gambling
SFC	shin kidou senki gundam w - endless duel	Fighting
SFC	shin mahjong	Board
SFC	shin megami tensei	Role-playing (RPG)
SFC	shin megami tensei if...	Role-playing (RPG)
SFC	shin megami tensei ii	Role-playing (RPG)
SFC	shin momotarou densetsu	Role-playing (RPG)
SFC	shin nekketsu kouha - kunio-tachi no banka	Action
SFC	shin nihon pro wrestling - chou senshi in tokyo dome - fantastic story	Sports
SFC	shin nihon pro wrestling kounin - '94 battlefield in tokyo dome	Sports
SFC	shin nihon pro wrestling kounin - '95 tokyo dome battle 7	Sports
SFC	shin sd sengokuden - daishougun retsuden	Role-playing (RPG)
SFC	shin shougi club	Board
SFC	shin star trek - ooinaru isan ifd no nazo o oe	Adventure
SFC	shinchou kouki	Strategy
SFC	shinri game 2, the - magical trip	Various
SFC	shinri game 3, the	Various
SFC	shinri game, the - akuma no kokoroji	Various
SFC	shinseiki odysselya	Role-playing (RPG)
SFC	shinseiki gpx - cyber formula	Racing
SFC	shinseiki odysselya ii	Role-playing (RPG)
SFC	shinzui taikyoku igo - go sennin	Board
SFC	shiroi ring e - twinkle little star	Sports
SFC	shodai nekketsu kouha kunio-kun	Beat'em Up
SFC	shodan morita shougi	Board
SFC	shodani nintei - shodan pro mahjong	Board
SFC	shooter	Shooter
SFC	shougi club	Board
SFC	shougi fuurinkazan	Board
SFC	shougi saikyou	Board
SFC	shougi zanmai	Board
SFC	shougi saikyou ii - jissen taikyoku hen	Board
SFC	shounen ninja sasuke	Beat'em Up
SFC	shounen ashibe - goma-chan no yuuenchi daibouken	Action
SFC	shounin yo, taishi o idake!!	Board
SFC	shuushoku game	Adventure
SFC	sid meier's civilization	Strategy
SFC	side pocket	Sports
SFC	silva saga ii - the legend of light and darkness	Role-playing (RPG)
SFC	simant	Strategy
SFC	simant - the electronic ant colony	Strategy
SFC	simcity	Simulation
SFC	simcity 2000 - the ultimate city simulator	Strategy
SFC	simcity jr.	Simulation
SFC	simearth - the living planet	Simulation
SFC	simpsons, the - bart's nightmare	Platform
SFC	simpsons, the - bart no fushigi na yume no daibouken	Platform
SFC	simulation pro yakyuu	Sports
SFC	ski paradise with snowboard	Sports
SFC	skuljagger - revolt of the westicans	Action
SFC	skyblazer	Action
SFC	sky mission	Simulation
SFC	slap stick	Role-playing (RPG)
SFC	slayers	Role-playing (RPG)
SFC	sm choukyoushi hitomi	Adult
SFC	sm choukyoushi hitomi - bangai hen	Adult
SFC	sm choukyoushi hitomi - bangai hen 2 - maki no love love panic	Adult
SFC	sm choukyoushi hitomi vol. 2	Adult
SFC	sm choukyoushi hitomi vol. 2 - trial version	Adult
SFC	sm choukyoushi hitomi vol. 2 remix	Adult
SFC	sm choukyoushi hitomi vol. 3	Adult
SFC	smart ball	Platform
SFC	sm choukyoushi hitomi vol. 3 - test version	Adult
SFC	smash t.v.	Shooter
SFC	smash tennis	Sports
SFC	smurfs travel the world, the	Action
SFC	smurfs, the	Action
SFC	snoopy concert	Adventure
SFC	snow white in happily ever after	Platform
SFC	soccer kid	Action
SFC	soccer shootout	Sports
SFC	socks the cat rocks the hill	Action
SFC	soldiers of fortune	Shooter
SFC	solid runner	Role-playing (RPG)
SFC	solstice ii	Adventure
SFC	song master	Role-playing (RPG)
SFC	sonic blast man	Beat'em Up
SFC	sonic blast man ii	Action
SFC	sonic wings	Action
SFC	soreyuke ebisumaru karakuri meiro - kieta goemon no nazo!!	Puzzle
SFC	sos	Adventure
SFC	sougou kakutougi - astral bout	Action
SFC	sotsugyou bangai hen - nee mahjong shiyo!	Board
SFC	sougou kakutougi - astral bout 2 - the total fighters	Sports
SFC	sougou kakutougi rings - astral bout 3	Sports
SFC	soukou kihei votoms - the battling road	Action
SFC	soul & sword	Role-playing (RPG)
SFC	soul blade	Fighting
SFC	soul blader	Role-playing (RPG)
SFC	soul blazer	Role-playing (RPG)
SFC	sound novel tsukuru	Adventure
SFC	space ace	Action
SFC	space football - one on one	Sports
SFC	space bazooka	Action
SFC	space funky b.o.b.	Action
SFC	space invaders	Shooter
SFC	space invaders - the original game	Shooter
SFC	space megaforce	Shoot'em Up
SFC	spanky's quest	Action
SFC	spark world	Action
SFC	sparkster	Action
SFC	special tee shot	Sports
SFC	spectre	Shooter
SFC	speed racer	Racing
SFC	speedy gonzales - los gatos bandidos	Action
SFC	speedy gonzales in los gatos bandidos	Action
SFC	spellcraft - aspects of valor	Adventure
SFC	spider-man	Action
SFC	spider-man - venom - maximum carnage	Beat'em Up
SFC	spider-man - x-men - arcade's revenge	Action
SFC	spider-man and the x-men in arcade's revenge	Action
SFC	spindizzy worlds	Action
SFC	spirou	Action
SFC	sporting news baseball, the	Sports
SFC	sports illustrated - championship football & baseball	Sports
SFC	spot goes to hollywood	Adventure
SFC	spriggan powered	Shoot'em Up
SFC	sprinter monogatari - mezase!! ikkakusenkin	Sports
SFC	st. andrews - eikou to rekishi no old course	Sports
SFC	stable star - kyuusha monogatari	Sports with Animals
SFC	star fox	Shoot'em Up
SFC	star fox 2	Shooter
SFC	star ocean	Role-playing (RPG)
SFC	star glider	Shoot'em Up
SFC	star trek - deep space nine - crossroads of time	Adventure
SFC	star trek - starfleet academy - starship bridge simulator	Simulation
SFC	star trek - the next generation - future's past	Adventure
SFC	stardust suplex	Sports
SFC	stargate	Action
SFC	starwing	Shoot'em Up
SFC	starwing - competition	Shoot'em Up
SFC	steel talons	Simulation
SFC	stealth	Strategy
SFC	sterling sharpe - end 2 end	Sports
SFC	steven seagal is the final option	Beat'em Up
SFC	stone protectors	Beat'em Up
SFC	street combat	Action
SFC	street fighter alpha 2	Action
SFC	street fighter ex	Fighting
SFC	street fighter ii	Fighting
SFC	street fighter ii turbo	Fighting
SFC	street fighter zero 2	Action
SFC	street hockey '95	Sports
SFC	street racer	Racing
SFC	street sports - jammit	Sports
SFC	street sports - street hockey '95	Sports
SFC	strike gunner s.t.g	Shoot'em Up
SFC	striker	Sports
SFC	stunt race fx	Racing
SFC	sugoi hebereke	Fighting
SFC	sugoro quest++ - dicenics	Board
SFC	sugoroku ginga senki	Board
SFC	sunset riders	Shooter
SFC	supapoon	Puzzle
SFC	super 20 hab	Compilation
SFC	supapoon dx	Puzzle
SFC	super 3d baseball	Sports
SFC	super 3d noah's ark	Shooter
SFC	super 4wd - the baja	Racing
SFC	super adventure island	Action
SFC	super adventure island ii	Action
SFC	super air diver	Simulation
SFC	super air diver 2	Simulation
SFC	super aleste	Shoot'em Up
SFC	super alfred chicken	Action
SFC	super aoki ookami to shiroki mejika - genchou hishi	Strategy
SFC	super aquatic games starring the aquabats, the	Sports
SFC	super b.c. kid	Platform
SFC	super back to the future part ii	Action
SFC	super baken ou '95	Sports with Animals
SFC	super baseball 2020	Sports
SFC	super baseball simulator 1.000	Sports
SFC	super bases loaded	Sports
SFC	super baseball simulator 1.000 2	Sports
SFC	super bases loaded 2	Sports
SFC	super bases loaded 3 - license to steal	Sports
SFC	super batter up	Sports
SFC	super battleship	Board
SFC	super battletank	Action
SFC	super battletank 2	Simulation
SFC	super big 2	Adult
SFC	super bikkuriman	Fighting
SFC	super birdie rush	Sports
SFC	super billiard - championship pool	Sports
SFC	super black bass	Hunting and Fishing
SFC	super black bass 2	Hunting and Fishing
SFC	super black bass 3	Hunting and Fishing
SFC	super bomberman	Puzzle
SFC	super bomberman - panic bomber w	Puzzle
SFC	super bomberman 2	Puzzle
SFC	super bomberman 3	Puzzle
SFC	super bomberman 4	Puzzle
SFC	super bomberman 5	Puzzle
SFC	super bombliss	Puzzle
SFC	super bonk	Platform
SFC	super boss gaiden	Action
SFC	super bowling	Sports
SFC	super buster bros.	Shooter
SFC	super caesars palace	Gambling
SFC	super casino - caesars palace	Gambling
SFC	super casino 2	Gambling
SFC	super castles	Strategy
SFC	super castlevania iv	Action
SFC	super chase h.q.	Action
SFC	super chinese fighter	Fighting
SFC	super chinese world 2 - uchuuichi butou taikai	Action
SFC	super chinese world	Action
SFC	super chinese world 3 - chou jigen daisakusen	Action
SFC	super conflict	Strategy
SFC	super copa	Sports
SFC	super cup soccer	Sports
SFC	super daikoukai jidai	Adventure
SFC	super dany	Action
SFC	super dogfight	Simulation
SFC	super donkey	Platform
SFC	super donkey kong	Platform
SFC	super donkey kong 2 - dixie & diddy	Platform
SFC	super donkey kong 3 - nazo no kremis-tou	Platform
SFC	super double dragon	Action
SFC	super double yakuman ii	Board
SFC	super double yakuman	Board
SFC	super drakkhen	Role-playing (RPG)
SFC	super drift out - world rally championships	Racing
SFC	super dunk shot	Sports
SFC	super dunk star	Sports
SFC	super f1 circus	Racing
SFC	super f1 circus 2	Racing
SFC	super e.d.f.	Shoot'em Up
SFC	super f1 circus 3	Racing
SFC	super f1 circus gaiden	Racing
SFC	super f1 circus limited	Racing
SFC	super famicom wars	Strategy
SFC	super family circuit	Racing
SFC	super family gelaende	Sports
SFC	super family tennis	Sports
SFC	super famista	Sports
SFC	super famista 2	Sports
SFC	super famista 3	Sports
SFC	super famista 4	Sports
SFC	super famista 5	Sports
SFC	super final match tennis	Sports
SFC	super fire pro wrestling	Sports
SFC	super fire pro wrestling 2	Fighting
SFC	super fire pro wrestling - queen's special	Sports
SFC	super fire pro wrestling 3	Sports
SFC	super fire pro wrestling iii - easy type	Sports
SFC	super fire pro wrestling iii - final bout	Sports
SFC	super fire pro wrestling special	Sports
SFC	super fire pro wrestling x premium	Fighting
SFC	super fire pro wrestling x	Sports
SFC	super fishing big fight	Hunting and Fishing
SFC	super formation soccer	Sports
SFC	super formation soccer 94 - world cup edition	Sports
SFC	super formation soccer 95 - della serie a	Sports
SFC	super formation soccer 96 - world club edition	Sports
SFC	super formation soccer 94 - world cup final data	Sports
SFC	super formation soccer ii	Sports
SFC	super gachapon world - sd gundam x	Strategy
SFC	super full metal	Strategy
SFC	super genjin	Platform
SFC	super genjin 2	Action
SFC	super ghouls 'n ghosts	Action
SFC	super goal!	Sports
SFC	super goal! 2	Sports
SFC	super godzilla	Strategy
SFC	super gomoku narabe - renju	Board
SFC	super gussun oyoyo	Puzzle
SFC	super gomoku shougi - jouseki kenkyuu hen	Board
SFC	super gussun oyoyo 2	Puzzle
SFC	super h.q. - criminal chaser	Action
SFC	super hanafuda	Board
SFC	super hanafuda 2	Board
SFC	super high impact	Sports
SFC	super hockey '94	Sports
SFC	super hockey	Sports
SFC	super ice hockey	Sports
SFC	super honmei - gi seiha	Sports with Animals
SFC	super igo - go ou	Board
SFC	super indy champ	Racing
SFC	super international cricket	Sports
SFC	super inindou - datou nobunaga	Strategy
SFC	super james pond	Platform
SFC	super james pond ii	Platform
SFC	super jangou	Board
SFC	super jinsei game	Board
SFC	super jinsei game 2	Board
SFC	super jinsei game 3	Board
SFC	super keiba	Sports with Animals
SFC	super keiba 2	Sports with Animals
SFC	super kick boxing - best of the best	Sports
SFC	super koukou yakyuu - ikkyuu nyuukon	Sports
SFC	super keirin	Sports
SFC	super kick off	Sports
SFC	super kyousouba - kaze no sylphid	Sports with Animals
SFC	super kyoutei	Racing
SFC	super kyuukyoku harikiri stadium	Sports
SFC	super kyuukyoku harikiri stadium 2	Sports
SFC	super linearball	Sports
SFC	super kyoutei 2	Sports
SFC	super loopz	Puzzle
SFC	super mad champ	Racing
SFC	super mahjong 2 - honkaku 4-nin uchi!	Board
SFC	super mahjong	Board
SFC	super mahjong 3 - karakuchi	Board
SFC	super mahjong taikai	Board
SFC	super mario - yoshi island	Platform
SFC	super mario all-stars	Action
SFC	super mario all-stars + super mario world	Action
SFC	super mario collection	Action
SFC	super mario all-stars and super mario world	Action
SFC	super mario kart	Racing
SFC	super mario rpg	Role-playing (RPG)
SFC	super mario rpg - legend of the seven stars	Role-playing (RPG)
SFC	super mario world	Platform
SFC	super mario world - super mario bros. 4	Platform
SFC	super mario world 2 - yoshi's island	Platform
SFC	super metroid	Adventure
SFC	super moero!! pro yakyuu	Sports
SFC	super momotarou dentetsu dx	Board
SFC	super momotarou dentetsu ii	Board
SFC	super momotarou dentetsu iii	Board
SFC	super morph	Platform
SFC	super naxat open - golf de shoubu da dorabocchan	Sports
SFC	super nazo puyo - rulue no roux	Role-playing (RPG)
SFC	super nazo puyo tsuu - rulue no tetsuwan hanjouki	Role-playing (RPG)
SFC	super nichibutsu mahjong	Board
SFC	super nichibutsu mahjong 2 - zenkoku seiha hen	Board
SFC	super nichibutsu mahjong 3 - yoshimoto gekijou hen	Board
SFC	super nichibutsu mahjong 4 - kisokenkyuu hen	Board
SFC	super ninja boy	Action
SFC	super ninja-kun	Platform
SFC	super nobunaga no yabou - bushou fuuunroku	Action
SFC	super nobunaga no yabou - zenkoku ban	Action
SFC	super nova	Action
SFC	super off road	Racing
SFC	super off road - the baja	Racing
SFC	super okumanchouja game	Gambling
SFC	super oozumou - nessen ooichiban	Sports
SFC	super pachi-slot mahjong	Gambling
SFC	super pachinko taisen	Gambling
SFC	super pang	Shooter
SFC	super pinball - behind the mask	Pinball
SFC	super pinball ii - the amazing odyssey	Action
SFC	super play action football	Sports
SFC	super power league 2	Sports
SFC	super power league	Sports
SFC	super power league 3	Sports
SFC	super power league 4	Sports
SFC	super probotector - alien rebels	Shooter
SFC	super professional baseball	Sports
SFC	super punch-out!!	Sports
SFC	super professional baseball ii	Sports
SFC	super putty	Platform
SFC	super puyo puyo	Puzzle
SFC	super puyo puyo 2	Puzzle
SFC	super puyo puyo tsuu	Puzzle
SFC	super puyo puyo tsuu remix	Puzzle
SFC	super r-type	Shoot'em Up
SFC	super r.b.i. baseball	Sports
SFC	super real mahjong piv	Board
SFC	super real mahjong pv paradise - all-star 4-nin uchi	Board
SFC	super robot taisen ex	Strategy
SFC	super robot taisen gaiden - masoukishin - the lord of elemental	Strategy
SFC	super royal blood	Strategy
SFC	super sangokushi	Strategy
SFC	super rugby	Sports
SFC	super sangokushi ii	Strategy
SFC	super shadow of the beast	Action
SFC	super scope 6	Action
SFC	super shougi	Board
SFC	super shanghai - dragon's eye	Board
SFC	super slam dunk	Sports
SFC	super shougi 2	Board
SFC	super shougi 3 - kitaihei	Board
SFC	super slap shot	Sports
SFC	super smash t.v.	Shooter
SFC	super snakey	Puzzle
SFC	super soccer	Sports
SFC	super soccer champ	Sports
SFC	super solitaire	Card
SFC	super soukoban	Puzzle
SFC	super stadium	Sports
SFC	super star fox weekend	Shoot'em Up
SFC	super star wars	Action
SFC	super star wars - jedi no fukushuu	Action
SFC	super star wars - return of the jedi	Action
SFC	super star wars - the empire strikes back	Action
SFC	super star wars - teikoku no gyakushuu	Action
SFC	super street fighter ii	Action
SFC	super street fighter ii - the new challengers	Action
SFC	super strike eagle	Simulation
SFC	super strike gunner	Shoot'em Up
SFC	super swiv	Shoot'em Up
SFC	super tekkyuu fight!	Action
SFC	super tennis	Sports
SFC	super tennis - world circuit	Sports
SFC	super tetris 2 + bombliss	Puzzle
SFC	super tetris 2 + bombliss genteiban	Puzzle
SFC	super tetris 3	Fighting
SFC	super troll islands	Platform
SFC	super troll islands - shiawase o ageru	Platform
SFC	super trump collection	Card
SFC	super trump collection 2	Card
SFC	super tsumeshougi 1000	Board
SFC	super turrican	Action
SFC	super turrican 2	Action
SFC	super turrican 2 special edition	Action
SFC	super ultra baseball	Sports
SFC	super ultra baseball 2	Sports
SFC	super uno	Card
SFC	super valis - akaki tsuki no otome	Action
SFC	super valis iv	Action
SFC	super variable geo	Fighting
SFC	super volley ii	Sports
SFC	super wagyan land	Platform
SFC	super wagyan land 2	Platform
SFC	super widget	Action
SFC	super wrestle angels	Sports
SFC	super zugan - hakotenjou kara no shoutaijou	Gambling
SFC	super yakyuudou	Simulation
SFC	super zugan 2 - tsukanpo fighter	Gambling
SFC	super!! pachinko	Gambling
SFC	superman	Action
SFC	sutobasu yarou show	Sports
SFC	sutte hakkun	Platform
SFC	suzuka 8 hours	Racing
SFC	swat kats - the radical squadron	Action
SFC	suzuki aguri no f-1 super driving	Racing
SFC	sword world sfc	Role-playing (RPG)
SFC	sword maniac	Action
SFC	sword world sfc 2 - inishie no kyojin densetsu	Role-playing (RPG)
SFC	sydney hunter and the caverns of death	Puzzle
SFC	sylvester and tweety	Adventure
SFC	syndicate	Strategy
SFC	syvalion	Shoot'em Up
SFC	t2 - the arcade game	Lightgun Shooter
SFC	tactical soccer	Strategy
SFC	table game daishuugou!!	Board
SFC	tactics ogre - let us cling together	Strategy
SFC	tadaima yuusha boshuuchuu okawari	Board
SFC	taekwon-do	Fighting
SFC	taiketsu!! brass numbers	Action
SFC	taikou risshiden	Strategy
SFC	taikyoku igo - goliath	Board
SFC	taiwan 16 mahjong ii - horoscope girls edition	Board
SFC	taikyoku igo - idaten	Board
SFC	takahashi meijin no daibouken-jima ii	Action
SFC	takahashi meijin no daibouken-jima	Action
SFC	takeda nobuhiro no super cup soccer	Sports
SFC	take yutaka gi memory	Sports with Animals
SFC	takeda nobuhiro no super league soccer	Sports
SFC	takemiya masaki kudan no igo taishou	Board
SFC	tamagotch town	Simulation
SFC	targa	Action
SFC	tales of phantasia	Role-playing (RPG)
SFC	tarzan - lord of the jungle	Action
SFC	tarot mystery	Card
SFC	tatakae genshijin 2 - rookie no bouken	Action
SFC	tatakae genshijin 3 - shuyaku wa yappari joe & mac	Platform
SFC	taz-mania	Action
SFC	tecmo secret of the stars	Role-playing (RPG)
SFC	tecmo super baseball	Sports
SFC	tecmo super bowl	Sports
SFC	tecmo super bowl ii - special edition	Sports
SFC	tecmo super bowl iii - final edition	Sports
SFC	tecmo super nba basketball	Sports
SFC	teenage mutant hero turtles - tournament fighters	Fighting
SFC	teenage mutant hero turtles iv - turtles in time	Beat'em Up
SFC	teenage mutant ninja turtles - mutant warriors	Fighting
SFC	teenage mutant ninja turtles - tournament fighters	Fighting
SFC	teenage mutant ninja turtles - turtles in time	Beat'em Up
SFC	teenage mutant ninja turtles iv - turtles in time	Beat'em Up
SFC	teitoku no ketsudan	Strategy
SFC	teitoku no ketsudan ii	Simulation
SFC	tekichuu keiba juku	Sports with Animals
SFC	tekken 2	Fighting
SFC	tenchi muyou! - game hen	Strategy
SFC	tenchi o kurau - sangokushi gunyuuden	Strategy
SFC	tenchi souzou	Action
SFC	tengai makyou zero	Role-playing (RPG)
SFC	tenryuu genichirou no pro wres revolution	Fighting
SFC	tenshi no uta - shiroki tsubasa no inori	Role-playing (RPG)
SFC	terminator 2 - judgment day	Platform
SFC	terminator, the	Racing
SFC	terranigma	Action
SFC	tetris & dr. mario	Compilation
SFC	tetris 2	Puzzle
SFC	tetris attack	Puzzle
SFC	tetris battle gaiden	Puzzle
SFC	tetsuwan atom	Action
SFC	tetris flash	Puzzle
SFC	theme park	Strategy
SFC	thomas the tank engine & friends	Racing
SFC	thoroughbred breeder	Sports with Animals
SFC	thoroughbred breeder iii	Sports with Animals
SFC	thoroughbred breeder ii	Sports with Animals
SFC	thunder spirits	Action
SFC	tick, the	Action
SFC	time slip	Action
SFC	time trax	Platform
SFC	timecop	Action
SFC	timeslip	Action
SFC	timon & pumbaa's jungle games	Casual Game
SFC	tin star	Action
SFC	tinhead	Platform
SFC	tintin - prisoners of the sun	Platform
SFC	tintin in tibet	Platform
SFC	tiny toon adventures	Action
SFC	tiny toon adventures - buster busts loose!	Action
SFC	tiny toon adventures - dotabata daiundoukai	Sports
SFC	tiny toon adventures - wacky sports challenge	Sports
SFC	tiny toon adventures - wild & wacky sports	Sports
SFC	tko super championship boxing	Sports
SFC	tnn bass tournament of champions	Hunting and Fishing
SFC	todd mcfarlane's spawn - the video game	Platform
SFC	tokimeki memorial - densetsu no ki no shita de	Simulation
SFC	tokoro's mahjong	Board
SFC	tom & jerry	Platform
SFC	tom and jerry	Platform
SFC	tom to jerry	Platform
SFC	tommy moe's winter extreme - skiing and snowboarding	Sports
SFC	tony meola's sidekicks soccer	Sports
SFC	top gear	Racing
SFC	top gear 2	Racing
SFC	top gear 3000	Racing
SFC	top management ii	Simulation
SFC	top racer	Racing
SFC	top racer 2	Racing
SFC	toride	Puzzle
SFC	torneko no daibouken - fushigi no dungeon	Action
SFC	total carnage	Shooter
SFC	total football	Sports
SFC	tottemo! lucky man - lucky cookie roulette de totsugekii	Gambling
SFC	touge densetsu - saisoku battle	Racing
SFC	tower dream	Board
SFC	toy story	Action
SFC	toys - let the toy wars begin!	Adventure
SFC	traverse - starlight & prairie	Role-playing (RPG)
SFC	treasure hunter g	Strategy
SFC	trials of mana	Role-playing (RPG)
SFC	trinea	Action
SFC	troddlers	Puzzle
SFC	troy aikman nfl football	Sports
SFC	true golf classics - pebble beach golf links	Sports
SFC	true golf classics - waialae country club	Sports
SFC	true golf classics - wicked 18	Sports
SFC	true lies	Shooter
SFC	trump island	Card
SFC	tsukikomori	Adventure
SFC	tsuri tarou	Hunting and Fishing
SFC	tsuppari oozumou - risshinshusse hen	Sports
SFC	tsuyoshi shikkari shinasai - taisen puzzle dama	Puzzle
SFC	turbo toons	Racing
SFC	tuff e nuff	Fighting
SFC	tuff e nuff ~ fighting spirit - tuff e nuff	Fighting
SFC	turf hero	Sports with Animals
SFC	turf memories	Sports with Animals
SFC	turn and burn - no-fly zone	Simulation
SFC	twinbee - rainbow bell adventure	Platform
SFC	u.f.o. kamen yakisoban - kettler no kuroi inbou	Beat'em Up
SFC	twisted tales of spike mcfang, the	Action
SFC	u.n. squadron	Action
SFC	uchuu no kishi - tekkaman blade	Shoot'em Up
SFC	uchuu race - astro go! go!	Racing
SFC	ultima - kyouryuu teikoku	Role-playing (RPG)
SFC	ultima - runes of virtue ii	Action
SFC	ultima - the black gate	Action
SFC	ultima - the false prophet	Role-playing (RPG)
SFC	ultima gaiden - kuro kishi no inbou	Action
SFC	ultima vi - itsuwari no yogensha	Role-playing (RPG)
SFC	ultima vii - the black gate	Action
SFC	ultimate fighter	Beat'em Up
SFC	ultimate football	Sports
SFC	ultimate mortal kombat 3	Action
SFC	ultra baseball jitsumei ban	Sports
SFC	ultra baseball jitsumei ban 2	Sports
SFC	ultra baseball jitsumei ban 3	Sports
SFC	ultra league - moero! soccer daikessen!!	Sports
SFC	ultra seven	Fighting
SFC	ultraman	Action
SFC	umi no nushi tsuri	Role-playing (RPG)
SFC	umihara kawase	Action
SFC	umizuri meijin - suzuki hen	Hunting and Fishing
SFC	uncharted waters	Adventure
SFC	undake 30 - same game daisakusen - mario version	Puzzle
SFC	undercover cops	Action
SFC	unholy night - the darkness hunter	Fighting
SFC	uniracers	Racing
SFC	unirally	Racing
SFC	universal soldier	Platform
SFC	untouchables, the	Shooter
SFC	urban strike	Shooter
SFC	usa ice hockey	Sports
SFC	ushio to tora	Platform
SFC	utopia	Simulation
SFC	utopia - the creation of a nation	Simulation
SFC	val d'isere championship	Sports
SFC	vegas stakes	Simulation
SFC	venom - spider-man - separation anxiety	Beat'em Up
SFC	verne world	Role-playing (RPG)
SFC	viking no daimeiwaku	Platform
SFC	virtual bart	Platform
SFC	virtual soccer	Sports
SFC	virtual wars	Action
SFC	volleyball twin	Sports
SFC	vortex	Racing
SFC	wacky races	Racing
SFC	vs. collection	Puzzle
SFC	wagyan paradise	Action
SFC	wakataka oozumou - yume no kyoudai taiketsu	Sports
SFC	wakuwaku ski wonder spur	Sports
SFC	wally o sagase! - ehon no kuni no daibouken	Puzzle
SFC	war 2410	Strategy
SFC	waratte iitomo! tamolympic	Casual Game
SFC	war 3010 - the revolution	Strategy
SFC	wario's woods	Puzzle
SFC	warlock	Adventure
SFC	warpspeed	Action
SFC	waterworld	Adventure
SFC	wayne gretzky and the nhlpa all-stars	Sports
SFC	wayne's world	Action
SFC	wcw super brawl wrestling	Sports
SFC	we're back! - a dinosaur's story	Action
SFC	weaponlord	Action
SFC	wedding peach	Casual Game
SFC	wheel of fortune	Quiz
SFC	wheel of fortune - deluxe edition	Quiz
SFC	where in the world is carmen sandiego	Adventure
SFC	where in time is carmen sandiego	Adventure
SFC	whirlo	Action
SFC	whizz	Action
SFC	wild guns	Shooter
SFC	wild snake	Puzzle
SFC	wild trax	Racing
SFC	wile e's revenge	Platform
SFC	williams arcade's greatest hits	Compilation
SFC	wing commander	Simulation
SFC	wing commander - the secret missions	Simulation
SFC	wings 2 - aces high	Simulation
SFC	winning post	Sports with Animals
SFC	winning post 2	Sports with Animals
SFC	winning post 2 - program '96	Sports with Animals
SFC	winter gold	Sports
SFC	winter olympic games - lillehammer '94	Sports
SFC	wizap! - ankoku no ou	Role-playing (RPG)
SFC	winter olympics - lillehammer '94	Sports
SFC	wizardry gaiden iv - taima no kodou	Role-playing (RPG)
SFC	wizard of oz, the	Platform
SFC	wizardry i-ii-iii - story of llylgamyn	Role-playing (RPG)
SFC	wizardry v - saika no chuushin	Role-playing (RPG)
SFC	wizardry v - heart of the maelstrom	Role-playing (RPG)
SFC	wizardry vi - kindan no mahitsu	Role-playing (RPG)
SFC	wolfchild	Action
SFC	wolfenstein 3-d	Shooter
SFC	wolfenstein 3d	Shooter
SFC	wolfenstein 3d - the claw of eisenfaust	Shooter
SFC	wolverine	Beat'em Up
SFC	wolverine - adamantium rage	Beat'em Up
SFC	wonder project j - kikai no shounen pino	Adventure
SFC	wordtris	Puzzle
SFC	wondrous magic	Role-playing (RPG)
SFC	world class rugby	Sports
SFC	world class rugby 2 - kokunai gekitou hen '93	Sports
SFC	world cup striker	Sports
SFC	world cup usa '94	Sports
SFC	world cup usa 94	Sports
SFC	world heroes	Action
SFC	world heroes 2	Action
SFC	world league basketball	Sports
SFC	world league soccer	Sports
SFC	world masters golf	Sports
SFC	world soccer	Sports
SFC	world soccer 94 - road to glory	Sports
SFC	worms	Action
SFC	wwf raw	Sports
SFC	wrecking crew '98	Puzzle
SFC	wwf royal rumble	Sports
SFC	wwf super wrestlemania	Sports
SFC	wwf wrestlemania - the arcade game	Sports
SFC	x zone	Action
SFC	x-kaliber 2097	Action
SFC	x-men - mutant apocalypse	Beat'em Up
SFC	x-men vs. street fighter	Fighting
SFC	xak - the art of visual stage	Action
SFC	xandra no daibouken - valkyrie to no deai	Action
SFC	xardion	Platform
SFC	yadamon - wonderland dreams	Adventure
SFC	yam yam	Action
SFC	yakouchuu	Adventure
SFC	yamaneko bubsy no daibouken	Platform
SFC	yogi bear	Platform
SFC	yogi bear's cartoon capers	Platform
SFC	yokoyama mitsuteru sangokushi	Strategy
SFC	yokoyama mitsuteru sangokushi 2	Strategy
SFC	yokozuna monogatari	Sports
SFC	yokoyama mitsuteru sangokushi bangi - sugoroku eiyuu-ki	Board
SFC	yoshi no cookie	Puzzle
SFC	yoshi no cookie - kuruppon oven de cookie	Puzzle
SFC	yoshi no road hunting	Adventure
SFC	yoshi's cookie	Puzzle
SFC	yoshi's safari	Adventure
SFC	youchien senki madara	Role-playing (RPG)
SFC	youkai buster - ruka no daibouken	Platform
SFC	young merlin	Action
SFC	ys iii - wanderers from ys	Role-playing (RPG)
SFC	ys iv - mask of the sun	Action
SFC	ys v - expert	Action
SFC	ys v - ushinawareta suna no miyako kefin	Action
SFC	yu yu hakusho	Fighting
SFC	yu yu hakusho 2 - kakutou no shou	Fighting
SFC	yu yu hakusho - tokubetsu hen	Fighting
SFC	yu yu hakusho final - makai saikyou retsuden	Fighting
SFC	yumemaboroshi no gotoku	Role-playing (RPG)
SFC	yuujin janjuu gakuen	Board
SFC	yuujin janjuu gakuen 2	Board
SFC	yuujin no furi furi girls	Board
SFC	yuuyu no quiz de go! go!	Quiz
SFC	zakuro no aji	Adventure
SFC	zaitaku touhyou system - spat4 cassette	Sports with Animals
SFC	zaitaku touhyou system - spat4-wide	Sports with Animals
SFC	zan ii spirits	Strategy
SFC	zan iii spirits	Strategy
SFC	zelda no densetsu - kamigami no triforce	Action
SFC	zen-nihon pro wres	Fighting
SFC	zen-nihon gt senshuken	Racing
SFC	zen-nihon pro wres - fight da pon!	Sports
SFC	zen-nihon pro wres 2 - 3-4 budoukan	Fighting
SFC	zen-nihon pro wres' - sekai saikyou tag	Fighting
SFC	zenkoku koukou soccer	Sports
SFC	zenkoku koukou soccer 2	Sports
SFC	zenkoku juudan ultra shinri game	Quiz
SFC	zero 4 champ rr	Racing
SFC	zero 4 champ rr-z	Racing
SFC	zero the kamikaze squirrel	Action
SFC	zico soccer	Sports
SFC	zig zag cat - dachou club mo oosawagi da	Action
SFC	zombies	Shooter
SFC	zombies ate my neighbors	Shooter
SFC	zool	Action
SFC	zool - ninja of the 'nth' dimension	Action
SFC	zool no yume bouken	Action
SFC	zoop	Puzzle
SFC	zootto mahjong!	Board
SMS	20 em 1	Action
SMS	3d gunner	Lightgun Shooter
SMS	4 pak all action	Compilation
SMS	94 super world cup soccer	Sports
SMS	94-nen super basketball	Sports
SMS	ace of aces	Simulation
SMS	action boy	Action
SMS	action fighter	Racing
SMS	addams family, the	Action
SMS	aerial assault	Action
SMS	after burner	Shooter
SMS	agigongnyong dooly	Shoot'em Up
SMS	air rescue	Action
SMS	aladdin	Platform
SMS	aleste	Action
SMS	alex kidd - high-tech world	Platform
SMS	alex kidd - the lost stars	Platform
SMS	alex kidd 3 - curse in miracle world	Platform
SMS	alex kidd in miracle world	Action
SMS	alex kidd in shinobi world	Action
SMS	alex kidd in miracle world 2	Platform
SMS	alex kidd no miracle world	Action
SMS	alex kido	Action
SMS	alf	Adventure
SMS	alibaba and 40 thieves	Action
SMS	alien 3	Platform
SMS	alien storm	Action
SMS	alien syndrome	Shooter
SMS	altered beast	Beat'em Up
SMS	american baseball	Sports
SMS	american pro football	Sports
SMS	andre agassi tennis	Sports
SMS	anmitsu hime	Platform
SMS	arcade smash hits	Compilation
SMS	argos no juujiken	Action
SMS	ariel - the little mermaid	Platform
SMS	ashura	Shooter
SMS	assault city	Action
SMS	asterix	Platform
SMS	asterix and the great rescue	Platform
SMS	asterix and the secret mission	Platform
SMS	astro adventure	Action
SMS	astro flash	Action
SMS	astro warrior	Action
SMS	astro warrior & pit pot	Compilation
SMS	aventuras da tv colosso, as	Action
SMS	ayrton senna's super monaco gp ii	Racing
SMS	aztec adventure	Action
SMS	back to the future part ii	Adventure
SMS	back to the future part iii	Adventure
SMS	baku baku	Puzzle
SMS	bank panic	Action
SMS	basketball nightmare	Sports
SMS	batman returns	Platform
SMS	battle out run	Racing
SMS	battle wings	Action
SMS	battlemaniacs	Beat'em Up
SMS	black belt	Action
SMS	blade eagle	Action
SMS	blade eagle 3-d	Action
SMS	bmx trial - alex kidd	Racing
SMS	bobble bobble	Action
SMS	bomber raid	Action
SMS	bonkers wax up!	Platform
SMS	bonanza bros.	Action
SMS	bram stoker's dracula	Action
SMS	bruce lee	Action
SMS	bubble bobble	Action
SMS	c_so!	Action
SMS	buggy run	Racing
SMS	california games ii	Sports
SMS	california games	Sports
SMS	captain silver	Action
SMS	casino games	Gambling
SMS	castelo ra-tim-bum	Adventure
SMS	castle of illusion starring mickey mouse	Action
SMS	champions of europe	Sports
SMS	championship hockey	Sports
SMS	chapolim x dracula - um duelo assustador	Action
SMS	cheese cat-astrophe starring speedy gonzales	Action
SMS	choplifter	Shoot'em Up
SMS	chouon senshi borgman	Action
SMS	chuck rock	Action
SMS	chuck rock ii - son of chuck	Platform
SMS	circuit, the	Simulation
SMS	cloud master	Action
SMS	columns	Puzzle
SMS	comical machine gun joe	Shooter
SMS	cool spot	Platform
SMS	cosmic spacehead	Adventure
SMS	cyber shinobi, the	Platform
SMS	cyborg hunter	Action
SMS	cyborg z	Shoot'em Up
SMS	daffy duck in hollywood	Platform
SMS	danan - the jungle fighter	Action
SMS	dallyeora pigu-wang	Sports
SMS	dead angle	Shooter
SMS	deep duck trouble starring donald duck	Platform
SMS	desert strike	Shooter
SMS	desert speedtrap starring road runner and wile e. coyote	Action
SMS	dick tracy	Action
SMS	dinosaur dooley, the	Shoot'em Up
SMS	dinobasher - starring bignose the caveman	Platform
SMS	doki doki penguin land - uchuu daibouken	Action
SMS	double dragon	Action
SMS	double hawk	Shooter
SMS	double target - cynthia no nemuri	Action
SMS	dr. hello	Puzzle
SMS	dr. robotnik's mean bean machine	Puzzle
SMS	dragon - the bruce lee story	Platform
SMS	dragon crystal	Role-playing (RPG)
SMS	dynamite dux	Beat'em Up
SMS	dynamite duke	Action
SMS	dynamite headdy	Action
SMS	e-swat	Platform
SMS	e.i. - exa innova	Shoot'em Up
SMS	eagles 5	Shoot'em Up
SMS	earthworm jim	Action
SMS	ecco - the tides of time	Adventure
SMS	ecco the dolphin	Action
SMS	enduro racer	Racing
SMS	excellent dizzy collection, the	Compilation
SMS	f-1 spirit - the way to formula-1	Racing
SMS	f-16 fighter	Simulation
SMS	f-16 fighting falcon	Simulation
SMS	f1	Sports
SMS	fa tetris	Puzzle
SMS	family games	Sports
SMS	fantastic dizzy	Platform
SMS	fantasy zone	Action
SMS	fantasy zone - the maze	Action
SMS	fantasy zone ii	Action
SMS	fantasy zone ii - opa-opa no namida	Action
SMS	ferias frustradas do pica pau	Action
SMS	fifa international soccer	Sports
SMS	fire & forget ii	Racing
SMS	final bubble bobble	Action
SMS	fire & ice	Platform
SMS	flash, the	Platform
SMS	flashpoint	Puzzle
SMS	flintstones, the	Action
SMS	forgotten worlds	Shoot'em Up
SMS	fushigi no oshiro pit pot	Action
SMS	g-loc air battle	Simulation
SMS	gaegujangi ggachi	Platform
SMS	gain ground	Strategy
SMS	galactic protector	Action
SMS	galaxian	Shoot'em Up
SMS	galaxy force	Shooter
SMS	game box serie esportes radicais	Sports
SMS	gangcheol robocop	Action
SMS	gangster town	Action
SMS	gauntlet	Action
SMS	george foreman's ko boxing	Sports
SMS	geraldinho	Platform
SMS	ghost house	Action
SMS	ghostbusters	Action
SMS	ghouls'n ghosts	Platform
SMS	global defense	Action
SMS	global gladiators	Action
SMS	gokuaku doumei dump matsumoto	Sports
SMS	golden axe	Beat'em Up
SMS	golfamania	Sports
SMS	golden axe warrior	Role-playing (RPG)
SMS	golvellius - valley of doom	Adventure
SMS	gp rider	Racing
SMS	great baseball	Sports
SMS	great basketball	Sports
SMS	great football	Sports
SMS	great golf	Sports
SMS	great ice hockey	Sports
SMS	great soccer	Sports
SMS	great tennis	Sports
SMS	great volleyball	Sports
SMS	gun.smoke	Shoot'em Up
SMS	haja no fuuin	Role-playing (RPG)
SMS	hang on	Racing
SMS	hang on & astro warrior	Racing
SMS	hang on & safari hunt	Racing
SMS	heavyweight champ	Sports
SMS	heroes of the lance	Role-playing (RPG)
SMS	high school! kimengumi	Adventure
SMS	hokuto no ken	Action
SMS	home alone	Platform
SMS	hong kil dong	Shoot'em Up
SMS	hook	Platform
SMS	hoshi wo sagashite...	Adventure
SMS	hwarang-ui geom	Platform
SMS	impossible mission	Action
SMS	incredible hulk, the	Platform
SMS	incredible crash dummies, the	Action
SMS	indiana jones and the last crusade	Platform
SMS	james 'buster' douglas knockout boxing	Sports
SMS	james bond 007 - the duel	Platform
SMS	james pond 2 - codename robocod	Platform
SMS	jang pung 3	Fighting
SMS	janggun-ui adeul	Action
SMS	jogos de verao ii	Sports
SMS	joe montana football	Sports
SMS	jungle book, the	Platform
SMS	jurassic park	Platform
SMS	kenseiden	Platform
SMS	king & balloon	Shoot'em Up
SMS	king's quest - quest for the crown	Adventure
SMS	knightmare ii - the maze of galious	Action
SMS	klax	Strategy
SMS	krusty's fun house	Puzzle
SMS	kujaku ou	Adventure
SMS	kung fu kid	Action
SMS	laser ghost	Action
SMS	land of illusion starring mickey mouse	Platform
SMS	legend of illusion starring mickey mouse	Action
SMS	lemmings	Strategy
SMS	lemmings 2 - the tribes	Puzzle
SMS	line of fire	Shoot'em Up
SMS	lion king, the	Platform
SMS	lord of sword	Action
SMS	lord of the sword	Action
SMS	loretta no shouzou - sherlock holmes	Adventure
SMS	lucky dime caper starring donald duck, the	Platform
SMS	makai retsuden	Action
SMS	maou golvellius	Adventure
SMS	mahjong sengoku jidai	Board
SMS	marble madness	Action
SMS	marksman shooting & trap shooting	Compilation
SMS	marksman shooting & trap shooting & safari hunt	Lightgun Shooter
SMS	masters of combat	Fighting
SMS	master of darkness	Platform
SMS	maze hunter 3-d	Action
SMS	maze walker	Action
SMS	megumi rescue	Action
SMS	mercs	Shooter
SMS	michael jackson's moonwalker	Action
SMS	mickey's ultimate challenge	Strategy
SMS	micro machines	Racing
SMS	micro xevious, the	Action
SMS	missile defense 3-d	Lightgun Shooter
SMS	miracle warriors - seal of the dark lord	Role-playing (RPG)
SMS	monica no castelo do dragao	Action
SMS	monopoly	Board
SMS	montezuma's revenge - featuring panama joe	Action
SMS	mopiranger	Action
SMS	mortal kombat	Action
SMS	mortal kombat 3	Fighting
SMS	mortal kombat ii	Action
SMS	ms. pac-man	Action
SMS	my hero	Action
SMS	nekkyuu koushien	Sports
SMS	nemesis	Shoot'em Up
SMS	nemesis 2	Shoot'em Up
SMS	new boggle boggle 2	Action
SMS	newzealand story, the	Action
SMS	ninja	Shooter
SMS	nba jam	Sports
SMS	ninja gaiden	Platform
SMS	ninja, the	Shooter
SMS	olympic gold	Sports
SMS	opa opa	Action
SMS	operation wolf	Action
SMS	ottifants, the	Platform
SMS	outrun	Racing
SMS	outrun 3-d	Racing
SMS	outrun europa	Racing
SMS	pac-mania	Action
SMS	paper boy	Sports
SMS	paperboy	Sports
SMS	parlour games	Sports
SMS	pat riley basketball	Sports
SMS	penguin adventure	Action
SMS	penguin land	Action
SMS	pga tour golf	Sports
SMS	phantasy star	Action
SMS	pit-fighter	Fighting
SMS	pooyan	Shooter
SMS	populous	Strategy
SMS	poseidon wars 3-d	Simulation
SMS	power boggle boggle	Action
SMS	power strike	Action
SMS	power strike ii	Shoot'em Up
SMS	ppang gongjang	Action
SMS	predator 2	Shooter
SMS	prince of persia	Action
SMS	pro wrestling	Sports
SMS	pro yakyuu, the - pennant race	Sports
SMS	promocao especial m. system iii compact	Strategy
SMS	psychic world	Action
SMS	psycho fox	Platform
SMS	putt & putter	Sports
SMS	puzzle game	Puzzle
SMS	quartet	Action
SMS	quest for the shaven yak starring ren hoek & stimpy	Platform
SMS	r-type	Action
SMS	r.c. grand prix	Racing
SMS	rainbow islands	Action
SMS	rambo - first blood part ii	Shooter
SMS	rambo iii	Action
SMS	rampage	Action
SMS	rampart	Strategy
SMS	rastan	Action
SMS	reggie jackson baseball	Sports
SMS	rescue mission	Action
SMS	renegade	Beat'em Up
SMS	road fighter	Racing
SMS	road rash	Racing
SMS	robocop 3	Platform
SMS	robocop versus the terminator	Platform
SMS	rocky	Sports
SMS	sagaia	Shoot'em Up
SMS	sagak-ui bimil	Shoot'em Up
SMS	running battle	Beat'em Up
SMS	samgukji 3	Fighting
SMS	sapo xule - s.o.s. lagoa poluida	Action
SMS	schtroumpfs autour du monde, les	Platform
SMS	sapo xule vs. os invasores do brejo	Platform
SMS	satellite 7	Shoot'em Up
SMS	sapo xule - o mestre do kung fu	Action
SMS	scramble spirits	Shoot'em Up
SMS	secret command	Shooter
SMS	sdi	Action
SMS	sega chess	Board
SMS	sega world tournament golf	Sports
SMS	seishun scandal	Action
SMS	sensible soccer	Sports
SMS	shadow dancer	Action
SMS	shadow dancer - the secret of shinobi	Action
SMS	shadow of the beast	Action
SMS	shanghai	Board
SMS	shangwei mingling	Shooter
SMS	shinobi	Action
SMS	shooting gallery	Lightgun Shooter
SMS	simpsons, the - bart vs. the space mutants	Platform
SMS	sitio do picapau amarelo	Action
SMS	simpsons, the - bart vs. the world	Platform
SMS	sky fighter	Shoot'em Up
SMS	sky jaguar	Shoot'em Up
SMS	slap shoot	Sports
SMS	slap shot	Sports
SMS	solomon no kagi - oujo rihita no namida	Strategy
SMS	smurfs, the	Platform
SMS	sonic chaos	Platform
SMS	sonic blast	Action
SMS	sonic spinball	Pinball
SMS	sonic the hedgehog 2	Action
SMS	sonic the hedgehog	Action
SMS	sonic's edusoft	Educational
SMS	space harrier	Shooter
SMS	space gun	Action
SMS	space harrier 3-d	Shooter
SMS	space harrier 3d	Shooter
SMS	special criminal investigation	Racing
SMS	speedball	Sports
SMS	speedball 2	Sports
SMS	spellcaster	Adventure
SMS	spider-man	Action
SMS	spider-man - return of the sinister six	Action
SMS	sports pad football	Sports
SMS	sports pad soccer	Sports
SMS	spy vs spy	Strategy
SMS	street master	Fighting
SMS	street fighter ii'	Fighting
SMS	star wars	Platform
SMS	streets of rage ii	Action
SMS	streets of rage	Beat'em Up
SMS	strider	Action
SMS	strider ii	Platform
SMS	submarine attack	Action
SMS	strider, the	Action
SMS	sukeban deka ii - shoujo tekkamen densetsu	Action
SMS	summer games	Sports
SMS	super arkanoid	Puzzle
SMS	super boy 4	Action
SMS	super boy ii	Action
SMS	super bubble bobble	Action
SMS	super boy iii	Action
SMS	super basketball	Sports
SMS	super futebol ii	Sports
SMS	super monaco gp	Racing
SMS	super golf	Sports
SMS	super kick off	Sports
SMS	super off road	Racing
SMS	super racing	Racing
SMS	super smash t.v.	Shoot'em Up
SMS	super space invaders	Shooter
SMS	super tennis	Sports
SMS	super wonder boy - monster world	Adventure
SMS	super tetris	Puzzle
SMS	taito chase h.q.	Racing
SMS	superman - the man of steel	Platform
SMS	t2 - the arcade game	Lightgun Shooter
SMS	taz in escape from mars	Action
SMS	taz-mania	Action
SMS	tecmo world cup '93	Sports
SMS	tecmo world cup '92	Sports
SMS	teddy boy	Platform
SMS	teddy boy blues	Platform
SMS	tennis ace	Sports
SMS	tensai bakabon	Action
SMS	terminator, the	Platform
SMS	three dragon story, the	Action
SMS	terminator 2 - judgment day	Platform
SMS	thunder blade	Shoot'em Up
SMS	tom and jerry - the movie	Platform
SMS	time soldiers	Action
SMS	tom & jerry	Platform
SMS	toto world 3	Platform
SMS	transbot	Action
SMS	turma da monica em o resgate	Role-playing (RPG)
SMS	trivial pursuit - genus edition	Strategy
SMS	ultima iv - quest of the avatar	Role-playing (RPG)
SMS	ttoriui moheom	Action
SMS	ultimate soccer	Sports
SMS	vampire	Platform
SMS	virtua fighter animation	Fighting
SMS	vigilante	Action
SMS	wanted	Action
SMS	walter payton football	Sports
SMS	where in the world is carmen sandiego	Adventure
SMS	wimbledon	Sports
SMS	wimbledon ii	Sports
SMS	winter olympics	Sports
SMS	wolfchild	Action
SMS	wonder boy	Platform
SMS	wonder boy iii - the dragon's trap	Platform
SMS	wonder boy in monster land	Platform
SMS	wonder boy in monster world	Adventure
SMS	woody pop - shinjinrui no block kuzushi	Puzzle
SMS	world class leaderboard	Sports
SMS	world cup italia '90	Sports
SMS	world games	Sports
SMS	world cup usa 94	Sports
SMS	world grand prix	Simulation
SMS	world soccer	Sports
SMS	wwf wrestlemania - steel cage challenge	Sports
SMS	x-men - mojo world	Platform
SMS	xenon 2 - megablast	Shoot'em Up
SMS	ys	Role-playing (RPG)
SMS	ys - the vanished omens	Role-playing (RPG)
SMS	yuyryeong-ui jip	Action
SMS	zaxxon 3-d	Shoot'em Up
SMS	zillion	Action
SMS	zool - ninja of the 'nth' dimension	Platform
SMS	zillion ii - the tri formation	Platform
