id,filename,slug,dup_size,title,desc,ctrl_line,winlose_line,lines,mechanic_tag,theme_tag,mech_guess,mech_confidence,mech_source,max_time,needed,nerf_count,finish_delay_ms,distinct_se,se_list,bgm_list,uses_melody,uses_tone,uses_feedback,fx_list,uses_sprite,uses_gradient,uses_best,uses_press_move,uses_touches,uses_input,how_to_play,text_literals,longest_literal,jp_in_literals,fake_hiscore,worldview,style_pack,has_scanlines,has_snap,has_timebar,has_coin,has_attract,score_total,score_breakdown,validation_errors,top_hints
4,004-shooting-star.js,shooting-star,1,流れ星タップ,消える前につかまえる緊張感,流れ星をタップ,1回キャッチ  失敗: 12秒以内にキャッチできず,195,,,aim_shoot,high,override,12,1,1,1800,3,se_failure se_success se_tap,bgm_main,false,false,false,,false,false,false,false,false,false,TAP THE STAR,13,16,true,true,,,true,true,true,true,true,71,20/10/15/6/15/5,0,game.feedback.good/bad で行動の正否を提示する; キャラ/モチーフを game.draw.sprite で描く; 背景に game.draw.gradient を使う(黒一色回避)
5,005-balance-tilt.js,balance-tilt,1,天秤バランス,傾く天秤を左右タップで水平に保つ緊張感,傾いた側と逆をタップして重さを足す,5秒間倒れずに生き延びる  失敗: 傾きが限界を超える,162,,,balance,high,override,5,,1,1800,3,se_failure se_success se_tap,bgm_main,false,false,false,,false,false,false,false,false,false,TAP THE RAISED SIDE,13,19,true,false,,,true,true,true,true,true,69,20/10/15/9/10/5,0,game.feedback.good/bad で行動の正否を提示する; キャラ/モチーフを game.draw.sprite で描く; 背景に game.draw.gradient を使う(黒一色回避)
6,006-bubble-pop.js,bubble-pop,8,バブルポップ,水面に達する前に弾ける気持ちよさ,泡をタップして弾く,1個弾く  失敗: 1個でも水面に届く or 15秒,224,,,aim_shoot,high,override,15,1,2,1800,3,se_failure se_success se_tap,bgm_main,false,false,false,,false,false,false,false,false,false,TAP BUBBLES BEFORE THEY SURFACE,13,31,true,true,,,true,true,true,true,true,71,20/10/15/6/15/5,0,game.feedback.good/bad で行動の正否を提示する; キャラ/モチーフを game.draw.sprite で描く; 背景に game.draw.gradient を使う(黒一色回避)
7,007-shadow-drop.js,shadow-drop,1,シャドウドロップ,影にぴったり重なったらタップ！精度の達成感,落ちてくるブロックが影と重なったらタップ,1回ぴったり合わせる  失敗: 3ミス or 20秒,175,,,timing_one_shot,high,override,20,1,2,1800,3,se_failure se_success se_tap,bgm_main,false,false,false,,false,false,false,false,false,false,TAP WHEN ALIGNED,15,16,true,false,工場のプレス成形ライン。落ちる部材を型(影)にぴたりと重ねる。,,true,true,true,true,true,74,20/10/15/9/15/5,0,game.feedback.good/bad で行動の正否を提示する; キャラ/モチーフを game.draw.sprite で描く; 背景に game.draw.gradient を使う(黒一色回避)
8,008-pulse-tap.js,pulse-tap,1,心拍タップ,脈打つリズムの頂点でタップする心地よさ,円が最大に膨らんだ瞬間にタップ,1回正確にタップ  失敗: タイミングを外しすぎると×（3回）,153,,,timing_one_shot,high,override,25,1,1,1800,3,se_failure se_success se_tap,bgm_main,false,false,false,,false,false,false,false,false,false,TAP AT THE PEAK,15,16,true,false,,,true,true,true,true,true,74,20/10/15/9/15/5,0,game.feedback.good/bad で行動の正否を提示する; キャラ/モチーフを game.draw.sprite で描く; 背景に game.draw.gradient を使う(黒一色回避)
9,009-gravity-flip.js,gravity-flip,12,重力反転,タップで上下を逆転させて壁をすり抜ける驚き,タップで重力を反転,1つのゲートをくぐり抜ける  失敗: 壁に当たる,170,,,camera_run,high,override,,1,2,1500,3,se_failure se_success se_tap,bgm_main,false,false,false,,false,false,false,false,false,false,TAP TO FLIP GRAVITY,13,19,true,false,,,true,true,false,true,true,64,20/10/10/9/10/5,0,game.feedback.good/bad で行動の正否を提示する; キャラ/モチーフを game.draw.sprite で描く; 背景に game.draw.gradient を使う(黒一色回避)
10,010-crack-seal.js,crack-seal,1,ひびわれ封じ,じわじわ広がるひびを塞ぐ焦燥感,ひびの中心をタップして封じる,5秒耐える  失敗: ひびが端まで広がる,186,,,chase,high,override,5,,1,1800,3,se_failure se_success se_tap,bgm_main,false,false,false,,false,false,false,false,false,false,TAP CRACKS TO SEAL,14,18,true,false,水圧がかかるダムの壁。広がるひびを塞いで決壊を防ぐ。,,true,true,true,true,true,69,20/10/15/9/10/5,0,game.feedback.good/bad で行動の正否を提示する; キャラ/モチーフを game.draw.sprite で描く; 背景に game.draw.gradient を使う(黒一色回避)
11,011-pendulum-strike.js,pendulum-strike,1,振り子ストライク,ちょうど真下に来た瞬間を狙う快感,振り子が中央ゾーンにいる間にタップ,1回ヒット  失敗: 3回ミス or 20秒,161,,,timing_one_shot,high,override,20,1,2,1800,3,se_failure se_success se_tap,bgm_main,false,false,false,,false,false,false,false,false,false,TAP AT THE CENTER,14,17,true,false,,,true,true,true,true,true,74,20/10/15/9/15/5,0,game.feedback.good/bad で行動の正否を提示する; キャラ/モチーフを game.draw.sprite で描く; 背景に game.draw.gradient を使う(黒一色回避)
12,012-flash-recall.js,flash-recall,1,一瞬の記憶,チカッと光った場所を覚えて再現する挑戦,光ったマスをタップして再現,1ラウンド完璧に  失敗: 1つ間違える or 20秒,197,,,memory_sequence,high,override,20,1,3,1800,3,se_failure se_success se_tap,bgm_main,false,false,false,,false,false,false,false,false,false,REPEAT THE FLASH,29,16,true,false,ハッキング端末。点灯したメモリセルの並びを記憶して再入力する。,,true,true,true,true,true,74,20/10/15/9/15/5,0,game.feedback.good/bad で行動の正否を提示する; キャラ/モチーフを game.draw.sprite で描く; 背景に game.draw.gradient を使う(黒一色回避)
13,013-fill-stop.js,fill-stop,1,注ぎ止め,こぼれる寸前で止める最後の一秒,画面をタップして液体を止める（適切な量で止めると成功）,1回ちょうどよい量で止める  失敗: こぼれる or 空で止める,164,,,timing_one_shot,high,override,25,1,2,1800,3,se_failure se_success se_tap,bgm_main,false,false,false,,false,false,false,false,false,false,TAP TO STOP IN THE ZONE,28,23,true,false,酒場のバーカウンター。グラスをちょうど良い量で注ぎ止める。,,true,true,true,true,true,74,20/10/15/9/15/5,0,game.feedback.good/bad で行動の正否を提示する; キャラ/モチーフを game.draw.sprite で描く; 背景に game.draw.gradient を使う(黒一色回避)
14,014-neon-sweep.js,neon-sweep,1,ネオンスウィープ,光の帯がゾーンを通る瞬間を狙う爽快感,光の帯がターゲットゾーンにいる間にタップ,1回ヒット  失敗: 3回ミス or 18秒,153,,,timing_window,high,override,18,1,2,1800,3,se_failure se_success se_tap,bgm_main,false,false,false,,false,false,false,false,false,false,TAP WHEN BEAM IS IN ZONE,15,24,true,false,金庫のセキュリティ。走査ビームがゾーンに重なった瞬間にロック解除。,,true,true,true,true,true,74,20/10/15/9/15/5,0,game.feedback.good/bad で行動の正否を提示する; キャラ/モチーフを game.draw.sprite で描く; 背景に game.draw.gradient を使う(黒一色回避)
15,015-magnet-escape.js,magnet-escape,1,磁石逃亡,引き寄せる力に逆らいながら脱出する緊張感,スワイプで4方向に移動,5秒間磁石に吸い込まれずに生き延びる  失敗: 磁石に触れる,170,,,dodge,high,override,5,,2,1800,3,se_failure se_success se_tap,bgm_main,false,false,false,,false,false,false,false,false,false,SWIPE TO DODGE,17,16,true,false,,,true,true,true,true,true,69,20/10/15/9/10/5,0,game.feedback.good/bad で行動の正否を提示する; キャラ/モチーフを game.draw.sprite で描く; 背景に game.draw.gradient を使う(黒一色回避)
16,016-mirror-swipe.js,mirror-swipe,1,鏡スワイプ,左右が逆転した世界で正しく動く認知の混乱,表示と反対方向にスワイプ（左矢印→右スワイプ）,1問正解  失敗: 3ミス or 18秒,144,,,swipe_direction,high,override,18,1,1,1800,3,se_failure se_success se_tap,bgm_main,false,false,false,,false,false,false,false,false,false,SWIPE THE OPPOSITE WAY,23,22,true,false,左右反転した鏡の異次元。鏡像に惑わされず逆方向へスワイプする。,,true,true,true,true,true,69,20/10/15/9/10/5,0,game.feedback.good/bad で行動の正否を提示する; キャラ/モチーフを game.draw.sprite で描く; 背景に game.draw.gradient を使う(黒一色回避)
17,017-countdown-stop.js,countdown-stop,2,カウントダウン止め,起爆カウンタが「01」になる刹那に赤線を断つ一発勝負,カウンタが 1 の瞬間にタップ,制限時間内に 4 本断つ  失敗: 時間切れ,249,timing_one_shot,custom,timing_one_shot,high,override,10,4,0,1600,5,se_coin se_failure se_milestone se_success se_tap,,true,false,true,flash,true,true,true,false,false,false,,61,15,true,false,爆弾処理班員が、起爆カウンタが01になる刹那に導線を断って解体する,80s NEON,true,false,false,true,true,95,25/20/15/15/15/5,0,
18,018-wire-trace.js,wire-trace,1,ワイヤートレース,震える手でケーブルをなぞる外科医の集中力,スワイプで上下左右に進み、ワイヤーのルートに沿って進む,終点まで到達  失敗: ワイヤーから外れる or 20秒,175,,,trace,high,override,20,,1,1800,3,se_failure se_success se_tap,bgm_main,false,false,false,,false,false,false,false,false,false,SWIPE ALONG THE WIRE,19,20,true,false,爆弾の配線をたどる解体作業。回路を正しくなぞって起爆を止める。,,true,true,true,true,true,69,20/10/15/9/10/5,0,game.feedback.good/bad で行動の正否を提示する; キャラ/モチーフを game.draw.sprite で描く; 背景に game.draw.gradient を使う(黒一色回避)
19,019-stack-tower.js,stack-tower,4,ブロック積み上げ,ズレるたびに細くなるブロックを積む職人の集中,タップで落下中のブロックを止める,1段積む  失敗: ブロックが完全にズレる or 30秒,166,,,stack,high,override,30,1,1,1800,3,se_failure se_success se_tap,bgm_main,false,false,false,,false,false,false,false,false,false,TAP TO DROP THE BLOCK,17,21,true,false,高層ビルの建設現場。クレーンで鉄骨を吊り、ずれなく積み上げる。,,true,true,true,true,true,69,20/10/15/9/10/5,0,game.feedback.good/bad で行動の正否を提示する; キャラ/モチーフを game.draw.sprite で描く; 背景に game.draw.gradient を使う(黒一色回避)
20,020-echo-tap.js,echo-tap,3,エコータップ,響いたリズムを完璧に返す音楽の快感,光ったリズムパターンをタップで再現,1パターン完璧に  失敗: 間違い or 25秒,183,,,memory_sequence,high,override,25,1,3,1800,3,se_failure se_success se_tap,bgm_main,false,false,false,,false,false,false,false,false,false,REPEAT THE LIGHT PATTERN,27,24,true,false,リズムマシン/ドラムパッド機材。光ったパッドの順をなぞる。,,true,false,true,true,true,74,20/10/15/9/15/5,0,game.feedback.good/bad で行動の正否を提示する; キャラ/モチーフを game.draw.sprite で描く; 背景に game.draw.gradient を使う(黒一色回避)
21,021-coin-spin.js,coin-spin,2,コインスピン,倒れそうなコインが止まる瞬間を見極める賭け,コインが表を向いた瞬間にタップ,1回表で止める  失敗: 裏で止める3回 or 15秒,142,,,timing_one_shot,high,override,15,1,1,1800,3,se_failure se_success se_tap,bgm_main,false,false,false,,false,false,false,false,false,false,TAP ON HEADS,17,16,true,false,,,true,true,true,true,true,69,20/10/15/9/10/5,0,game.feedback.good/bad で行動の正否を提示する; キャラ/モチーフを game.draw.sprite で描く; 背景に game.draw.gradient を使う(黒一色回避)
22,022-drift-lane.js,drift-lane,1,ドリフトレーン,ドリフトしながらカーブを抜けるコントロールの快感,スワイプ左右で車線変更しながら障害物を避ける,5秒完走  失敗: 障害物に衝突,173,,,dodge,high,override,5,,2,1500,3,se_failure se_success se_tap,bgm_main,false,false,false,,false,false,false,false,false,false,SWIPE TO CHANGE LANES,15,21,true,false,,,true,true,true,true,true,69,20/10/15/9/10/5,0,game.feedback.good/bad で行動の正否を提示する; キャラ/モチーフを game.draw.sprite で描く; 背景に game.draw.gradient を使う(黒一色回避)
23,023-freeze-frame.js,freeze-frame,3,フリーズフレーム,激しく動く的を「今だ！」の瞬間に止める写真家の目,タップでシャッターを切る（的が中央の枠に入った瞬間）,1枚完璧に撮影  失敗: 3枚ブレる or 18秒,162,,,timing_one_shot,high,override,18,1,1,1800,3,se_failure se_success se_tap,bgm_main,false,false,false,,false,false,false,false,false,false,TAP WHEN IN FRAME,16,17,true,false,,,true,true,true,true,true,69,20/10/15/9/10/5,0,game.feedback.good/bad で行動の正否を提示する; キャラ/モチーフを game.draw.sprite で描く; 背景に game.draw.gradient を使う(黒一色回避)
24,024-voltage-surge.js,voltage-surge,5,ボルテージサージ,電力過負荷寸前の綱渡り、上げすぎたら終わり,タップでパワーを追加、過負荷になる前に止める,許容範囲内で2秒キープ  失敗: 過負荷 or 電力不足 or 20秒,180,,,count_exact,high,override,20,,2,1800,3,se_failure se_success se_tap,bgm_main,false,false,false,,false,false,false,false,false,false,TAP TO CHARGE / HOLD IN OK ZONE,18,31,true,false,原子炉制御室。プレイヤーは炉心出力を「安定ゾーン」に保つ運転員。,,true,true,true,true,true,64,20/10/15/9/5/5,0,game.feedback.good/bad で行動の正否を提示する; キャラ/モチーフを game.draw.sprite で描く; 背景に game.draw.gradient を使う(黒一色回避)
25,025-orbit-catch.js,orbit-catch,7,軌道キャッチ,重力圏を周回する隕石を正確なタイミングで捕獲する,タップで発射口から捕獲ビームを出す,軌道上の隕石を1個捕獲  失敗: 3回ミス or 20秒,192,,,timing_one_shot,high,override,20,1,2,1800,3,se_failure se_success se_tap,bgm_main,false,false,false,,false,false,false,false,false,false,TAP A METEOR TO CATCH,15,21,true,false,,,true,true,true,true,true,69,20/10/15/9/10/5,0,game.feedback.good/bad で行動の正否を提示する; キャラ/モチーフを game.draw.sprite で描く; 背景に game.draw.gradient を使う(黒一色回避)
26,026-squeeze-time.js,squeeze-time,1,スクイーズタイム,ホールドで時間を遅くして絶妙なタイミングを作る,長押しで「スローモーション」、離すと通常速度に戻る,落下するボールをスロー中に的へ1回落とす  失敗: 3回外す or 20秒,156,,,hold_charge,high,override,20,1,2,1800,3,se_failure se_success se_tap,bgm_main,false,false,false,,false,false,false,false,false,false,HOLD = SLOW / RELEASE = NORMAL,16,30,true,false,,,true,true,true,true,true,62,13/10/15/9/10/5,0,game.feedback.good/bad で行動の正否を提示する; 全入力ハンドラで即時フィードバック(feedback/fx/audio)を返す; キャラ/モチーフを game.draw.sprite で描く
27,027-tile-flip.js,tile-flip,8,タイルフリップ,裏返したタイルが全部同じ色になる瞬間の達成感,タップでタイルを反転（隣接タイルも連動）,全タイルを同じ色に揃える  失敗: 30秒,151,,,judge,high,override,30,,2,1800,3,se_failure se_success se_tap,bgm_main,false,false,false,,false,false,false,false,false,false,TAP TO FLIP (NEIGHBORS TOO),14,27,true,false,古代の魔法パネル。ルーンを反転させて全石を同色に揃え封印を解く。,,true,false,true,true,true,69,20/10/15/9/10/5,0,game.feedback.good/bad で行動の正否を提示する; キャラ/モチーフを game.draw.sprite で描く; 背景に game.draw.gradient を使う(黒一色回避)
28,028-chain-burst.js,chain-burst,1,チェーンバースト,連鎖爆発の気持ちよさ、最大コンボを狙え,タップで爆弾を起動、爆発が他の爆弾を誘爆する,1回のタップで1個以上の爆弾を連鎖爆発させる  失敗: 3回チャレンジ全敗,171,,,timing_one_shot,high,override,,1,2,1500,3,se_failure se_success se_tap,bgm_main,false,false,false,,false,false,false,false,false,false,TAP A BOMB TO IGNITE,23,20,true,false,,,true,true,false,true,true,70,20/10/15/5/15/5,0,game.feedback.good/bad で行動の正否を提示する; キャラ/モチーフを game.draw.sprite で描く; 背景に game.draw.gradient を使う(黒一色回避)
29,029-pixel-paint.js,pixel-paint,7,ピクセルペイント,お題のシルエットを素早くなぞり塗る爽快感,スワイプで色を塗り広げる（上下左右に一マスずつ）,目標の30%以上を塗る  失敗: 20秒 or 間違いセル5個,165,,,trace,high,override,20,,2,1800,3,se_failure se_success se_tap,bgm_main,false,false,false,,false,false,false,false,false,false,SWIPE TO PAINT THE SHAPE,18,24,true,false,ドット絵職人のキャンバス。お題のシルエットをなぞって描き上げる。,,true,true,true,true,true,69,20/10/15/9/10/5,0,game.feedback.good/bad で行動の正否を提示する; キャラ/モチーフを game.draw.sprite で描く; 背景に game.draw.gradient を使う(黒一色回避)
30,030-ice-slide.js,ice-slide,7,氷上スライド,止まれない氷の上でゴールを目指す爽快なパズル,スワイプで方向指定（壁にぶつかるまで滑り続ける）,ゴールに到達  失敗: 穴に落ちる or 20秒,187,,,guide_path,high,override,20,,2,1800,3,se_failure se_success se_tap,bgm_main,false,false,false,,false,false,false,false,false,false,SWIPE TO SLIDE TO GOAL,17,22,true,false,,,true,true,true,true,true,57,13/10/15/9/5/5,0,game.feedback.good/bad で行動の正否を提示する; 全入力ハンドラで即時フィードバック(feedback/fx/audio)を返す; キャラ/モチーフを game.draw.sprite で描く
31,031-typebeat.js,typebeat,1,タイプビート,流れてくる音符を方向スワイプで叩く音楽の快感,音符の矢印方向にスワイプ（ヒットゾーンに来た瞬間に）,2個ヒット  失敗: 4回ミス or 20秒,165,,,rhythm,high,override,20,2,2,1800,3,se_failure se_success se_tap,bgm_main,false,false,false,,false,false,false,false,false,false,SWIPE THE ARROW DIRECTION,17,25,true,false,,,true,true,true,true,true,67,13/10/15/9/15/5,0,game.feedback.good/bad で行動の正否を提示する; 全入力ハンドラで即時フィードバック(feedback/fx/audio)を返す; キャラ/モチーフを game.draw.sprite で描く
32,032-quickdraw.js,quickdraw,2,クイックドロー,「今だ！」の瞬間に最速でタップする反射神経,「DRAW!」が出た瞬間にタップ（早すぎも失敗）,0.5秒以内に1回反応  失敗: 0.5秒超過 or 早打ち3回 or 20秒,143,,,reaction_duel,high,override,20,1,1,1800,3,se_failure se_success se_tap,bgm_main,false,false,false,,false,false,false,false,false,false,"TAP WHEN ""DRAW!"" APPEARS",30,24,true,false,,,true,true,true,true,true,74,20/10/15/9/15/5,0,game.feedback.good/bad で行動の正否を提示する; キャラ/モチーフを game.draw.sprite で描く; 背景に game.draw.gradient を使う(黒一色回避)
33,033-number-sort.js,number-sort,1,ナンバーソート,散らばった数字を素早く昇順でタップする頭の体操,数字を1→2→3…と順番にタップ,1〜3を全部正順でタップ  失敗: 間違えた瞬間 or 30秒,155,,,spot,high,override,30,,2,1800,3,se_failure se_success se_tap,bgm_main,false,false,false,,false,false,false,false,false,false,TAP 1-2-3 IN ORDER,13,18,true,false,管制室のキーパッド。1→2→3 と順に押して認証する。,,true,true,true,true,true,74,20/10/15/9/15/5,0,game.feedback.good/bad で行動の正否を提示する; キャラ/モチーフを game.draw.sprite で描く; 背景に game.draw.gradient を使う(黒一色回避)
34,034-safe-crack.js,safe-crack,2,金庫破り,コチコチ回る回転式ダイヤルを耳で感じる緊張感,スワイプ右で時計回り、左で反時計回りに回す,1つの秘密の数字に合わせる  失敗: 30秒,185,,,rotate_gesture,high,override,30,,2,1500,3,se_failure se_success se_tap,bgm_main,false,false,false,,false,false,false,false,false,false,SWIPE TO TURN THE DIAL,18,22,true,false,銀行の大型金庫の扉。ダイヤルを合わせて閂(かんぬき)を外し開錠する。,,true,true,true,true,true,62,13/10/15/9/10/5,0,game.feedback.good/bad で行動の正否を提示する; 全入力ハンドラで即時フィードバック(feedback/fx/audio)を返す; キャラ/モチーフを game.draw.sprite で描く
35,035-thermal-rise.js,thermal-rise,1,サーマルライズ,上昇気流に乗りながら高さを調整する気球操縦,タップで熱気を吹かす（高度が上がる）、離すと下がる,目標高度ゾーンを3秒キープ  失敗: 天井衝突・地面激突・20秒超過,148,,,camera_climb,high,override,20,,2,1800,3,se_failure se_success se_tap,bgm_main,false,false,false,,false,false,false,false,false,false,TAP TO BURN / HOLD ALTITUDE,16,27,true,false,,,true,true,true,true,true,67,13/10/15/9/15/5,0,game.feedback.good/bad で行動の正否を提示する; 全入力ハンドラで即時フィードバック(feedback/fx/audio)を返す; キャラ/モチーフを game.draw.sprite で描く
36,036-splat-zone.js,splat-zone,1,スプラットゾーン,落ちてくる的にタイミングよく飛びかかる爽快感,スワイプ上で飛び上がる、的が頭上を通過する瞬間にタップ,1匹撃墜  失敗: 3回外す or 15秒,174,,,timing_one_shot,high,override,15,1,2,1800,3,se_failure se_success se_tap,bgm_main,false,false,false,,false,false,false,false,false,false,"SWIPE UP TO JUMP, TAP TO HIT",15,28,true,false,,,true,true,true,true,true,74,20/10/15/9/15/5,0,game.feedback.good/bad で行動の正否を提示する; キャラ/モチーフを game.draw.sprite で描く; 背景に game.draw.gradient を使う(黒一色回避)
37,037-bridge-gaps.js,bridge-gaps,1,ブリッジギャップ,橋を伸ばして渡る、長さの感覚を磨く一発勝負,長押しで橋を伸ばし、離すと渡り始める（長すぎると落ちる）,1つの台に着地  失敗: 橋が短すぎor長すぎ or 30秒,167,,,hold_charge,high,override,30,1,1,1800,3,se_failure se_success se_tap,bgm_main,false,false,false,,false,false,false,false,false,false,"HOLD TO GROW, RELEASE TO DROP",32,29,true,false,,,true,true,true,true,true,67,13/10/15/9/15/5,0,game.feedback.good/bad で行動の正否を提示する; 全入力ハンドラで即時フィードバック(feedback/fx/audio)を返す; キャラ/モチーフを game.draw.sprite で描く
38,038-laser-dodge.js,laser-dodge,4,レーザードッジ,チカッと光るレーザーを体で避ける緊張の一瞬,スワイプで位置を3列のうち一つに移動,5秒生存  失敗: レーザーに当たる,142,,,dodge,high,override,5,,2,1800,3,se_failure se_success se_tap,bgm_main,false,false,false,,false,false,false,false,false,false,SWIPE TO DODGE LASERS,19,21,true,false,,,true,true,true,true,true,69,20/10/15/9/10/5,0,game.feedback.good/bad で行動の正否を提示する; キャラ/モチーフを game.draw.sprite で描く; 背景に game.draw.gradient を使う(黒一色回避)
39,039-color-match.js,color-match,1,カラーマッチ,混色で目標カラーを作る色彩感覚ゲーム,上下スワイプで赤/青/緑の配合を変える、タップで決定,目標色との差異20%以内で1回マッチ  失敗: 3回外す or 25秒,160,,,gap_fit,high,override,25,1,1,1800,3,se_failure se_success se_tap,bgm_main,false,false,false,,false,false,false,false,false,false,"SWIPE TO MIX, TAP TO LOCK",21,25,true,false,絵の具調合ラボ。RGBを混ぜて目標色を再現する。,,true,true,true,true,true,74,20/10/15/9/15/5,0,game.feedback.good/bad で行動の正否を提示する; キャラ/モチーフを game.draw.sprite で描く; 背景に game.draw.gradient を使う(黒一色回避)
40,040-meteor-shield.js,meteor-shield,6,メテオシールド,四方から降るものを、来る向きへ盾を回して弾き返す,落ちてくる方向へスワイプして盾を向ける,10回 弾き返す  失敗: 3回 直撃 or 13秒,311,swipe_direction,farm,swipe_direction,high,override,13,10,0,1600,5,se_coin se_failure se_milestone se_success se_tap,,true,false,true,burst flash,true,true,true,false,false,false,,65,15,true,false,牧場の夜。孵化前の卵をねらって四方から舞い降りるカラスを、案山子の腕で払う,90s 16bit,true,false,false,true,true,95,25/20/15/15/15/5,0,
41,041-spin-wheel.js,spin-wheel,1,スピンホイール,回転するルーレットを狙った色で止める賭けの緊張感,タップで回転を止める（目標セクターに止まれば成功）,1回目標セクターに止める  失敗: 3回外す or 20秒,165,,,timing_one_shot,high,override,20,1,2,1800,3,se_failure se_success se_tap,bgm_main,false,false,false,,false,false,false,false,false,false,TAP TO STOP ON TARGET,19,21,true,false,カジノのルーレット台。狙った色で止める賭け。,,true,true,true,true,true,74,20/10/15/9/15/5,0,game.feedback.good/bad で行動の正否を提示する; キャラ/モチーフを game.draw.sprite で描く; 背景に game.draw.gradient を使う(黒一色回避)
42,042-wave-ride.js,wave-ride,1,ウェーブライド,波に乗って障害物をくぐり抜ける波乗りの爽快感,タップで波の上に乗る/外れる（2ポジション切り替え）,5秒生存  失敗: 岩に当たる,156,,,dodge,high,override,5,,1,1800,3,se_failure se_success se_tap,bgm_main,false,false,false,,false,false,false,false,false,false,TAP TO SWITCH CREST/TROUGH,14,26,true,false,大海原のサーフィン。波の山と谷を切り替えて岩を避ける。,,true,true,true,true,true,74,20/10/15/9/15/5,0,game.feedback.good/bad で行動の正否を提示する; キャラ/モチーフを game.draw.sprite で描く; 背景に game.draw.gradient を使う(黒一色回避)
43,043-pressure-test.js,pressure-test,1,プレッシャーテスト,連打を見せてから同じ回数ちょうど押す計数力,示された回数と同じ回数タップしてENTER（スワイプ上）,1回正確に一致  失敗: 3回ミス or 25秒,170,,,count_exact,high,override,25,1,3,1800,3,se_failure se_success se_tap,bgm_main,false,false,false,,false,false,false,false,false,false,"TAP THE COUNT, SWIPE UP TO ENTER",32,32,true,false,計測ラボの反応テスト装置。光った回数だけ正確に押す。,,true,true,true,true,true,69,20/10/15/9/10/5,0,game.feedback.good/bad で行動の正否を提示する; キャラ/モチーフを game.draw.sprite で描く; 背景に game.draw.gradient を使う(黒一色回避)
44,044-spiral-run.js,spiral-run,1,スパイラルラン,らせん状に落下する玉を中心へ導く,タップで落下速度を一時的に遅くする,中心まで到達  失敗: 20秒,141,,,guide_path,high,override,20,,2,1800,3,se_failure se_success se_tap,bgm_main,false,false,false,,false,false,false,false,false,false,TAP TO SLOW THE DESCENT,14,23,true,false,渦巻く時空のトンネルを中心のコアへ降下していく。,,true,true,true,true,true,74,20/10/15/9/15/5,0,game.feedback.good/bad で行動の正否を提示する; キャラ/モチーフを game.draw.sprite で描く; 背景に game.draw.gradient を使う(黒一色回避)
45,045-drop-zone.js,drop-zone,2,ドロップゾーン,落下するアイテムを正しい容器に振り分ける仕分け師の判断力,スワイプ左右で容器を選ぶ、タップで受け取り確定,1個正しく分類  失敗: 3回誤分類 or 20秒,152,,,judge,high,override,20,1,2,1800,3,se_failure se_success se_tap,bgm_main,false,false,false,,false,false,false,false,false,false,"SWIPE L/R, TAP TO SORT",17,22,true,false,仕分け工場のコンベア。●は左箱(A)、■は右箱(B)へ振り分ける。,,true,true,true,true,true,74,20/10/15/9/15/5,0,game.feedback.good/bad で行動の正否を提示する; キャラ/モチーフを game.draw.sprite で描く; 背景に game.draw.gradient を使う(黒一色回避)
46,046-charge-shot.js,charge-shot,1,チャージショット,溜めて放つ一撃の快感、過充電に注意,長押し（または連打）でチャージ、スワイプ上で発射,1回ベストゾーン(60-90%)でヒット  失敗: 過充電3回 or 15秒,165,,,hold_charge,high,override,15,1,1,1800,3,se_failure se_success se_tap,bgm_main,false,false,false,,false,false,false,false,false,false,"HOLD TO CHARGE, SWIPE UP TO FIRE",15,32,true,false,対空砲台。チャージを最適域で放ち、上空を横切る標的を撃つ。,,true,true,true,true,true,64,15/10/15/9/10/5,0,game.feedback.good/bad で行動の正否を提示する; 全入力ハンドラで即時フィードバック(feedback/fx/audio)を返す; キャラ/モチーフを game.draw.sprite で描く
47,047-path-memory.js,path-memory,1,パスメモリー,光ったルートを記憶して同じ経路をスワイプで再現,表示されたスワイプシーケンスを再現する,1ラウンドクリア  失敗: 1ミスで即失敗 or 25秒,150,,,memory_sequence,high,override,25,1,2,1800,3,se_failure se_success se_tap,bgm_main,false,false,false,,false,false,false,false,false,false,REPEAT THE ROUTE BY SWIPING,34,27,true,false,神経回路のルート再現。光ったノードの順路を辿る。,,true,true,true,true,true,74,20/10/15/9/15/5,0,game.feedback.good/bad で行動の正否を提示する; キャラ/モチーフを game.draw.sprite で描く; 背景に game.draw.gradient を使う(黒一色回避)
48,048-tower-defense.js,tower-defense,3,タワーディフェンス,回る装甲の隙間から覗く核だけを撃ち抜く,露出した核をタップ（装甲を撃つと弾かれる）,10基 撃破  失敗: 3基 基地に到達 or 20秒,293,aim_shoot,space,aim_shoot,high,override,20,10,0,1600,5,se_coin se_failure se_milestone se_success se_tap,,true,false,true,burst flash,true,true,true,false,false,false,,46,15,true,false,宇宙基地の防衛砲。降下する機雷は装甲を回しており、核が覗く一瞬しか通らない,80s NEON,true,false,false,true,true,95,25/20/15/15/15/5,0,
49,049-pendulum-catch.js,pendulum-catch,1,ペンデュラムキャッチ,振り子の先に吊るされた宝石を正確なタイミングで受け取る,タップで受け皿を「出す」（一瞬だけ表示）,1個キャッチ  失敗: 4回空振り or 25秒,159,,,timing_one_shot,high,override,25,1,2,1800,3,se_failure se_success se_tap,bgm_main,false,false,false,,false,false,false,false,false,false,TAP TO EXTEND THE CATCHER,15,25,true,false,宝物庫の吊り下げ振り子。宝石が真下に来た瞬間に受け皿を出す。,,true,true,true,true,true,69,20/10/15/9/10/5,0,game.feedback.good/bad で行動の正否を提示する; キャラ/モチーフを game.draw.sprite で描く; 背景に game.draw.gradient を使う(黒一色回避)
50,050-color-flood.js,color-flood,6,カラーフラッド,左上から色を塗り広げて盤面を制覇する洪水パズル,スワイプ上下左右で次の色を選択（3色循環）,10手以内に全マス同色  失敗: 10手超過,142,,,judge,high,override,,,3,1800,3,se_failure se_success se_tap,bgm_main,false,false,false,,false,false,false,false,false,false,"SWIPE TO PICK COLOR, FLOOD ALL",17,30,true,false,インクの領土制圧。左上から色を流し込み盤面を一色に染める。,,true,true,false,true,true,74,20/10/15/9/15/5,0,game.feedback.good/bad で行動の正否を提示する; キャラ/モチーフを game.draw.sprite で描く; 背景に game.draw.gradient を使う(黒一色回避)
51,051-shadow-match.js,shadow-match,5,シャドウマッチ,影だけ見えるシルエットが何かを当てる瞬発力テスト,タップで「丸」「三角」「四角」を選択→スワイプ上で確定,1問正解  失敗: 3問不正解 or 20秒,152,,,judge,high,override,20,1,1,1800,3,se_failure se_success se_tap,bgm_main,false,false,false,,false,false,false,false,false,false,"TAP A SHAPE, SWIPE UP TO LOCK",38,29,true,false,影絵劇場。暗幕に映るシルエットの正体を一瞬で見抜く。,,true,true,true,true,true,74,20/10/15/9/15/5,0,game.feedback.good/bad で行動の正否を提示する; キャラ/モチーフを game.draw.sprite で描く; 背景に game.draw.gradient を使う(黒一色回避)
52,052-bounce-predict.js,bounce-predict,1,バウンス予測,壁で跳ね返るボールの軌跡を予測してゴールに当てる,タップで射出角度を決定（タップ位置でエイム）,1回ゴールに入れる  失敗: 4回外す or 20秒,149,,,trajectory,high,override,20,1,2,1800,3,se_failure se_success se_tap,bgm_main,false,false,false,,false,false,false,false,false,false,TAP TO AIM AND FIRE,15,19,true,false,レーザー反射室。壁で跳ね返る弾を予測してターゲットコアに当てる。,,true,true,true,true,true,64,20/10/15/9/5/5,0,game.feedback.good/bad で行動の正否を提示する; キャラ/モチーフを game.draw.sprite で描く; 背景に game.draw.gradient を使う(黒一色回避)
53,053-memory-pairs.js,memory-pairs,1,メモリーペア,カードをめくってペアを見つける集中力と記憶のゲーム,タップでカードをめくる,全2ペアを制限時間内に揃える  失敗: 45秒,150,,,pair_match,high,override,45,,1,1800,3,se_failure se_success se_tap,bgm_main,false,false,false,,false,false,false,false,false,false,TAP CARDS TO FIND PAIRS,16,23,true,false,神経衰弱の対戦テーブル。裏向きカードから同じ絵柄のペアを見つける。,,true,true,true,true,true,74,20/10/15/9/15/5,0,game.feedback.good/bad で行動の正否を提示する; キャラ/モチーフを game.draw.sprite で描く; 背景に game.draw.gradient を使う(黒一色回避)
54,054-gravity-flip.js,gravity-flip,12,グラビティフリップ,重力の向きを反転させてキャラクターを障害物の間を通す,タップで重力を上下反転,ゴールまで到達  失敗: 障害物に当たる or 20秒,151,,,camera_run,high,override,20,,1,1500,3,se_failure se_success se_tap,bgm_main,false,false,false,,false,false,false,false,false,false,TAP TO FLIP GRAVITY,15,19,true,false,洞窟トンネルを重力を反転させながら飛び抜ける探査ドローン。,,true,true,true,true,true,64,20/10/10/9/10/5,0,game.feedback.good/bad で行動の正否を提示する; キャラ/モチーフを game.draw.sprite で描く; 背景に game.draw.gradient を使う(黒一色回避)
55,055-triple-threat.js,triple-threat,1,トリプルスレット,3つの迫ってくる脅威を同時に管理する注意力分散ゲーム,タップで最も危険な脅威をリセット（3つのゾーンのどこかをタップ）,8秒生き残る  失敗: いずれかの脅威がMAXに達する,133,,,chase,high,override,8,,2,1800,3,se_failure se_success se_tap,bgm_main,false,false,false,,false,false,false,false,false,false,TAP THE RISING GAUGE,16,20,true,false,制御室の3系統管理。炎・洪水・電圧のゲージをMAX未満に保つ。,,true,true,true,true,true,69,20/10/15/9/10/5,0,game.feedback.good/bad で行動の正否を提示する; キャラ/モチーフを game.draw.sprite で描く; 背景に game.draw.gradient を使う(黒一色回避)
56,056-rope-cut.js,rope-cut,4,ロープカット,正しい順序でロープを切って爆弾を解除する,番号順にロープをタップして切断,爆弾1個解除  失敗: 順序ミス or 25秒,155,,,spot,high,override,25,1,2,1800,3,se_failure se_success se_tap,bgm_main,false,false,false,,false,false,false,false,false,false,CUT ROPES IN NUMBER ORDER,14,25,true,false,時限爆弾の解体。導線を書かれた番号順に切って起爆を止める。,,true,true,true,true,true,69,20/10/15/9/10/5,0,game.feedback.good/bad で行動の正否を提示する; キャラ/モチーフを game.draw.sprite で描く; 背景に game.draw.gradient を使う(黒一色回避)
57,057-pulse-beat.js,pulse-beat,1,パルスビート,画面の鼓動に合わせてタップするリズム同期の快感,画面の波紋が最大になった瞬間にタップ,1回ジャストタイミング  失敗: 5回外れる or 20秒,139,,,timing_one_shot,high,override,20,1,1,1800,3,se_failure se_success se_tap,bgm_main,false,false,false,,false,false,false,false,false,false,TAP WHEN THE RING PEAKS,15,23,true,false,巨大な音響コアの鼓動。波紋が最大になる拍にタップして同期する。,,true,true,true,true,true,74,20/10/15/9/15/5,0,game.feedback.good/bad で行動の正否を提示する; キャラ/モチーフを game.draw.sprite で描く; 背景に game.draw.gradient を使う(黒一色回避)
58,058-gem-rush.js,gem-rush,1,ジェムラッシュ,特定の色の宝石だけを素早くタップして集める採掘レース,タップで宝石を収集（ターゲット色のみ）、違う色は-1点,2個収集  失敗: -5点 or 15秒,145,,,spot,high,override,15,2,2,1800,3,se_failure se_success se_tap,bgm_main,false,false,false,,false,false,false,false,false,false,TAP ONLY THE TARGET GEM,15,23,true,false,鉱脈のジェム採掘レース。指定色のジェムだけを素早く掘り集める。,,true,true,true,true,true,74,20/10/15/9/15/5,0,game.feedback.good/bad で行動の正否を提示する; キャラ/モチーフを game.draw.sprite で描く; 背景に game.draw.gradient を使う(黒一色回避)
59,059-window-washer.js,window-washer,2,ウィンドウウォッシャー,汚れた窓をタップ/長押しで拭いてピカピカにする清掃ゲーム,タップ/長押しで汚れを拭く,30%以上クリーン  失敗: 25秒で制限,131,,,rub,high,override,25,,2,1800,3,se_failure se_success se_tap,bgm_main,false,false,false,,false,false,false,false,false,false,TAP / HOLD TO WIPE,15,18,true,false,高層ビルの窓拭き。ゴンドラから汚れ窓をスクイジーで磨く。,,true,true,true,true,true,62,13/10/15/9/10/5,0,game.feedback.good/bad で行動の正否を提示する; 全入力ハンドラで即時フィードバック(feedback/fx/audio)を返す; キャラ/モチーフを game.draw.sprite で描く
60,060-fruit-split.js,fruit-split,1,フルーツスプリット,宙に浮く果物を素早くスワイプで切り裂く爽快感,スワイプ/タップで果物を切る（爆弾は切らない）,2個の果物を切る  失敗: 爆弾を3回切る or 果物3個を逃す or 20秒,138,,,slice,high,override,20,2,1,1800,3,se_failure se_success se_tap,bgm_main,false,false,false,,false,false,false,false,false,false,"SLICE FRUIT, AVOID BOMBS",12,24,true,false,空中に舞う果実を刃で斬るフルーツ道場。爆弾は斬るな。,,true,true,true,true,true,67,13/10/15/9/15/5,0,game.feedback.good/bad で行動の正否を提示する; 全入力ハンドラで即時フィードバック(feedback/fx/audio)を返す; キャラ/モチーフを game.draw.sprite で描く
61,061-steer-stream.js,steer-stream,1,ストリームステアー,激流を下る丸太に乗って岩を避けながら川を下る,左右スワイプで丸太の位置を移動,8秒生き残る  失敗: 岩に当たる,138,,,dodge,high,override,8,,2,1800,3,se_failure se_success se_tap,bgm_main,false,false,false,,false,false,false,false,false,false,SWIPE L/R TO STEER THE LOG,15,26,true,false,激流下り。丸太に乗り岩をかわして川を下る。,,true,true,true,true,true,69,20/10/15/9/10/5,0,game.feedback.good/bad で行動の正否を提示する; キャラ/モチーフを game.draw.sprite で描く; 背景に game.draw.gradient を使う(黒一色回避)
62,062-blackout-bingo.js,blackout-bingo,1,ブラックアウトビンゴ,呼ばれた番号を全て埋めて3×3ビンゴを完成させる,呼ばれた番号の場所をタップ,全9マス埋める(ブラックアウト)  失敗: 3回誤タップ or 40秒,146,,,spot,high,override,40,,1,1800,3,se_failure se_success se_tap,bgm_main,false,false,false,,false,false,false,false,false,false,TAP THE CALLED NUMBER,15,21,true,false,ビンゴ大会の会場。呼ばれた数字をカードから探して埋める。,,true,true,true,true,true,74,20/10/15/9/15/5,0,game.feedback.good/bad で行動の正否を提示する; キャラ/モチーフを game.draw.sprite で描く; 背景に game.draw.gradient を使う(黒一色回避)
63,063-tug-of-war.js,tug-of-war,3,綱引き,素早くタップして綱を引き、中心を自陣に引き込む筋力勝負,連打でロープを引く,ロープを自陣まで引ける  失敗: 15秒で中心を引き込まれる,138,,,mash,high,override,15,,1,1800,3,se_failure se_success se_tap,bgm_main,false,false,false,,false,false,false,false,false,false,TAP RAPIDLY TO PULL,16,19,true,false,綱引きの決勝戦。連打で綱を自陣（左）へ引き込む。,,true,true,true,true,true,74,20/10/15/9/15/5,0,game.feedback.good/bad で行動の正否を提示する; キャラ/モチーフを game.draw.sprite で描く; 背景に game.draw.gradient を使う(黒一色回避)
64,064-lens-focus.js,lens-focus,1,レンズフォーカス,素早くピントを合わせて被写体をくっきり捉える撮影ゲーム,スワイプ上下でフォーカス距離を調整、タップでシャッター,1枚ピントの合った写真を撮る  失敗: 5回ぼけたまま撮る or 20秒,150,,,gap_fit,high,override,20,1,2,1800,3,se_failure se_success se_tap,bgm_main,false,false,false,,false,false,false,false,false,false,"SWIPE TO FOCUS, TAP TO SHOOT",19,28,true,false,一眼カメラのファインダー越し。被写体にピントを合わせシャッターを切る。,,true,true,true,true,true,67,13/10/15/9/15/5,0,game.feedback.good/bad で行動の正否を提示する; 全入力ハンドラで即時フィードバック(feedback/fx/audio)を返す; キャラ/モチーフを game.draw.sprite で描く
65,065-escape-maze.js,escape-maze,2,エスケープメイズ,シンプルな迷路を最短ルートで脱出する,スワイプで移動,ゴールに到達  失敗: 25秒,151,,,guide_path,high,override,25,,2,1800,3,se_failure se_success se_tap,bgm_main,false,false,false,,false,false,false,false,false,false,SWIPE TO REACH THE EXIT,18,23,true,false,地下迷宮からの脱出。壁を避けてGOAL(出口)へ最短で辿り着く。,,true,true,true,true,true,57,13/10/15/9/5/5,0,game.feedback.good/bad で行動の正否を提示する; 全入力ハンドラで即時フィードバック(feedback/fx/audio)を返す; キャラ/モチーフを game.draw.sprite で描く
66,066-heat-seeker.js,heat-seeker,1,ヒートシーカー,熱源に向かって自動追尾するミサイルをスワイプで撃ち落とす,スワイプ方向にシールドを展開（上下左右から選ぶ）,1機撃墜  失敗: 3機が基地に到達 or 20秒,159,,,swipe_direction,high,override,20,1,2,1800,3,se_failure se_success se_tap,bgm_main,false,false,false,,false,false,false,false,false,false,SWIPE TO RAISE THE SHIELD,16,25,true,false,追尾ミサイルから拠点を守る防空基地。スワイプ方向にシールドを張る。,,true,true,true,true,true,69,20/10/15/9/10/5,0,game.feedback.good/bad で行動の正否を提示する; キャラ/モチーフを game.draw.sprite で描く; 背景に game.draw.gradient を使う(黒一色回避)
67,067-bubble-pop.js,bubble-pop,8,バブルポップ,数字付きのシャボン玉を昇順にタップして連鎖的に弾かせる気持ちよさ,小さい番号から順にタップ,全バブルを正しい順序で割る  失敗: 順序ミス3回 or 20秒,157,,,aim_shoot,high,override,20,,2,1800,3,se_failure se_success se_tap,bgm_main,false,false,false,,false,false,false,false,false,false,TAP BUBBLES IN ORDER,12,20,true,false,水中に漂う番号シャボン玉。1から順にタップして弾く。,,true,true,true,true,true,74,20/10/15/9/15/5,0,game.feedback.good/bad で行動の正否を提示する; キャラ/モチーフを game.draw.sprite で描く; 背景に game.draw.gradient を使う(黒一色回避)
68,068-timing-gate.js,timing-gate,1,タイミングゲート,左右に往復するゲートが全開になった瞬間にボールを通す,タップでボールをリリース,1回ゲートを通過  失敗: 4回ゲートに当たる or 20秒,143,,,timing_one_shot,high,override,20,1,2,1800,3,se_failure se_success se_tap,bgm_main,false,false,false,,false,false,false,false,false,false,TAP TO RELEASE WHEN OPEN,16,24,true,false,セキュリティゲート。開いた瞬間にボールを打ち上げて通す。,,true,true,true,true,true,69,20/10/15/9/10/5,0,game.feedback.good/bad で行動の正否を提示する; キャラ/モチーフを game.draw.sprite で描く; 背景に game.draw.gradient を使う(黒一色回避)
69,069-word-rain.js,word-rain,2,ワードレイン,降ってくる文字から指定の言葉をタップして完成させる,正しい文字をタップ,1つの単語を完成させる  失敗: 3文字ミス or 20秒,154,,,spot,high,override,20,,1,1800,3,se_failure se_success se_tap,bgm_main,false,false,false,,false,false,false,false,false,false,TAP THE RIGHT LETTERS,22,44,true,false,降り注ぐ文字の雨。お題の単語の文字だけを順に拾って綴る。,,true,true,true,true,true,74,20/10/15/9/15/5,0,game.feedback.good/bad で行動の正否を提示する; キャラ/モチーフを game.draw.sprite で描く; 背景に game.draw.gradient を使う(黒一色回避)
70,070-pong-solo.js,pong-solo,2,ソロポン,上下に反射するボールをパドルで打ち続ける集中力の壁打ち,タップでパドルをボールに向けて移動,2回ラリー  失敗: ボールが下を抜ける or 25秒,142,,,drag_follow,high,override,25,2,1,1800,3,se_failure se_success se_tap,bgm_main,false,false,false,,false,false,false,false,false,false,TAP / SWIPE TO MOVE PADDLE,15,26,true,false,一人壁打ちPONG。上の壁と自分のパドルでボールを打ち続ける。,,true,true,true,true,true,62,13/10/15/9/10/5,0,game.feedback.good/bad で行動の正否を提示する; 全入力ハンドラで即時フィードバック(feedback/fx/audio)を返す; キャラ/モチーフを game.draw.sprite で描く
71,071-signal-boost.js,signal-boost,3,シグナルブースト,弱まる電波信号を連打でブーストし続けるサバイバル,タップで信号を増幅、ただし過剰増幅（100%）はクラッシュ,8秒間信号を維持  失敗: 信号が0%以下 or 3回100%超過,129,,,balance,high,override,8,,2,1800,3,se_failure se_success se_tap,bgm_main,false,false,false,,false,false,false,false,false,false,"TAP TO BOOST, KEEP UNDER 100%",14,29,true,false,電波塔の信号制御。減衰する信号を連打で維持しつつ過負荷を避ける。,,true,true,true,true,true,69,20/10/15/9/10/5,0,game.feedback.good/bad で行動の正否を提示する; キャラ/モチーフを game.draw.sprite で描く; 背景に game.draw.gradient を使う(黒一色回避)
72,072-asteroid-split.js,asteroid-split,2,アステロイドスプリット,大きな隕石を分裂させながら全部消す爆発連鎖,タップで弾を発射、隕石は分裂する,全隕石を破壊  失敗: 隕石が3個画面外へ or 20秒,149,,,aim_shoot,high,override,20,,2,1800,3,se_failure se_success se_tap,bgm_main,false,false,false,,false,false,false,false,false,false,"TAP TO SHOOT, SPLIT & CLEAR",13,27,true,false,宇宙空間の小惑星迎撃。撃つと分裂し、全て消せばクリア。,,true,true,true,true,true,69,20/10/15/9/10/5,0,game.feedback.good/bad で行動の正否を提示する; キャラ/モチーフを game.draw.sprite で描く; 背景に game.draw.gradient を使う(黒一色回避)
73,073-sketch-guess.js,sketch-guess,1,スケッチゲス,線が引かれ切る前に、その正体を当てる,下の3つの絵から、描かれつつある線画と同じものをタップ,5問 正解  失敗: 3問 誤答 or 13秒,309,judge,custom,judge,high,override,13,5,0,1600,5,se_coin se_failure se_milestone se_success se_tap,,true,false,true,burst flash popup,true,true,true,false,false,false,,48,15,true,false,お絵かきクイズ番組。少しずつ現れる線画の正体を3択で当てる,70s MONO,true,false,false,true,true,95,25/20/15/15/15/5,0,
74,074-arrow-maze.js,arrow-maze,1,アローメイズ,矢印パネルの向きを変え、信号パケットをゴール端子へ導く回路パズル,タップで矢印の向きを回転してルートを作る,パケットをゴールへ誘導  失敗: 場外落下 or 30秒,202,,,connect,high,override,30,,2,1800,3,se_failure se_success se_tap,bgm_main,false,false,false,,false,false,false,false,false,false,TAP ARROWS TO ROUTE THE PACKET,35,30,true,false,回路基板。信号パケットを矢印ゲートの向きで誘導し出力端子へ届ける。,,true,true,true,true,true,69,20/10/15/9/10/5,0,game.feedback.good/bad で行動の正否を提示する; キャラ/モチーフを game.draw.sprite で描く; 背景に game.draw.gradient を使う(黒一色回避)
75,075-balance-beam.js,balance-beam,4,バランスビーム,傾くシーソーの上でボールを中心に保ち続けるバランスゲーム,左右タップで傾きを押し返す,5秒バランスを保つ  失敗: ボールが端から落ちる,152,,,balance,high,override,5,,2,1800,3,se_failure se_success se_tap,bgm_main,false,false,false,,false,false,false,false,false,false,TAP L/R TO KEEP BALL CENTERED,15,29,true,false,シーソー実験台。ゆらぐ天秤の上のボールを左右タップで中央に保つ。,,true,true,true,true,true,74,20/10/15/9/15/5,0,game.feedback.good/bad で行動の正否を提示する; キャラ/モチーフを game.draw.sprite で描く; 背景に game.draw.gradient を使う(黒一色回避)
76,076-freeze-tag.js,freeze-tag,2,フリーズタグ,動き回る敵を全員タップして同時に凍らせる,タップで敵を凍結、凍った敵は徐々に解凍する,全員同時に凍結状態にする  失敗: 20秒,193,,,chase,high,override,20,,2,1800,3,se_failure se_success se_tap,bgm_main,false,false,false,,false,false,false,false,false,false,TAP ALL FOES TO FREEZE AT ONCE,14,30,true,false,雪原の追いかけっこ。逃げ回るモンスターを全員同時に凍らせる。,,true,true,true,true,true,69,20/10/15/9/10/5,0,game.feedback.good/bad で行動の正否を提示する; キャラ/モチーフを game.draw.sprite で描く; 背景に game.draw.gradient を使う(黒一色回避)
77,077-ripple-sync.js,ripple-sync,1,リップルシンク,複数の波紋が同期した瞬間にタップする共鳴装置,全ての波紋が重なった瞬間にタップ,1回シンク成功  失敗: 3回外す or 25秒,149,,,timing_one_shot,high,override,25,1,1,1800,3,se_failure se_success se_tap,bgm_main,false,false,false,,false,false,false,false,false,false,TAP WHEN ALL RINGS ALIGN,17,24,true,false,共鳴チャンバー。3つの発振器の波紋が中央で重なる瞬間を捉える。,,true,true,true,true,true,64,20/10/15/9/5/5,0,game.feedback.good/bad で行動の正否を提示する; キャラ/モチーフを game.draw.sprite で描く; 背景に game.draw.gradient を使う(黒一色回避)
78,078-neon-snake.js,neon-snake,4,ネオンスネーク,迫る分岐で行き先を切り替え、光の蛇を実のある管へ導く,タップで次の分岐の行き先(左/右)を切り替える,8個 のオーブを通す  失敗: 3回 行き止まりに突っ込む or 22秒,305,guide_path,custom,guide_path,high,override,22,8,0,1600,5,se_coin se_failure se_milestone se_success se_tap,,true,false,true,burst flash,true,true,true,false,false,false,,56,15,true,false,ネオングリッドの回廊。分岐器を切り替えて光の蛇をエネルギーオーブの管へ流す,80s ISO,true,false,false,true,true,95,25/20/15/15/15/5,0,
79,079-reaction-chain.js,reaction-chain,2,リアクションチェーン,現れた信号にルール通り素早く反応する反射テスト装置,赤→タップ、青→スワイプ上、緑→スワイプ下、黄→なにもしない,2回正確に反応  失敗: 3回間違える or 20秒,163,,,judge,high,override,20,2,2,1800,3,se_failure se_success se_tap,bgm_main,false,false,false,,false,false,false,false,false,false,REACT TO THE SIGNAL BY RULE,48,27,true,false,反射神経テスト装置。中央パネルに出る信号色に従い正しく反応する。,,true,true,true,true,true,62,13/10/15/9/10/5,0,game.feedback.good/bad で行動の正否を提示する; 全入力ハンドラで即時フィードバック(feedback/fx/audio)を返す; キャラ/モチーフを game.draw.sprite で描く
80,080-mirror-dance.js,mirror-dance,2,ミラーダンス,左のダンサーの動きを右に鏡写しでコピーする瞬発力,スワイプで方向を入力（左ダンサーの動きをミラーして再現）,1回正解  失敗: 3回ミス or 30秒,172,,,swipe_direction,high,override,30,1,1,1800,3,se_failure se_success se_tap,bgm_main,false,false,false,,false,false,false,false,false,false,MIRROR THE DANCER (SWIPE),39,25,true,false,ネオンのダンスステージ。左のダンサーの動きを鏡写しで再現する。,,true,true,true,true,true,67,13/10/15/9/15/5,0,game.feedback.good/bad で行動の正否を提示する; 全入力ハンドラで即時フィードバック(feedback/fx/audio)を返す; キャラ/モチーフを game.draw.sprite で描く
81,081-stack-tower.js,stack-tower,4,スタックタワー,左右に揺れるブロックをタップでズバっと積み上げる,タップでブロックを落とす,2段積む  失敗: はみ出しで幅がゼロになる or 30秒,152,,,stack,high,override,30,2,1,1800,3,se_failure se_success se_tap,bgm_main,false,false,false,,false,false,false,false,false,false,TAP TO DROP THE BLOCK,15,21,true,false,夜景の建設現場。クレーンから降ろすブロックを高く積み上げる。,,true,true,true,true,true,69,20/10/15/9/10/5,0,game.feedback.good/bad で行動の正否を提示する; キャラ/モチーフを game.draw.sprite で描く; 背景に game.draw.gradient を使う(黒一色回避)
82,082-conveyor-sort.js,conveyor-sort,2,コンベアソート,流れてくるアイテムを正しいシュートに振り分ける仕分け工場,スワイプ左右で振り分け先を切り替え、タップで排出,2個正しく仕分け  失敗: 3回ミス or 35秒,179,,,swipe_direction,high,override,35,2,2,1800,3,se_failure se_success se_tap,bgm_main,false,false,false,,false,false,false,false,false,false,"SWIPE TO AIM, TAP TO EJECT",18,26,true,false,自動仕分け工場。ベルトの部品を形ごとに正しいシュートへ落とす。,,true,true,true,true,true,64,20/10/15/9/5/5,0,game.feedback.good/bad で行動の正否を提示する; キャラ/モチーフを game.draw.sprite で描く; 背景に game.draw.gradient を使う(黒一色回避)
83,083-night-sky.js,night-sky,1,星座つなぎ,夜空に浮かぶ星を正しい順番でタップして星座を描く,タップで星を順番につなぐ,1つの星座を完成させる  失敗: 3回間違える or 40秒,155,,,connect,high,override,40,1,1,1800,3,se_failure se_success se_tap,bgm_main,false,false,false,,false,false,false,false,false,false,CONNECT STARS IN ORDER,17,22,true,false,プラネタリウム。番号順に星を結んで夜空に星座を描く。,,true,true,true,true,true,74,20/10/15/9/15/5,0,game.feedback.good/bad で行動の正否を提示する; キャラ/モチーフを game.draw.sprite で描く; 背景に game.draw.gradient を使う(黒一色回避)
84,084-whack-rhythm.js,whack-rhythm,2,リズムモグラ,BPM120のビートに乗ってモグラが出た瞬間をタップする音ゲー,タップでモグラを叩く（ビートのタイミングで）,2匹叩く  失敗: 3回外す or 25秒,183,,,rhythm,high,override,25,2,2,1800,3,se_failure se_success se_tap,bgm_main,false,false,false,,false,false,false,false,false,false,WHACK MOLES ON THE BEAT,16,23,true,false,ネオンのリズムステージ。ビートに合わせて穴から出るモグラを叩く。,,true,true,true,true,true,74,20/10/15/9/15/5,0,game.feedback.good/bad で行動の正否を提示する; キャラ/モチーフを game.draw.sprite で描く; 背景に game.draw.gradient を使う(黒一色回避)
85,085-bridge-builder.js,bridge-builder,1,橋渡し,タップで棒を伸ばし、離すと倒れる。ちょうどよい長さで崖を渡る,タップで伸ばし始め、もう一度タップで止めて倒す,1つの崖を渡る  失敗: 棒が短か/長すぎて落ちる or 40秒,159,,,hold_charge,high,override,40,1,1,1800,3,se_failure se_success se_tap,bgm_main,false,false,false,,false,false,false,false,false,false,"TAP TO GROW, TAP TO DROP",31,24,true,false,深い谷。棒を丁度よい長さで倒し橋にして向こう岸へ渡る。,,true,true,true,true,true,64,20/10/15/9/5/5,0,game.feedback.good/bad で行動の正否を提示する; キャラ/モチーフを game.draw.sprite で描く; 背景に game.draw.gradient を使う(黒一色回避)
86,086-beat-slice.js,beat-slice,1,ビートスライス,リズムに合わせて流れるブロックを指定方向にスワイプで斬る,ブロックの矢印方向にスワイプ,2ブロック斬る  失敗: 3回ミス or 30秒,165,,,slice,high,override,30,2,2,1800,3,se_failure se_success se_tap,bgm_main,false,false,false,,false,false,false,false,false,false,SWIPE THE ARROW DIRECTION,26,25,true,false,ネオンの斬撃道場。流れるブロックを矢印通りに斬る。,,true,true,true,true,true,74,20/10/15/9/15/5,0,game.feedback.good/bad で行動の正否を提示する; キャラ/モチーフを game.draw.sprite で描く; 背景に game.draw.gradient を使う(黒一色回避)
87,087-circuit-trace.js,circuit-trace,1,回路トレース,電流が流れる正しい経路をスワイプでなぞって電力を届ける,表示された順に方向をスワイプ,1回電力を届ける  失敗: 3回失敗 or 35秒,161,,,memory_sequence,high,override,35,1,2,1800,3,se_failure se_success se_tap,bgm_main,false,false,false,,false,false,false,false,false,false,SWIPE THE ROUTE IN ORDER,29,24,true,false,電力回路盤。始点から星印の端子まで正しい経路で電流を導く。,,true,true,true,true,true,74,20/10/15/9/15/5,0,game.feedback.good/bad で行動の正否を提示する; キャラ/モチーフを game.draw.sprite で描く; 背景に game.draw.gradient を使う(黒一色回避)
88,088-ink-spread.js,ink-spread,3,インクスプレッド,左上から色を塗り広げ、盤面を1色に染める塗り工房,下の色パレットをタップして左上領域の色を変える,全マスを1色に（手数以内）  失敗: 手数オーバー or 40秒,165,,,judge,high,override,40,,2,1800,3,se_failure se_success se_tap,bgm_main,false,false,false,,false,false,false,false,false,false,PAINT THE WHOLE BOARD ONE COLOR,13,31,true,false,インク工房。左上のタンクから色を流し込み盤面全体を染め上げる。,,true,true,true,true,true,74,20/10/15/9/15/5,0,game.feedback.good/bad で行動の正否を提示する; キャラ/モチーフを game.draw.sprite で描く; 背景に game.draw.gradient を使う(黒一色回避)
89,089-hot-potato.js,hot-potato,5,ホットポテト,爆発する前に素早くスワイプして爆弾を隣へ渡し続ける,スワイプで受け取った爆弾を上/左/右のプレイヤーへ渡す,2回渡す  失敗: 爆弾を持ったまま時間切れ or 30秒,164,,,swipe_direction,high,override,30,2,1,1800,3,se_failure se_success se_tap,bgm_main,false,false,false,,false,false,false,false,false,false,SWIPE TO PASS THE BOMB,16,22,true,false,爆弾リレー。導火線が尽きる前に爆弾を隣のプレイヤーへ渡し続ける。,,true,true,true,true,true,74,20/10/15/9/15/5,0,game.feedback.good/bad で行動の正否を提示する; キャラ/モチーフを game.draw.sprite で描く; 背景に game.draw.gradient を使う(黒一色回避)
90,090-laser-dodge.js,laser-dodge,4,レーザー回避,壁から走査するレーザーをスワイプで避け続けるスリル,スワイプで自機を上下レーンに移動,5秒生き残る  失敗: レーザーに当たる,150,,,dodge,high,override,5,,1,1800,3,se_failure se_success se_tap,bgm_main,false,false,false,,false,false,false,false,false,false,SWIPE UP/DOWN TO DODGE,15,22,true,false,レーザー迷宮。走査ビームの隙間をレーン移動で切り抜ける宇宙船。,,true,true,true,true,true,69,20/10/15/9/10/5,0,game.feedback.good/bad で行動の正否を提示する; キャラ/モチーフを game.draw.sprite で描く; 背景に game.draw.gradient を使う(黒一色回避)
91,091-time-bomb.js,time-bomb,2,タイムボム,表示された解除コードを時間内に入力して爆弾を止める,数字ボタンを順にタップ、CLRでやり直し,1問解除  失敗: 時間切れ爆発 or 8秒×コード,167,,,judge,high,override,,1,1,1800,3,se_failure se_success se_tap,bgm_main,false,false,false,,false,false,false,false,false,false,ENTER THE DEFUSE CODE IN TIME,16,29,true,false,爆弾処理室。導火線が尽きる前に解除コードを打ち込む。,,true,true,true,true,true,59,20/10/10/4/10/5,0,game.feedback.good/bad で行動の正否を提示する; キャラ/モチーフを game.draw.sprite で描く; 背景に game.draw.gradient を使う(黒一色回避)
92,092-bubble-level.js,bubble-level,3,水準器,傾きを打ち消し続けて、気泡を基準線の内側に留める,画面の左半分タップで左へ、右半分タップで右へ傾ける,校正ゲージを満たす  失敗: ゲージが尽きる or 25秒,284,balance,custom,balance,high,override,25,12,0,1600,5,se_coin se_failure se_milestone se_success se_tap,,true,false,true,flash popup,true,true,true,false,false,false,,46,15,true,false,深夜の校正室。狂った台の上で、基準器の気泡を規定時間だけ中央に留める,8bit PC MONITOR,true,false,false,true,true,95,25/20/15/15/15/5,0,
93,093-echo-tap.js,echo-tap,3,エコータップ,流れたリズムパターンを聞いて同じリズムで叩き返す,聞いたあと、同じタイミングでタップして再現,1パターン再現  失敗: 3回ミス or 25秒,166,,,memory_sequence,high,override,25,1,1,1800,3,se_failure se_success se_tap,bgm_main,false,false,false,,false,false,false,false,false,false,"LISTEN, THEN REPEAT THE RHYTHM",29,30,true,false,ドラムマシン。流れたリズムを聞き取り、同じ間合いで叩き返す。,,true,true,true,true,true,74,20/10/15/9/15/5,0,game.feedback.good/bad で行動の正否を提示する; キャラ/モチーフを game.draw.sprite で描く; 背景に game.draw.gradient を使う(黒一色回避)
94,094-dominoes-fall.js,dominoes-fall,1,ドミノ倒し,最初の1本を倒すと連鎖でドミノが次々倒れる爽快感,タップで最初のドミノを押す（止まったら近くのドミノをタップ）,全3本倒す  失敗: 20秒,140,,,timing_one_shot,high,override,20,,1,1800,3,se_failure se_success se_tap,bgm_main,false,false,false,,false,false,false,false,false,false,TAP TO TOPPLE THE CHAIN,14,23,true,false,ドミノ工房。1本目を倒すと連鎖で全てのドミノが倒れていく。,,true,true,true,true,true,69,20/10/15/9/10/5,0,game.feedback.good/bad で行動の正否を提示する; キャラ/モチーフを game.draw.sprite で描く; 背景に game.draw.gradient を使う(黒一色回避)
95,095-crowd-control.js,crowd-control,1,群衆整列,バラバラに動く人々を障害物で誘導して全員ゴールへ導く,タップで障害物を置いて群衆の流れを制御する,全2人をゴールへ  失敗: 30秒,149,,,guide_path,high,override,30,,1,1800,3,se_failure se_success se_tap,bgm_main,false,false,false,,false,false,false,false,false,false,"TAP TO PLACE WALLS, HERD TO GOAL",15,32,true,false,避難誘導。障害物を置いて群衆の流れを作り全員をゴールへ導く。,,true,true,true,true,true,74,20/10/15/9/15/5,0,game.feedback.good/bad で行動の正否を提示する; キャラ/モチーフを game.draw.sprite で描く; 背景に game.draw.gradient を使う(黒一色回避)
96,096-digit-duel.js,digit-duel,1,数字対決,2つの数が現れた瞬間に大きい方をタップする電光石火の判断力,左右どちらか大きい数をタップ,2問正解  失敗: 3回ミス or 25秒,145,,,size_judge,high,override,25,2,2,1800,3,se_failure se_success se_tap,bgm_main,false,false,false,,false,false,false,false,false,false,TAP THE BIGGER NUMBER,26,21,true,false,数字対決アリーナ。左右の数字が対決、大きい方を素早く選ぶ。,,true,true,true,true,true,69,20/10/15/9/10/5,0,game.feedback.good/bad で行動の正否を提示する; キャラ/モチーフを game.draw.sprite で描く; 背景に game.draw.gradient を使う(黒一色回避)
97,097-volcano-escape.js,volcano-escape,1,火山脱出,上昇する溶岩から足場を登って逃げ続けるサバイバル,スワイプ上でジャンプ、左右でレーン移動,5秒生き残る  失敗: 溶岩に飲まれる,156,,,camera_climb,high,override,5,,1,1800,3,se_failure se_success se_tap,bgm_main,false,false,false,,false,false,false,false,false,false,"SWIPE UP=JUMP, L/R=MOVE",17,23,true,false,噴火する火山。迫る溶岩から足場を登って脱出する。,,true,true,true,true,true,69,20/10/15/9/10/5,0,game.feedback.good/bad で行動の正否を提示する; キャラ/モチーフを game.draw.sprite で描く; 背景に game.draw.gradient を使う(黒一色回避)
98,098-card-flip-war.js,card-flip-war,1,カードウォー,手札から1枚選び相手の1枚より強ければ勝ち、運と読みの勝負,タップで手札のカードを選んでめくる,1勝  失敗: 相手が1勝 or 40秒,146,,,judge,high,override,40,1,1,1800,3,se_failure se_success se_tap,bgm_main,false,false,false,,false,false,false,false,false,false,PICK A CARD TO BEAT THE RIVAL,25,29,true,false,カード決闘テーブル。相手の1枚に勝る手札を選び出す。,,true,true,true,true,true,74,20/10/15/9/15/5,0,game.feedback.good/bad で行動の正否を提示する; キャラ/モチーフを game.draw.sprite で描く; 背景に game.draw.gradient を使う(黒一色回避)
99,099-pinball-aim.js,pinball-aim,1,ピンボールエイム,発射角を調整して狙ったターゲットにボールを当てる一発集中,スワイプ左右で角度調整、タップで発射,ターゲット1個撃破  失敗: 弾切れ or 30秒,161,,,aim_shoot,high,override,30,1,2,1800,3,se_failure se_success se_tap,bgm_main,false,false,false,,false,false,false,false,false,false,"SWIPE TO AIM, TAP TO SHOOT",18,26,true,false,射的キャビネット。角度を定めボールを反射させ標的を狙い撃つ。,,true,true,true,true,true,67,13/10/15/9/15/5,0,game.feedback.good/bad で行動の正否を提示する; 全入力ハンドラで即時フィードバック(feedback/fx/audio)を返す; キャラ/モチーフを game.draw.sprite で描く
100,100-century-sprint.js,century-sprint,1,100メートル走,左右交互タップのリズムで加速しゴールテープを切る爽快感,左右交互に素早くタップしてランナーを加速,時間内にゴール  失敗: 15秒オーバー,142,,,alternate_tap,high,override,15,,1,1800,3,se_failure se_success se_tap,bgm_main,false,false,false,,false,false,false,false,false,false,TAP L/R ALTERNATELY TO RUN,15,26,true,false,ナイター競技場。左右交互タップでランナーを加速しゴールを切る。,,true,true,true,true,true,69,20/10/15/9/10/5,0,game.feedback.good/bad で行動の正否を提示する; キャラ/モチーフを game.draw.sprite で描く; 背景に game.draw.gradient を使う(黒一色回避)
101,101-magnet-maze.js,magnet-maze,3,磁石迷路,タップした位置に磁力を出し、ボールを引き寄せてゴールへ導く,タップで磁力を発生させてボールを誘導,ゴールに到達  失敗: 壁に激突 or 25秒,156,,,guide_path,high,override,25,,1,1800,3,se_failure se_success se_tap,bgm_main,false,false,false,,false,false,false,false,false,false,TAP TO PULL THE BALL TO GOAL,13,28,true,false,磁力ラボ。タップで磁極を作りボールを引き寄せて迷路のゴールへ運ぶ。,,true,true,true,true,true,64,20/10/15/9/5/5,0,game.feedback.good/bad で行動の正否を提示する; キャラ/モチーフを game.draw.sprite で描く; 背景に game.draw.gradient を使う(黒一色回避)
102,102-jewel-match.js,jewel-match,1,宝石マッチ,落ちてくる宝石を同じ色で連続キャッチしてコンボを繋ぐ,タップで宝石をキャッチ（保持中の色と同じなら加点）,2個収集  失敗: 3回ミスマッチ or 30秒,153,,,judge,high,override,30,2,2,1800,3,se_failure se_success se_tap,bgm_main,false,false,false,,false,false,false,false,false,false,CATCH SAME-COLOR JEWELS,17,23,true,false,宝石鉱山。降り注ぐ宝石を同じ色でキャッチし連鎖を繋ぐ。,,true,true,true,true,true,74,20/10/15/9/15/5,0,game.feedback.good/bad で行動の正否を提示する; キャラ/モチーフを game.draw.sprite で描く; 背景に game.draw.gradient を使う(黒一色回避)
103,103-typewriter.js,typewriter,2,タイプライター,スワイプでパネルを選びタップで文字を打ち、単語を綴る入力端末,4方向スワイプで文字パネルを選び、タップで文字を確定,1単語入力  失敗: 3回ミス or 40秒,162,,,judge,high,override,40,1,1,1800,3,se_failure se_success se_tap,bgm_main,false,false,false,,false,false,false,false,false,false,"SWIPE A PANEL, TAP THE LETTER",31,29,true,false,レトロ入力端末。スワイプで文字パネルを呼び出しタップで綴る。,,true,true,true,true,true,74,20/10/15/9/15/5,0,game.feedback.good/bad で行動の正否を提示する; キャラ/モチーフを game.draw.sprite で描く; 背景に game.draw.gradient を使う(黒一色回避)
104,104-orbit-catch.js,orbit-catch,7,軌道キャッチ,円軌道を回るキャッチャーで落下する隕石を受け止める,タップで周回方向を時計回り/反時計回りに切り替える,2個キャッチ  失敗: 3個落とす or 30秒,152,,,timing_one_shot,high,override,30,2,2,1800,3,se_failure se_success se_tap,bgm_main,false,false,false,,false,false,false,false,false,false,TAP TO REVERSE ORBIT DIRECTION,16,30,true,false,宇宙ステーション。軌道上のキャッチャーで降ってくる隕石を回収する。,,true,true,true,true,true,69,20/10/15/9/10/5,0,game.feedback.good/bad で行動の正否を提示する; キャラ/モチーフを game.draw.sprite で描く; 背景に game.draw.gradient を使う(黒一色回避)
105,105-neon-runner.js,neon-runner,1,ネオンランナー,ネオンシティを走り障害物をジャンプ/スライドで避けるサバイバル,タップ/スワイプ上でジャンプ、スワイプ下でスライド,5秒生き残る  失敗: 障害物に当たる,159,,,camera_run,high,override,5,,1,1800,3,se_failure se_success se_tap,bgm_main,false,false,false,,false,false,false,false,false,false,"TAP=JUMP, SWIPE DOWN=SLIDE",19,26,true,false,ネオンシティを疾走するランナー。障害物を跳んで/滑って回避する。,,true,true,true,true,true,69,20/10/15/9/10/5,0,game.feedback.good/bad で行動の正否を提示する; キャラ/モチーフを game.draw.sprite で描く; 背景に game.draw.gradient を使う(黒一色回避)
106,106-ice-slide.js,ice-slide,7,氷滑り,摩擦のない氷上でパックを壁に反射させ的に当てるカーリング,タップした方向へパックを発射（壁で反射する）,2回的に命中  失敗: 5発撃ち尽くす or 35秒,153,,,guide_path,high,override,35,2,2,1800,3,se_failure se_success se_tap,bgm_main,false,false,false,,false,false,false,false,false,false,TAP A DIRECTION TO SLIDE THE PUCK,16,33,true,false,氷のカーリング場。壁の反射を読んでパックを的へ滑らせる。,,true,true,true,true,true,69,20/10/15/9/10/5,0,game.feedback.good/bad で行動の正否を提示する; キャラ/モチーフを game.draw.sprite で描く; 背景に game.draw.gradient を使う(黒一色回避)
107,107-pixel-paint.js,pixel-paint,7,ピクセルペイント,お手本の色でマスを塗ってドット絵を完成させる塗り絵,下の色を選び、マスをタップして塗る,お手本通りに塗り上げる  失敗: 5回間違える or 50秒,148,,,trace,high,override,50,,1,1800,3,se_failure se_success se_tap,bgm_main,false,false,false,,false,false,false,false,false,false,"PICK A COLOR, PAINT THE PIXELS",14,30,true,false,ドット絵工房。お手本の配色を見てマスを塗りキャラを完成させる。,,true,true,true,true,true,74,20/10/15/9/15/5,0,game.feedback.good/bad で行動の正否を提示する; キャラ/モチーフを game.draw.sprite で描く; 背景に game.draw.gradient を使う(黒一色回避)
108,108-chain-reaction.js,chain-reaction,9,チェーンリアクション,1つの爆発が連鎖して球体を巻き込む一掃の爽快感,タップで爆発を起こす（連鎖で球を巻き込む）,3個以上を連鎖爆破  失敗: 3回チャレンジ失敗 or 30秒,165,,,timing_one_shot,high,override,30,,1,1800,3,se_failure se_success se_tap,bgm_main,false,false,false,,false,false,false,false,false,false,TAP TO START A CHAIN BLAST,28,26,true,false,爆発連鎖チャンバー。1つの爆発が周囲の球を巻き込み連鎖する。,,true,true,true,true,true,69,20/10/15/9/10/5,0,game.feedback.good/bad で行動の正否を提示する; キャラ/モチーフを game.draw.sprite で描く; 背景に game.draw.gradient を使う(黒一色回避)
109,109-sky-diver.js,sky-diver,1,スカイダイバー,落下しながらスワイプで位置を合わせリングを通り抜ける,スワイプ左右で落下位置を調整,2個のリングを通る  失敗: 3個外す or 30秒,155,,,guide_path,high,override,30,2,1,1800,3,se_failure se_success se_tap,bgm_main,false,false,false,,false,false,false,false,false,false,SWIPE L/R TO THREAD THE RINGS,15,29,true,false,上空のスカイダイブ。せり上がるリングに位置を合わせ通り抜ける。,,true,true,true,true,true,62,13/10/15/9/10/5,0,game.feedback.good/bad で行動の正否を提示する; 全入力ハンドラで即時フィードバック(feedback/fx/audio)を返す; キャラ/モチーフを game.draw.sprite で描く
110,110-gravity-flip.js,gravity-flip,12,重力反転,タップで重力を反転し、天井と床の隙間をくぐり抜けるサバイバル,タップで重力反転,5秒間生き残る  失敗: 壁か天井・床に接触,147,,,camera_run,high,override,5,,1,1800,3,se_failure se_success se_tap,bgm_main,false,false,false,,false,false,false,false,false,false,TAP TO FLIP GRAVITY,13,19,true,false,反重力トンネル。天井と床を行き来し障害物の隙間を抜ける。,,true,true,true,true,true,64,20/10/15/9/5/5,0,game.feedback.good/bad で行動の正否を提示する; キャラ/モチーフを game.draw.sprite で描く; 背景に game.draw.gradient を使う(黒一色回避)
111,111-memory-lights.js,memory-lights,1,記憶の光,光ったパネルの順番を覚えてそのまま再現する記憶ゲーム,タップでパネルを選択,レベル2をクリア  失敗: 順番を間違える or 30秒,143,,,memory_sequence,high,override,30,,1,1800,3,se_failure se_success se_tap,bgm_main,false,false,false,,false,false,false,false,false,false,"WATCH, THEN REPEAT THE PATTERN",27,30,true,false,記憶テスト装置。光ったパネル列を記憶し同じ順にタップする。,,true,true,true,true,true,74,20/10/15/9/15/5,0,game.feedback.good/bad で行動の正否を提示する; キャラ/モチーフを game.draw.sprite で描く; 背景に game.draw.gradient を使う(黒一色回避)
112,112-coin-pusher.js,coin-pusher,1,コインプッシャー,プッシャーで押し出しコインを棚の端から落とすゲーセンの定番,タップでコインを投下,3枚を落とす  失敗: 30秒,146,,,push_out,high,override,30,3,1,1800,3,se_failure se_success se_tap,bgm_main,false,false,false,,false,false,false,false,false,false,TAP TO DROP COINS OFF THE EDGE,15,30,true,false,ゲームセンターのコインプッシャー台。押し出しで端から落とす。,,true,true,true,true,true,69,20/10/15/9/10/5,0,game.feedback.good/bad で行動の正否を提示する; キャラ/モチーフを game.draw.sprite で描く; 背景に game.draw.gradient を使う(黒一色回避)
113,113-color-cascade.js,color-cascade,1,カラーカスケード,降ってくる色の雫を同じ色の容器でタップして受ける振り分け,スワイプ左右で容器を選び、タップで雫を受け取る,2個正確に振り分ける  失敗: 3回ミス or 45秒,149,,,judge,high,override,45,2,2,1800,3,se_failure se_success se_tap,bgm_main,false,false,false,,false,false,false,false,false,false,"AIM THE BUCKET, CATCH THE DROP",17,30,true,false,色の滝を仕分けるプラント。同色の容器に雫を落とし込む。,,true,true,true,true,true,74,20/10/15/9/15/5,0,game.feedback.good/bad で行動の正否を提示する; キャラ/モチーフを game.draw.sprite で描く; 背景に game.draw.gradient を使う(黒一色回避)
114,114-pendulum-swing.js,pendulum-swing,2,振り子の弧,完璧なタイミングで手を離して的の足場に飛び込む空中ブランコ,タップで手を離してジャンプ,1回的に着地  失敗: 3回外す or 40秒,149,,,timing_one_shot,high,override,40,1,2,1800,3,se_failure se_success se_tap,bgm_main,false,false,false,,false,false,false,false,false,false,TAP TO RELEASE AND LAND,16,23,true,false,空中ブランコのサーカス。振り子の勢いで的の足場へ飛び移る。,,true,true,true,true,true,69,20/10/15/9/10/5,0,game.feedback.good/bad で行動の正否を提示する; キャラ/モチーフを game.draw.sprite で描く; 背景に game.draw.gradient を使う(黒一色回避)
115,115-maze-runner.js,maze-runner,2,迷宮脱出,壁に触れずスワイプでゴールへたどり着く集中力ゲーム,スワイプで上下左右に1マス移動,ゴールに到達  失敗: 壁に触れる or 30秒,152,,,guide_path,high,override,30,,1,1800,3,se_failure se_success se_tap,bgm_main,false,false,false,,false,false,false,false,false,false,SWIPE TO REACH THE EXIT,18,23,true,false,電子迷宮。壁に触れずゴール端子までスワイプで脱出する。,,true,true,true,true,true,57,13/10/15/9/5/5,0,game.feedback.good/bad で行動の正否を提示する; 全入力ハンドラで即時フィードバック(feedback/fx/audio)を返す; キャラ/モチーフを game.draw.sprite で描く
116,116-rocket-landing.js,rocket-landing,1,ロケット着陸,燃料を節約しながらゆっくり降下してパッドに着地する精密制御の快感,タップでスラスター点火/停止（燃料消費）,着地速度 < 260でパッドに着地  失敗: 速度オーバー or 場外 or 8秒,258,,,balance,high,override,8,,4,1800,3,se_failure se_success se_tap,bgm_main,false,false,false,,false,false,false,false,false,false,TAP TO FIRE THRUSTER · LAND SOFTLY,14,34,true,false,,,true,true,true,true,true,69,20/10/15/4/15/5,0,game.feedback.good/bad で行動の正否を提示する; キャラ/モチーフを game.draw.sprite で描く; 背景に game.draw.gradient を使う(黒一色回避)
117,117-virus-spread.js,virus-spread,1,ウイルス拡散,じわじわ広がる感染をワクチンでブロックする緊張のリアルタイム戦略,タップでワクチン設置（接触した感染セルを無効化）,50%以上のセルを守り抜く  失敗: 60%感染されたら終了 or 8秒,265,,,chase,high,override,8,,4,1800,3,se_failure se_success se_tap,bgm_main,false,false,false,,false,false,false,false,false,false,TAP TO PLACE VACCINE · STOP THE SPREAD,13,38,true,false,,,true,true,true,true,true,74,20/10/15/9/15/5,0,game.feedback.good/bad で行動の正否を提示する; キャラ/モチーフを game.draw.sprite で描く; 背景に game.draw.gradient を使う(黒一色回避)
118,118-basket-shot.js,basket-shot,1,バスケシュート,海流を読んでアーチを描き、狙いの口に発光体を通す爽快感,上スワイプで発射、左右スワイプで足場を移動,制限時間内に 3 発通す  失敗: 時間切れ,245,aim_shoot,ocean,aim_shoot,high,override,13,3,0,1600,6,se_coin se_failure se_jump se_milestone se_success se_tap,,true,false,true,flash,true,true,true,false,false,false,,58,15,true,false,深海の潜水士が、海流を読んで発光体をアーチ状に撃ち、巨大生物の口に届ける,80s NEON,true,false,false,true,true,88,18/20/15/15/15/5,0,全入力ハンドラで即時フィードバック(feedback/fx/audio)を返す
119,119-sand-timer.js,sand-timer,6,砂時計,尽きる寸前の一本を見極めて返す。早すぎても遅すぎても通らない,砂が落ちきる直前の砂時計をタップして返す,6回 返す  失敗: 3本 落としきる or 8秒,327,timing_one_shot,snow,timing_one_shot,high,override,8,6,0,1600,5,se_coin se_failure se_milestone se_success se_tap,,true,false,true,burst flash popup,true,true,true,false,false,false,,54,15,true,false,雪山の山小屋。三つの砂時計が尽きる前に返し続けないと、外の雪が扉を埋める,90s 16bit,true,false,false,true,true,95,25/20/15/15/15/5,0,
120,120-signal-mirror.js,signal-mirror,1,信号ミラー,反射する光線を鏡の角度で操作してターゲットに照準を合わせる,スワイプ左右で鏡の角度を調整,1つのターゲットを照射  失敗: 10秒,281,,,aim_shoot,high,override,10,1,2,1800,3,se_failure se_success se_tap,bgm_main,false,false,false,,false,false,false,false,false,false,SWIPE ◄► TO AIM THE BEAM AT TARGET,14,34,true,false,,,true,true,true,true,true,69,20/10/15/4/15/5,0,game.feedback.good/bad で行動の正否を提示する; キャラ/モチーフを game.draw.sprite で描く; 背景に game.draw.gradient を使う(黒一色回避)
121,121-meteor-shower.js,meteor-shower,3,流星雨,降り注ぐ流星をタップしてエネルギーを収集する宇宙的快感,タップで流星をキャッチ,3個収集  失敗: 6個見逃す or 15秒,259,,,aim_shoot,high,override,15,3,3,1800,3,se_failure se_success se_tap,bgm_main,false,false,false,,false,false,false,false,false,false,TAP FALLING METEORS TO COLLECT,11,30,true,false,,,true,true,true,true,true,69,20/10/15/4/15/5,0,game.feedback.good/bad で行動の正否を提示する; キャラ/モチーフを game.draw.sprite で描く; 背景に game.draw.gradient を使う(黒一色回避)
122,122-freeze-frame.js,freeze-frame,3,フリーズフレーム,旋回する翼竜が裂け目を横切る、その一瞬だけに網を放つ,標的が照準の裂け目に重なった瞬間にタップ,1回 捉える  失敗: 外す or 10秒,260,timing_one_shot,dino,timing_one_shot,high,override,10,,0,1600,5,se_coin se_failure se_milestone se_success se_tap,,true,false,true,burst flash,true,true,true,false,false,false,,52,15,true,false,恐竜時代の断崖。巣へ戻る翼竜が岩の裂け目を横切る刹那、投網を放つ一発勝負,90s BIG SPRITE,true,false,false,true,true,91,25/20/15/11/15/5,0,進捗バーか達成カウンタを常時表示する
123,123-word-scramble.js,word-scramble,1,文字ならべ,バラバラになった文字を正しい順番にスワイプで並べ替えるパズル,スワイプ左右で選択文字を移動、タップで確定,1問解く  失敗: 3回間違える or 20秒,242,,,drag_sort,high,override,20,1,2,1800,3,se_failure se_success se_tap,bgm_main,false,false,false,,false,false,false,false,false,false,SWIPE ◄► TO SORT · TAP TO SUBMIT,26,32,true,false,,,true,true,true,true,true,74,20/10/15/9/15/5,0,game.feedback.good/bad で行動の正否を提示する; キャラ/モチーフを game.draw.sprite で描く; 背景に game.draw.gradient を使う(黒一色回避)
124,124-electric-fence.js,electric-fence,1,電気フェンス,感電しないよう隙間のレーンを合わせてくぐり抜ける緊張感,タップで下方向へレーン切替、スワイプ上下でも移動（3レーン）,フェンスを2枚くぐり抜ける  失敗: 電流に触れる or 10秒,257,,,dodge,high,override,10,,3,1800,3,se_failure se_success se_tap,bgm_main,false,false,false,,false,false,false,false,false,false,MATCH THE GAP LANE · DONT GET ZAPPED,13,36,true,false,,,true,true,true,true,true,69,20/10/15/4/15/5,0,game.feedback.good/bad で行動の正否を提示する; キャラ/モチーフを game.draw.sprite で描く; 背景に game.draw.gradient を使う(黒一色回避)
125,125-glass-cannon.js,glass-cannon,1,ガラス砲,一発で割れる大砲で正確に敵を撃ち抜くハイリスクな一撃必殺感,タップで照準位置を指定、もう一度タップで発射,1体撃破  失敗: 5回外して自壊 or 12秒,293,,,aim_shoot,high,override,12,1,2,1800,3,se_failure se_success se_tap,bgm_main,false,false,false,,false,false,false,false,false,false,TAP TO AIM · TAP AGAIN TO FIRE,26,30,true,false,,,true,true,true,true,true,69,20/10/15/4/15/5,0,game.feedback.good/bad で行動の正否を提示する; キャラ/モチーフを game.draw.sprite で描く; 背景に game.draw.gradient を使う(黒一色回避)
126,126-tempo-tap.js,tempo-tap,4,テンポタップ,鈴の拍にだけ手を合わせる。光る蛍は拍を知らない,鈴が鳴る拍に合わせてタップ(蛍の光に釣られない),3節 通す  失敗: 3回 外す or 15秒,305,rhythm,insect,rhythm,high,override,15,,0,1600,5,se_coin se_failure se_milestone se_success se_tap,,true,true,true,flash popup,true,true,true,false,false,false,,48,15,true,false,夜の草むら。鈴虫の合唱に拍を合わせる。無関係に光る蛍が惑わせてくる,PIXEL HD,true,false,false,true,true,95,25/20/15/15/15/5,0,
127,127-plate-spinner.js,plate-spinner,1,皿回し,回転が遅くなったらタップして勢いを回復させ皿を落とさない集中力,タップで皿に勢いを補給,5秒間すべての皿を回し続ける  失敗: 1枚でも落ちたら終了,242,,,chase,high,override,12,,3,1800,3,se_failure se_success se_tap,bgm_main,false,false,false,,false,false,false,false,false,false,TAP SLOWING PLATES TO KEEP THEM UP,12,34,true,false,,,true,true,true,true,true,69,20/10/15/4/15/5,0,game.feedback.good/bad で行動の正否を提示する; キャラ/モチーフを game.draw.sprite で描く; 背景に game.draw.gradient を使う(黒一色回避)
128,128-tug-of-war.js,tug-of-war,3,綱引き,力強くタップ連打してロープを自陣に引き込む純粋な連打快感,ひたすらタップ連打,ロープを自陣に引き込む  失敗: 相手に引き込まれる or 12秒,230,,,mash,high,override,12,,4,1800,3,se_failure se_success se_tap,bgm_main,false,false,false,,false,false,false,false,false,false,MASH TAP TO PULL THE ROPE!,13,26,true,false,,,true,true,true,true,true,74,20/10/15/9/15/5,0,game.feedback.good/bad で行動の正否を提示する; キャラ/モチーフを game.draw.sprite で描く; 背景に game.draw.gradient を使う(黒一色回避)
129,129-tower-defense-mini.js,tower-defense-mini,1,ミニ防衛,砲塔を向けて敵の波を食い止める瞬間判断のタワーディフェンス,タップで砲台を向ける（近くの敵を自動で狙い撃つ）,1波防衛  失敗: 敵がゴールに3体到達 or 15秒,346,,,aim_shoot,high,override,15,,2,1800,3,se_failure se_success se_tap,bgm_main,false,false,false,,false,false,false,false,false,false,TAP TO AIM · AUTO-FIRE AT ENEMIES,12,33,true,false,,,true,true,true,true,true,74,20/10/15/9/15/5,0,game.feedback.good/bad で行動の正否を提示する; キャラ/モチーフを game.draw.sprite で描く; 背景に game.draw.gradient を使う(黒一色回避)
130,130-bubble-pop.js,bubble-pop,8,バブルポップ,大きな固まりを選んで連鎖消去する爽快な消しゲーム,タップで泡を割る（隣接する同色の泡を連鎖消去）,40%の泡を消す  失敗: 10タップ使い切る or 15秒,262,,,aim_shoot,high,override,15,,2,1800,3,se_failure se_success se_tap,bgm_main,false,false,false,,false,false,false,false,false,false,TAP BIG CLUSTERS OF SAME COLOR,11,30,true,false,,,true,true,true,true,true,74,20/10/15/9/15/5,0,game.feedback.good/bad で行動の正否を提示する; キャラ/モチーフを game.draw.sprite で描く; 背景に game.draw.gradient を使う(黒一色回避)
131,131-shadow-puppet.js,shadow-puppet,5,影絵当て,シルエットが何かを当てて正しい選択肢をタップする直感推理ゲーム,タップで答えを選ぶ,1問正解  失敗: 3回間違える or 15秒,229,,,judge,high,override,15,1,2,1800,3,se_failure se_success se_tap,bgm_main,false,false,false,,false,false,false,false,false,false,GUESS THE SILHOUETTE · TAP THE ANSWER,34,37,true,false,,,true,true,true,true,true,69,20/10/15/9/10/5,0,game.feedback.good/bad で行動の正否を提示する; キャラ/モチーフを game.draw.sprite で描く; 背景に game.draw.gradient を使う(黒一色回避)
132,132-equation-rush.js,equation-rush,1,計算ラッシュ,流れる数式の答えが正しいか素早く判断するスピード暗算の脳トレ,画面左タップ=正しい / 画面右タップ=間違い,2問連続判断  失敗: 5回ミス or 15秒,168,,,judge,high,override,15,2,2,1800,3,se_failure se_success se_tap,bgm_main,false,false,false,,false,false,false,false,false,false,LEFT = CORRECT · RIGHT = WRONG,16,30,true,false,,,true,true,true,true,true,69,20/10/15/9/10/5,0,game.feedback.good/bad で行動の正否を提示する; キャラ/モチーフを game.draw.sprite で描く; 背景に game.draw.gradient を使う(黒一色回避)
133,133-boomerang.js,boomerang,2,ブーメラン,投げたブーメランが戻ってくるタイミングでキャッチする間合いゲーム,タップで投げる、戻ってきたらもう一度タップでキャッチ,1回キャッチ  失敗: 5回ミス or 15秒,249,,,timing_one_shot,high,override,15,1,3,1800,3,se_failure se_success se_tap,bgm_main,false,false,false,,false,false,false,false,false,false,TAP TO THROW · TAP AGAIN TO CATCH,30,33,true,false,,,true,true,true,true,true,74,20/10/15/9/15/5,0,game.feedback.good/bad で行動の正否を提示する; キャラ/モチーフを game.draw.sprite で描く; 背景に game.draw.gradient を使う(黒一色回避)
134,134-tile-flip.js,tile-flip,8,タイルフリップ,タップするたび隣も反転。全タイルを同色に揃える論理パズル,タップでタイルを選択（隣接タイルも同時反転）,全タイルを同色に揃える  失敗: 10手以内に解けない or 15秒,185,,,judge,high,override,15,,3,1800,3,se_failure se_success se_tap,bgm_main,false,false,false,,false,false,false,false,false,false,TAP TILES · NEIGHBORS FLIP TOO,11,30,true,false,,,true,true,true,true,true,69,20/10/15/4/15/5,0,game.feedback.good/bad で行動の正否を提示する; キャラ/モチーフを game.draw.sprite で描く; 背景に game.draw.gradient を使う(黒一色回避)
135,135-ninja-slice.js,ninja-slice,2,忍者斬り,飛んでくる物を素早くスワイプで斬り、爆弾は避ける反射神経ゲーム,スワイプで物を斬る（爆弾はNG）,3個斬る  失敗: 爆弾3回 or 5個見逃す or 15秒,262,,,slice,high,override,15,3,3,1800,3,se_failure se_success se_tap,bgm_main,false,false,false,,false,false,false,false,false,false,SWIPE TO SLICE · AVOID BOMBS,19,28,true,false,,,true,true,true,true,true,74,20/10/15/9/15/5,0,game.feedback.good/bad で行動の正否を提示する; キャラ/モチーフを game.draw.sprite で描く; 背景に game.draw.gradient を使う(黒一色回避)
136,136-power-surge.js,power-surge,2,パワーサージ,エネルギーゲージをゾーン内で止める精密なタイミングゲーム,タップでチャージ開始、もう一度でリリース（ゾーン内で成功）,1回ゾーン内にリリース  失敗: 5回外す or 15秒,209,,,count_exact,high,override,15,1,4,1800,3,se_failure se_success se_tap,bgm_main,false,false,false,,false,false,false,false,false,false,TAP TO CHARGE · TAP AGAIN IN THE ZONE,19,37,true,false,,,true,true,true,true,true,69,20/10/15/4/15/5,0,game.feedback.good/bad で行動の正否を提示する; キャラ/モチーフを game.draw.sprite で描く; 背景に game.draw.gradient を使う(黒一色回避)
137,137-ant-highway.js,ant-highway,1,アリの道,行列を乱す障害物をタップで除去してアリをゴールへ導く誘導ゲーム,タップで障害物を除去（障害物は自動再生成）,5匹のアリをゴールへ  失敗: 20匹が迷子 or 15秒,228,,,chase,high,override,15,5,2,1800,3,se_failure se_success se_tap,bgm_main,false,false,false,,false,false,false,false,false,false,TAP TO CLEAR OBSTACLES · GUIDE THE ANTS,11,39,true,false,,,true,true,true,true,true,69,20/10/15/4/15/5,0,game.feedback.good/bad で行動の正否を提示する; キャラ/モチーフを game.draw.sprite で描く; 背景に game.draw.gradient を使う(黒一色回避)
138,138-keyhole.js,keyhole,1,鍵穴,回転する鍵を正しい向きでタップして錠前を開ける瞬間の達成感,タップで鍵を止める（正しい角度でないとNG）,1つの錠前を開ける  失敗: 4回失敗 or 15秒,198,,,timing_one_shot,high,override,15,1,3,1800,3,se_failure se_success se_tap,bgm_main,false,false,false,,false,false,false,false,false,false,TAP WHEN THE KEY LINES UP,14,25,true,false,,,true,true,true,true,true,69,20/10/15/4/15/5,0,game.feedback.good/bad で行動の正否を提示する; キャラ/モチーフを game.draw.sprite で描く; 背景に game.draw.gradient を使う(黒一色回避)
139,139-balance-scales.js,balance-scales,1,天秤,積み重なるおもりを見て重い方を素早く選ぶ直感的な重さ判定ゲーム,タップ左/右で重い方を選択,2問正解  失敗: 4回ミス or 15秒,183,,,size_judge,high,override,15,2,2,1800,3,se_failure se_success se_tap,bgm_main,false,false,false,,false,false,false,false,false,false,TAP THE HEAVIER SIDE,14,20,true,false,,,true,true,true,true,true,74,20/10/15/9/15/5,0,game.feedback.good/bad で行動の正否を提示する; キャラ/モチーフを game.draw.sprite で描く; 背景に game.draw.gradient を使う(黒一色回避)
140,140-domino-fall.js,domino-fall,3,ドミノ倒し,最初の1枚を倒す瞬間の連鎖の興奮を体験する,タップで先頭のドミノを押す,全ドミノ倒す  失敗: 10秒以内に倒しきれない,182,,,timing_one_shot,high,override,10,,2,1800,3,se_failure se_success se_tap,bgm_main,false,false,false,,false,false,false,false,false,false,TAP TO PUSH THE FIRST DOMINO,13,28,true,false,,,true,true,true,true,true,69,20/10/15/4/15/5,0,game.feedback.good/bad で行動の正否を提示する; キャラ/モチーフを game.draw.sprite で描く; 背景に game.draw.gradient を使う(黒一色回避)
141,141-countdown-stop.js,countdown-stop,2,カウントダウン止め,0になる寸前でタップする究極の「待つ」緊張感,タップでスタート、0に近づけてもう一度タップで止める,1回ジャストで止める  失敗: 4回ミス or 15秒,177,,,timing_one_shot,high,override,15,1,3,1800,3,se_failure se_success se_tap,bgm_main,false,false,false,,false,false,false,false,false,false,STOP THE TIMER JUST BEFORE ZERO,16,31,true,false,,,true,true,true,true,true,69,20/10/15/9/10/5,0,game.feedback.good/bad で行動の正否を提示する; キャラ/モチーフを game.draw.sprite で描く; 背景に game.draw.gradient を使う(黒一色回避)
142,142-snowball-roll.js,snowball-roll,1,雪玉転がし,転がしながら大きくなる雪玉で敵を踏み潰す爽快感,左右スワイプで転がす方向を変える,2体踏み潰す  失敗: 壁に3回ぶつかる or 15秒,222,,,chase,high,override,15,2,2,1800,3,se_failure se_success se_tap,bgm_main,false,false,false,,false,false,false,false,false,false,SWIPE ◄► TO CHANGE DIRECTION,14,28,true,false,,,true,true,true,true,true,74,20/10/15/9/15/5,0,game.feedback.good/bad で行動の正否を提示する; キャラ/モチーフを game.draw.sprite で描く; 背景に game.draw.gradient を使う(黒一色回避)
143,143-light-beam.js,light-beam,1,ライトビーム,鏡の向きを変えて、一本の光を的まで通す,鏡をタップして向きを変える(動かない鏡が混ざる),5つ 的を灯す  失敗: 3回 時間内に通せない or 25秒,361,connect,custom,connect,high,override,25,5,0,1600,5,se_coin se_failure se_milestone se_success se_tap,,true,false,true,burst flash popup,true,true,true,false,false,false,,28,12,true,false,夜の街の設計図。配線図の上で光を折り返し、指定の灯へ届かせる,1BIT INK,true,false,false,true,true,95,25/20/15/15/15/5,0,
144,144-traffic-cross.js,traffic-cross,1,交差点横断,車が途切れた瞬間を見極めてキャラを渡らせる瞬時判断ゲーム,タップでキャラを前進（2回で渡り切る）,1回渡る  失敗: 3回轢かれる or 15秒,210,,,timing_window,high,override,15,1,2,1800,3,se_failure se_success se_tap,bgm_main,false,false,false,,false,false,false,false,false,false,TAP TO STEP FORWARD · DODGE CARS,13,32,true,false,,,true,true,true,true,true,74,20/10/15/9/15/5,0,game.feedback.good/bad で行動の正否を提示する; キャラ/モチーフを game.draw.sprite で描く; 背景に game.draw.gradient を使う(黒一色回避)
145,145-wire-connect.js,wire-connect,2,配線つなぎ,回路を繋いで電流を流す達成感のあるパズルゲーム,タップで電線を90度回転,1面クリア  失敗: 20秒,195,,,connect,high,override,20,1,2,1800,3,se_failure se_success se_tap,bgm_main,false,false,false,,false,false,false,false,false,false,TAP WIRES TO ROTATE · POWER THE ★,10,33,true,false,,,true,true,true,true,true,69,20/10/15/4/15/5,0,game.feedback.good/bad で行動の正否を提示する; キャラ/モチーフを game.draw.sprite で描く; 背景に game.draw.gradient を使う(黒一色回避)
146,146-hot-potato.js,hot-potato,5,爆弾パス,爆発する前に爆弾を投げ続けるスリリングなカウントゲーム,タップで敵に爆弾を投げる,爆弾を2回投げる  失敗: 爆弾を持ったまま爆発 or 15秒,215,,,swipe_direction,high,override,15,2,2,1800,3,se_failure se_success se_tap,bgm_main,false,false,false,,false,false,false,false,false,false,TAP AN ENEMY TO THROW THE BOMB,24,30,true,false,,,true,true,true,true,true,64,20/10/15/4/10/5,0,game.feedback.good/bad で行動の正否を提示する; キャラ/モチーフを game.draw.sprite で描く; 背景に game.draw.gradient を使う(黒一色回避)
147,147-spin-top.js,spin-top,1,コマ回し,コマが倒れる前にタップして回転力を補充するバランスゲーム,タップでスピン加速,8秒間コマを倒さない  失敗: コマが倒れる(スピンゼロ),170,,,balance,high,override,15,,1,1800,3,se_failure se_success se_tap,bgm_main,false,false,false,,false,false,false,false,false,false,TAP TO KEEP THE TOP SPINNING,13,28,true,false,,,true,true,true,true,true,69,20/10/15/4/15/5,0,game.feedback.good/bad で行動の正否を提示する; キャラ/モチーフを game.draw.sprite で描く; 背景に game.draw.gradient を使う(黒一色回避)
148,148-target-lock.js,target-lock,3,ターゲットロック,動く敵をロックオンしてミサイルを発射する戦術ゲーム,タップでロックオン、もう一度で発射,2機撃墜  失敗: 3機逃す or 15秒,222,,,aim_shoot,high,override,15,2,2,1800,3,se_failure se_success se_tap,bgm_main,false,false,false,,false,false,false,false,false,false,TAP TO LOCK · TAP AGAIN TO FIRE,17,31,true,false,,,true,true,true,true,true,69,20/10/15/4/15/5,0,game.feedback.good/bad で行動の正否を提示する; キャラ/モチーフを game.draw.sprite で描く; 背景に game.draw.gradient を使う(黒一色回避)
149,149-fruit-sorter.js,fruit-sorter,1,フルーツ仕分け,落ちてくるフルーツを色で判断して正しいカゴに仕分ける瞬発力ゲーム,左右タップ/スワイプでカゴをスライド,3個仕分け成功  失敗: 5個ミス or 15秒,204,,,drag_follow,high,override,15,3,2,1800,3,se_failure se_success se_tap,bgm_main,false,false,false,,false,false,false,false,false,false,TAP ◄► TO SLIDE THE BASKETS,13,27,true,false,,,true,true,true,true,true,67,13/10/15/9/15/5,0,game.feedback.good/bad で行動の正否を提示する; 全入力ハンドラで即時フィードバック(feedback/fx/audio)を返す; キャラ/モチーフを game.draw.sprite で描く
150,150-whack-rhythm.js,whack-rhythm,2,リズムモグラ,音楽のビートに合わせてタイミングよくモグラを叩く快感,タップで叩く,4ヒット  失敗: 5回外す or 15秒,195,,,rhythm,high,override,15,4,2,1800,3,se_failure se_success se_tap,bgm_main,false,false,false,,false,false,false,false,false,false,TAP MOLES ON THE BEAT,11,21,true,false,,,true,true,true,true,true,74,20/10/15/9/15/5,0,game.feedback.good/bad で行動の正否を提示する; キャラ/モチーフを game.draw.sprite で描く; 背景に game.draw.gradient を使う(黒一色回避)
151,151-mirror-match.js,mirror-match,2,鏡文字,左右反転した図形を見て正しい向きのものを選ぶ空間認識ゲーム,タップで左右どちらかを選択,2問正解  失敗: 4回ミス or 15秒,179,,,judge,high,override,15,2,2,1800,3,se_failure se_success se_tap,bgm_main,false,false,false,,false,false,false,false,false,false,PICK THE ONE MATCHING THE TOP,14,29,true,false,,,true,true,true,true,true,74,20/10/15/9/15/5,0,game.feedback.good/bad で行動の正否を提示する; キャラ/モチーフを game.draw.sprite で描く; 背景に game.draw.gradient を使う(黒一色回避)
152,152-slingshot.js,slingshot,1,パチンコ,ゴムの張力を感じながら狙いを定めて放つ爽快感,的の方向をタップして発射（引く強さは距離で決まる）,1個の的を割る  失敗: 8発撃ち尽くす or 15秒,193,,,aim_shoot,high,override,15,1,3,1800,3,se_failure se_success se_tap,bgm_main,false,false,false,,false,false,false,false,false,false,TAP TOWARD A TARGET TO FIRE,11,27,true,false,,,true,true,true,true,true,69,20/10/15/4/15/5,0,game.feedback.good/bad で行動の正否を提示する; キャラ/モチーフを game.draw.sprite で描く; 背景に game.draw.gradient を使う(黒一色回避)
153,153-bubble-level.js,bubble-level,3,バブル水準器,気泡が中央ゾーンに来るように動かして保持する精密ゲーム,タップ/スワイプで気泡を動かす,気泡を中央に2秒間保持  失敗: 15秒,175,,,balance,high,override,15,,2,1800,3,se_failure se_success se_tap,bgm_main,false,false,false,,false,false,false,false,false,false,TAP TO NUDGE BUBBLE TO CENTER,16,29,true,false,,,true,true,true,true,true,69,20/10/15/4/15/5,0,game.feedback.good/bad で行動の正否を提示する; キャラ/モチーフを game.draw.sprite で描く; 背景に game.draw.gradient を使う(黒一色回避)
154,154-pendulum-time.js,pendulum-time,1,振り子タイミング,揺れる振り子が的に重なる瞬間を狙って止める快感,タップで振り子を止める,1回命中  失敗: 3回外す or 15秒,174,,,timing_one_shot,high,override,15,1,3,1800,3,se_failure se_success se_tap,bgm_main,false,false,false,,false,false,false,false,false,false,TAP TO STOP ON THE ★ ZONE,13,25,true,false,,,true,true,true,true,true,69,20/10/15/9/10/5,0,game.feedback.good/bad で行動の正否を提示する; キャラ/モチーフを game.draw.sprite で描く; 背景に game.draw.gradient を使う(黒一色回避)
155,155-stack-tower.js,stack-tower,4,積み上げタワー,動くブロックをタップして積む、ずれた分だけ削れる緊張感,タップでブロックを落とす,2段積む  失敗: ブロック幅が40px以下 or 15秒,168,,,stack,high,override,15,2,2,1800,3,se_failure se_success se_tap,bgm_main,false,false,false,,false,false,false,false,false,false,TAP TO DROP THE BLOCK,11,21,true,false,,,true,true,true,true,true,69,20/10/15/4/15/5,0,game.feedback.good/bad で行動の正否を提示する; キャラ/モチーフを game.draw.sprite で描く; 背景に game.draw.gradient を使う(黒一色回避)
156,156-shadow-chase.js,shadow-chase,2,影踏み鬼,動くスポットライトの外に出たら即アウト、追い詰められる息苦しさ,タップ/スワイプで逃げる方向を指定,5秒生き延びる  失敗: スポットライト外に出る,172,,,dodge,high,override,,5,1,1800,3,se_failure se_success se_tap,bgm_main,false,false,false,,false,false,false,false,false,false,STAY IN THE LIGHT · TAP TO MOVE,15,31,true,false,,,true,true,true,true,true,69,20/10/15/4/15/5,0,game.feedback.good/bad で行動の正否を提示する; キャラ/モチーフを game.draw.sprite で描く; 背景に game.draw.gradient を使う(黒一色回避)
157,157-simon-flash.js,simon-flash,1,サイモンフラッシュ,光るパターンを記憶して同じ順に再現する記憶ゲーム,タップで色を選ぶ,1ラウンドクリア  失敗: 1回ミス or 15秒,166,,,memory_sequence,high,override,15,1,2,1800,3,se_failure se_success se_tap,bgm_main,false,false,false,,false,false,false,false,false,false,WATCH · THEN REPEAT THE ORDER,20,29,true,false,,,true,true,true,true,true,74,20/10/15/9/15/5,0,game.feedback.good/bad で行動の正否を提示する; キャラ/モチーフを game.draw.sprite で描く; 背景に game.draw.gradient を使う(黒一色回避)
158,158-gap-runner.js,gap-runner,1,隙間抜け,迫り来る壁の隙間を見切って通り抜ける緊張と爽快感,タップ上/下でレーン移動（3レーン）,2枚の壁を通過  失敗: 壁に当たる or 15秒,182,,,dodge,high,override,15,2,2,1800,3,se_failure se_success se_tap,bgm_main,false,false,false,,false,false,false,false,false,false,TAP UP/DOWN TO DODGE THROUGH GAPS,13,33,true,false,,,true,true,true,true,true,62,13/10/15/4/15/5,0,game.feedback.good/bad で行動の正否を提示する; 全入力ハンドラで即時フィードバック(feedback/fx/audio)を返す; キャラ/モチーフを game.draw.sprite で描く
159,159-tug-of-war.js,tug-of-war,3,綱引き,連打で綱を引き、相手チームを引きずり込む筋肉の燃え感,タップ連打で引く,1本先取  失敗: 1本取られる or 15秒,168,,,mash,high,override,15,,2,1800,3,se_failure se_success se_tap,bgm_main,false,false,false,,false,false,false,false,false,false,MASH TAP TO PULL THE ROPE,14,25,true,false,,,true,true,true,true,true,74,20/10/15/9/15/5,0,game.feedback.good/bad で行動の正否を提示する; キャラ/モチーフを game.draw.sprite で描く; 背景に game.draw.gradient を使う(黒一色回避)
160,160-ice-slide.js,ice-slide,7,氷上スライド,摩擦のない氷の上でパックを操り、ゴールに滑り込ませる精密さ,ゴール方向をタップして蹴る（強さは距離で決まる）,1ゴール  失敗: 5回外す or 15秒,206,,,guide_path,high,override,15,1,2,1800,3,se_failure se_success se_tap,bgm_main,false,false,false,,false,false,false,false,false,false,TAP TOWARD THE GOAL TO SHOOT,11,28,true,false,,,true,true,true,true,true,74,20/10/15/9/15/5,0,game.feedback.good/bad で行動の正否を提示する; キャラ/モチーフを game.draw.sprite で描く; 背景に game.draw.gradient を使う(黒一色回避)
161,161-number-drop.js,number-drop,1,数字落下,落ちてくる数字を昇順にタップする、頭が追いつかない焦り,タップで数字を選ぶ,1〜3を順番に全タップ  失敗: 順番を間違える or 15秒,159,,,spot,high,override,15,,2,1800,3,se_failure se_success se_tap,bgm_main,false,false,false,,false,false,false,false,false,false,TAP NUMBERS IN ORDER 1-3,12,24,true,false,,,true,true,true,true,true,69,20/10/15/4/15/5,0,game.feedback.good/bad で行動の正否を提示する; キャラ/モチーフを game.draw.sprite で描く; 背景に game.draw.gradient を使う(黒一色回避)
162,162-ricochet-shot.js,ricochet-shot,1,壁当てスナイパー,反射角を計算して壁越しに的を狙い撃つ頭脳戦,タップで射角を指定して発射,1発命中  失敗: 8発撃ち尽くす or 15秒,175,,,trajectory,high,override,15,1,3,1800,3,se_failure se_success se_tap,bgm_main,false,false,false,,false,false,false,false,false,false,TAP TO AIM · BANK OFF WALLS TO HIT ●,11,36,true,false,,,true,true,true,true,true,69,20/10/15/4/15/5,0,game.feedback.good/bad で行動の正否を提示する; キャラ/モチーフを game.draw.sprite で描く; 背景に game.draw.gradient を使う(黒一色回避)
163,163-balance-board.js,balance-board,1,バランスボード,傾くシーソーの上でキャラクターのバランスを保ち続ける感覚,タップ左右でキャラクターを移動させる,6秒バランスを保つ  失敗: 傾きが60度を超える,178,,,balance,high,override,,6,2,1800,3,se_failure se_success se_tap,bgm_main,false,false,false,,false,false,false,false,false,false,TAP LEFT/RIGHT TO KEEP BALANCE,12,30,true,false,,,true,true,true,true,true,69,20/10/15/4/15/5,0,game.feedback.good/bad で行動の正否を提示する; キャラ/モチーフを game.draw.sprite で描く; 背景に game.draw.gradient を使う(黒一色回避)
164,164-morse-code.js,morse-code,1,モールス信号,点と線の組み合わせを解読して文字を当てる暗号ゲーム,タップ左=点(•) 右=線(—),1文字正解  失敗: 3回ミス or 15秒,202,,,judge,high,override,15,1,2,1800,3,se_failure se_success se_tap,bgm_main,false,false,false,,false,false,false,false,false,false,READ THE SIGNAL · LEFT=• RIGHT=—,14,32,true,false,,,true,true,true,true,true,74,20/10/15/9/15/5,0,game.feedback.good/bad で行動の正否を提示する; キャラ/モチーフを game.draw.sprite で描く; 背景に game.draw.gradient を使う(黒一色回避)
165,165-beat-step.js,beat-step,1,ビートステップ,音楽のビートが光るタイミングで踏むリズム感ゲーム,光ったパネルをタップ,3回ジャストタイミング  失敗: 8回ミス or 15秒,182,,,rhythm,high,override,15,3,2,1800,3,se_failure se_success se_tap,bgm_main,false,false,false,,false,false,false,false,false,false,TAP THE GLOWING PANELS,10,22,true,false,,,true,true,true,true,true,74,20/10/15/9/15/5,0,game.feedback.good/bad で行動の正否を提示する; キャラ/モチーフを game.draw.sprite で描く; 背景に game.draw.gradient を使う(黒一色回避)
166,166-code-crack.js,code-crack,1,金庫破り,回るダイヤルを止めて正しい数字に合わせる緊張感,タップでダイヤルを止める,2桁のコードを合わせる  失敗: 1桁でも外す or 15秒,172,,,timing_one_shot,high,override,15,,3,1800,3,se_failure se_success se_tap,bgm_main,false,false,false,,false,false,false,false,false,false,TAP TO STOP EACH DIAL ON ITS NUMBER,17,35,true,false,,,true,true,true,true,true,69,20/10/15/4/15/5,0,game.feedback.good/bad で行動の正否を提示する; キャラ/モチーフを game.draw.sprite で描く; 背景に game.draw.gradient を使う(黒一色回避)
167,167-tempo-keeper.js,tempo-keeper,1,テンポキーパー,メトロノームのテンポを感じて正確に再現する音楽感覚ゲーム,タップでビートを刻む,1回ジャスト判定  失敗: 外れが5回 or 15秒,174,,,rhythm,high,override,15,1,3,1800,3,se_failure se_success se_tap,bgm_main,false,false,false,,false,false,false,false,false,false,TAP ON THE BEAT AT EACH SWING END,16,33,true,false,,,true,true,true,true,true,59,20/10/15/4/5/5,0,game.feedback.good/bad で行動の正否を提示する; キャラ/モチーフを game.draw.sprite で描く; 背景に game.draw.gradient を使う(黒一色回避)
168,168-chain-reaction.js,chain-reaction,9,連鎖爆発,最初の一発から爆発が広がる達成感、最大連鎖を狙え,タップで爆発を開始する位置を選ぶ,爆発が40%以上に連鎖  失敗: 40%未満 or 10秒,177,,,timing_one_shot,high,override,10,,3,1800,3,se_failure se_success se_tap,bgm_main,false,false,false,,false,false,false,false,false,false,TAP TO START THE BLAST · CHAIN THEM ALL,21,39,true,false,,,true,true,true,true,true,69,20/10/15/4/15/5,0,game.feedback.good/bad で行動の正否を提示する; キャラ/モチーフを game.draw.sprite で描く; 背景に game.draw.gradient を使う(黒一色回避)
169,169-gravity-flip.js,gravity-flip,12,重力反転,タップするたびに重力が上下逆転、壁をかわしながら飛び続ける爽快感,タップで重力反転,6秒生き延びる  失敗: 壁に当たる,164,,,camera_run,high,override,,6,1,1800,3,se_failure se_success se_tap,bgm_main,false,false,false,,false,false,false,false,false,false,TAP TO FLIP GRAVITY · DODGE WALLS,12,33,true,false,,,true,true,true,true,true,64,20/10/15/4/10/5,0,game.feedback.good/bad で行動の正否を提示する; キャラ/モチーフを game.draw.sprite で描く; 背景に game.draw.gradient を使う(黒一色回避)
170,170-turret-aim.js,turret-aim,1,回転砲台,ゆっくり回る砲口が的を向いた瞬間に撃て、狙い待ちの緊張感,タップで発射,1発命中  失敗: 5発外す or 15秒,191,,,aim_shoot,high,override,15,1,2,1800,3,se_failure se_success se_tap,bgm_main,false,false,false,,false,false,false,false,false,false,TAP TO FIRE WHEN AIMED AT ●,10,27,true,false,,,true,true,true,true,true,69,20/10/15/4/15/5,0,game.feedback.good/bad で行動の正否を提示する; キャラ/モチーフを game.draw.sprite で描く; 背景に game.draw.gradient を使う(黒一色回避)
171,171-jump-timing.js,jump-timing,1,ジャンプ台,走るキャラが台の先端でジャンプしてギャップを越えるスカッと感,タップでジャンプ,1回ギャップを越える  失敗: 3回落下 or 15秒,201,,,camera_run,high,override,15,1,3,1800,3,se_failure se_success se_tap,bgm_main,false,false,false,,false,false,false,false,false,false,TAP AT THE RAMP EDGE TO LEAP,21,28,true,false,,,true,true,true,true,true,69,20/10/15/4/15/5,0,game.feedback.good/bad で行動の正否を提示する; キャラ/モチーフを game.draw.sprite で描く; 背景に game.draw.gradient を使う(黒一色回避)
172,172-magnet-maze.js,magnet-maze,3,磁石迷路,磁力で引き寄せられる玉を壁で弾きながらゴールへ導く吸いつき感,タップした位置に磁石を置き、N/S極を切り替え,ゴール到達  失敗: 20秒以内に着かない,175,,,guide_path,high,override,20,,2,1800,3,se_failure se_success se_tap,bgm_main,false,false,false,,false,false,false,false,false,false,TAP TO PLACE MAGNET · GUIDE BALL TO G,12,37,true,false,,,true,true,true,true,true,69,20/10/15/4/15/5,0,game.feedback.good/bad で行動の正否を提示する; キャラ/モチーフを game.draw.sprite で描く; 背景に game.draw.gradient を使う(黒一色回避)
173,173-light-switch.js,light-switch,2,電球パターン,光ったパターンを覚えて、消えたあとに同じ状態を再現する記憶力,タップでマスをON/OFF、確定ボタンで判定,1問正解  失敗: 3回ミス or 15秒,158,,,memory_sequence,high,override,15,1,3,1800,3,se_failure se_success se_tap,bgm_main,false,false,false,,false,false,false,false,false,false,MEMORIZE THE LIT PATTERN · REPRODUCE IT,33,39,true,false,,,true,true,true,true,true,74,20/10/15/9/15/5,0,game.feedback.good/bad で行動の正否を提示する; キャラ/モチーフを game.draw.sprite で描く; 背景に game.draw.gradient を使う(黒一色回避)
174,174-catch-rain.js,catch-rain,1,雨水収穫,落ちてくる雨粒を移動バケツで受け止め、各色を集める集中力,スワイプ/タップで3つのバケツを左右移動,3色を各2滴ずつ集める  失敗: 間違いを20滴 or 15秒,183,,,drag_follow,high,override,15,,2,1800,3,se_failure se_success se_tap,bgm_main,false,false,false,,false,false,false,false,false,false,TAP ◄► TO SLIDE BUCKETS UNDER DROPS,14,35,true,false,,,true,true,true,true,true,74,20/10/15/9/15/5,0,game.feedback.good/bad で行動の正否を提示する; キャラ/モチーフを game.draw.sprite で描く; 背景に game.draw.gradient を使う(黒一色回避)
175,175-spiral-dodge.js,spiral-dodge,1,スパイラル回避,迫ってくる弾を軌道上でくるりとかわす集中力ゲーム,タップで自機を時計回り/反時計回りに切り替え,6秒生き延びる  失敗: 弾に当たる,158,,,dodge,high,override,,6,2,1800,3,se_failure se_success se_tap,bgm_main,false,false,false,,false,false,false,false,false,false,TAP TO REVERSE · DODGE THE BULLETS,13,34,true,false,,,true,true,true,true,true,69,20/10/15/4/15/5,0,game.feedback.good/bad で行動の正否を提示する; キャラ/モチーフを game.draw.sprite で描く; 背景に game.draw.gradient を使う(黒一色回避)
176,176-hot-tiles.js,hot-tiles,1,熱板渡り,熱くなるタイルから素早く離れ、安全なタイルに乗り続ける緊張感,タップで隣の安全なタイルへ移動,7秒生き延びる  失敗: 熱いタイルに乗ったまま,163,,,dodge,high,override,,7,1,1800,3,se_failure se_success se_tap,bgm_main,false,false,false,,false,false,false,false,false,false,TAP AN ADJACENT COOL TILE TO HOP,10,32,true,false,,,true,true,true,true,true,64,20/10/15/4/10/5,0,game.feedback.good/bad で行動の正否を提示する; キャラ/モチーフを game.draw.sprite で描く; 背景に game.draw.gradient を使う(黒一色回避)
177,177-orbit-match.js,orbit-match,1,軌道合わせ,異なる速度で周回する2つの点が揃った瞬間にタップする観察力ゲーム,タップで両方の点が重なった瞬間を捉える,1回揃える  失敗: 5回ミス or 15秒,160,,,timing_one_shot,high,override,15,1,3,1800,3,se_failure se_success se_tap,bgm_main,false,false,false,,false,false,false,false,false,false,TAP WHEN BOTH DOTS ALIGN,12,24,true,false,,,true,true,true,true,true,74,20/10/15/9/15/5,0,game.feedback.good/bad で行動の正否を提示する; キャラ/モチーフを game.draw.sprite で描く; 背景に game.draw.gradient を使う(黒一色回避)
178,178-arc-throw.js,arc-throw,1,放物線投石,変化する発射角度を見極めてタップ、的に石を当てる爽快感,タップで発射,1発命中  失敗: 8発外す or 15秒,175,,,trajectory,high,override,15,1,2,1800,3,se_failure se_success se_tap,bgm_main,false,false,false,,false,false,false,false,false,false,TAP TO FLING THE STONE AT ●,10,27,true,false,,,true,true,true,true,true,69,20/10/15/4/15/5,0,game.feedback.good/bad で行動の正否を提示する; キャラ/モチーフを game.draw.sprite で描く; 背景に game.draw.gradient を使う(黒一色回避)
179,179-snap-combo.js,snap-combo,1,スナップコンボ,次々と出現するターゲットをテンポよく叩きコンボを繋げる快感,タップで出現したターゲットを叩く,コンボ2を達成  失敗: コンボが3回途切れる or 15秒,176,,,chase,high,override,15,2,2,1800,3,se_failure se_success se_tap,bgm_main,false,false,false,,false,false,false,false,false,false,TAP TARGETS FAST · BUILD YOUR COMBO,10,35,true,false,,,true,true,true,true,true,74,20/10/15/9/15/5,0,game.feedback.good/bad で行動の正否を提示する; キャラ/モチーフを game.draw.sprite で描く; 背景に game.draw.gradient を使う(黒一色回避)
180,180-resource-rush.js,resource-rush,1,資源管理,3つのゲージが別々の速度で減る、底をつく前にタップして補充,各ゲージ（または下の補充ボタン）をタップして補充,8秒すべてのゲージを維持  失敗: どれかが0になる,141,,,chase,high,override,,8,2,1800,3,se_failure se_success se_tap,bgm_main,false,false,false,,false,false,false,false,false,false,TAP A GAUGE TO REFILL BEFORE IT EMPTIES,14,39,true,false,,,true,true,true,true,true,69,20/10/15/4/15/5,0,game.feedback.good/bad で行動の正否を提示する; キャラ/モチーフを game.draw.sprite で描く; 背景に game.draw.gradient を使う(黒一色回避)
181,181-clone-dodge.js,clone-dodge,1,クローン回避,0.5秒遅れのゴーストが追ってくる、自分の軌跡を避ける不思議なゲーム,タップで移動先を指定,6秒クローンに当たらず逃げ続ける  失敗: クローンに追いつかれる,161,,,dodge,high,override,,6,1,1800,3,se_failure se_success se_tap,bgm_main,false,false,false,,false,false,false,false,false,false,TAP TO FLEE · YOUR 0.5s GHOST CHASES YOU,16,40,true,false,,,true,true,true,true,true,62,13/10/15/4/15/5,0,game.feedback.good/bad で行動の正否を提示する; 全入力ハンドラで即時フィードバック(feedback/fx/audio)を返す; キャラ/モチーフを game.draw.sprite で描く
182,182-pixel-memory.js,pixel-memory,1,ピクセル記憶,4×4グリッドが一瞬光る、消えた後に同じ場所をタップする記憶ゲーム,タップでグリッドを選択,1ラウンド正解  失敗: 3回ミス or 15秒,153,,,memory_sequence,high,override,15,1,2,1800,3,se_failure se_success se_tap,bgm_main,false,false,false,,false,false,false,false,false,false,MEMORIZE THE LIT CELLS · TAP THEM BACK,22,38,true,false,,,true,true,true,true,true,74,20/10/15/9/15/5,0,game.feedback.good/bad で行動の正否を提示する; キャラ/モチーフを game.draw.sprite で描く; 背景に game.draw.gradient を使う(黒一色回避)
183,183-rope-cut.js,rope-cut,4,ロープカット,枝で揺れる木の実から、熟した実だけを見つけて摘み取る,熟した(光る)木の実をタップ,制限時間内に 4 個摘む  失敗: 時間切れ,242,spot,forest,spot,high,override,10,4,0,1600,5,se_coin se_failure se_milestone se_success se_tap,,true,false,true,flash,true,true,true,false,false,false,,54,15,true,false,森の奥のリスが、揺れる枝から熟して光る木の実だけを見分けて摘み集める,90s 16bit,true,false,false,true,true,95,25/20/15/15/15/5,0,
184,184-color-flood.js,color-flood,6,カラーフラッド,左上から色を広げて全マスを同色に染める、少ない手数が勝ち,下の色ボタンをタップして左上から塗り広げる,手数以内に全マスを染める  失敗: 手数切れ or 20秒,162,,,judge,high,override,20,,1,1800,3,se_failure se_success se_tap,bgm_main,false,false,false,,false,false,false,false,false,false,TAP A COLOR TO FLOOD FROM TOP-LEFT,11,34,true,false,,,true,true,true,true,true,69,20/10/15/4/15/5,0,game.feedback.good/bad で行動の正否を提示する; キャラ/モチーフを game.draw.sprite で描く; 背景に game.draw.gradient を使う(黒一色回避)
185,185-slide-puzzle.js,slide-puzzle,1,スライドパズル,数字タイルを動かして1-8を順番に並べるシンプルな知的快感,タップで空きスペースに向けてタイルをスライド,正しい順番に並べる  失敗: 20秒,146,,,drag_sort,high,override,20,,2,1800,3,se_failure se_success se_tap,bgm_main,false,false,false,,false,false,false,false,false,false,TAP A TILE NEXT TO THE GAP TO SLIDE,12,35,true,false,,,true,true,true,true,true,64,20/10/15/4/10/5,0,game.feedback.good/bad で行動の正否を提示する; キャラ/モチーフを game.draw.sprite で描く; 背景に game.draw.gradient を使う(黒一色回避)
186,186-neon-pong.js,neon-pong,1,ネオンポン,縦画面シングルプレイ、ボールを打ち返し続ける反射神経ゲーム,タップでパドル移動,2回打ち返す  失敗: 3回取り逃す or 20秒,172,,,drag_follow,high,override,20,2,3,1800,3,se_failure se_success se_tap,bgm_main,false,false,false,,false,false,false,false,false,false,TAP TO MOVE THE PADDLE · KEEP IT ALIVE,11,38,true,false,,,true,true,true,true,true,74,20/10/15/9/15/5,0,game.feedback.good/bad で行動の正否を提示する; キャラ/モチーフを game.draw.sprite で描く; 背景に game.draw.gradient を使う(黒一色回避)
187,187-freeze-tag.js,freeze-tag,2,フリーズタグ,追跡者から逃げながら凍った仲間を解凍するマルチタスク判断,タップで移動先を指定,1人の仲間を解凍  失敗: 追跡者に触れる or 12秒,159,,,chase,high,override,,1,2,1800,3,se_failure se_success se_tap,bgm_main,false,false,false,,false,false,false,false,false,false,TAP TO MOVE · THAW A FRIEND · DODGE RED,12,39,true,false,,,true,true,true,true,true,69,20/10/15/4/15/5,0,game.feedback.good/bad で行動の正否を提示する; キャラ/モチーフを game.draw.sprite で描く; 背景に game.draw.gradient を使う(黒一色回避)
188,188-drum-fill.js,drum-fill,1,ドラムフィル,光ったパッドをビートに合わせて叩き続けるリズム感テスト,タップで光ったパッドを叩く,3ヒット達成  失敗: 8回外す or 15秒,150,,,rhythm,high,override,15,3,3,1800,3,se_failure se_success se_tap,bgm_main,false,false,false,,false,false,false,false,false,false,HIT THE LIT PAD ON THE BEAT,9,27,true,false,,,true,true,true,true,true,74,20/10/15/9/15/5,0,game.feedback.good/bad で行動の正否を提示する; キャラ/モチーフを game.draw.sprite で描く; 背景に game.draw.gradient を使う(黒一色回避)
189,189-laser-maze.js,laser-maze,3,レーザー迷路,ミラーを回転させてレーザーをゴールに当てる光学パズル,タップでミラーの角度を90度回転,レーザーがゴールに到達  失敗: 20秒,174,,,connect,high,override,20,,1,1800,3,se_failure se_success se_tap,bgm_main,false,false,false,,false,false,false,false,false,false,TAP MIRRORS TO ROTATE · HIT THE ★,10,33,true,false,,,true,true,true,true,true,69,20/10/15/4/15/5,0,game.feedback.good/bad で行動の正否を提示する; キャラ/モチーフを game.draw.sprite で描く; 背景に game.draw.gradient を使う(黒一色回避)
190,190-wave-surf.js,wave-surf,2,波乗り,うねるチョコの波の頂点にキャンディを乗せ続けるバランス感覚,画面の上半分/下半分をタップして上下に寄せる,制限時間内にゲージを 6 回満タンにする  失敗: 時間切れ,219,balance,candy,balance,high,override,18,6,0,1600,5,se_coin se_failure se_milestone se_success se_tap,,true,false,true,flash,true,true,true,false,false,false,,49,15,true,false,お菓子工場の検品キャンディが、うねるチョコの波の頂点から落ちないよう均衡を取る,2000s ARCADE POP,true,false,false,true,true,95,25/20/15/15/15/5,0,
191,191-word-race.js,word-race,1,ワードレース,落ちてくる文字パネルを正しい順にタップして単語を完成させる,タップで文字を選択,1単語完成  失敗: 5回ミス or 15秒,162,,,spot,high,override,15,1,2,1800,3,se_failure se_success se_tap,bgm_main,false,false,false,,false,false,false,false,false,false,TAP LETTERS IN ORDER TO SPELL THE WORD,19,38,true,false,,,true,true,true,true,true,74,20/10/15/9/15/5,0,game.feedback.good/bad で行動の正否を提示する; キャラ/モチーフを game.draw.sprite で描く; 背景に game.draw.gradient を使う(黒一色回避)
192,192-sprint-dash.js,sprint-dash,1,スプリントダッシュ,左右交互に素早くタップしてランナーを加速させる,左半分/右半分を交互にタップ,100mを完走  失敗: 15秒以内に完走できない,158,,,alternate_tap,high,override,15,,1,1800,3,se_failure se_success se_tap,bgm_main,false,false,false,,false,false,false,false,false,false,TAP LEFT / RIGHT ALTERNATELY TO RUN,13,35,true,false,,,true,true,true,true,true,69,20/10/15/4/15/5,0,game.feedback.good/bad で行動の正否を提示する; キャラ/モチーフを game.draw.sprite で描く; 背景に game.draw.gradient を使う(黒一色回避)
193,193-bubble-chain.js,bubble-chain,1,バブルチェーン,同じ色のバブルを3つ以上繋げてタップで消す連鎖の気持ちよさ,タップで同色グループを消す（3個以上）,5個のバブルを消す  失敗: 画面が埋まる or 15秒,156,,,spot,high,override,15,5,2,1800,3,se_failure se_success se_tap,bgm_main,false,false,false,,false,false,false,false,false,false,TAP A GROUP OF 3+ SAME-COLOR BUBBLES,9,36,true,false,,,true,true,true,true,true,74,20/10/15/9/15/5,0,game.feedback.good/bad で行動の正否を提示する; キャラ/モチーフを game.draw.sprite で描く; 背景に game.draw.gradient を使う(黒一色回避)
194,194-escape-gravity.js,escape-gravity,1,重力脱出,引力に引かれる宇宙船を連続タップで引力圏の外へ突破する達成感,タップで推力を与える,画面上部の脱出ゾーンへ到達  失敗: 落下 or 12秒,160,,,mash,high,override,12,,1,1800,3,se_failure se_success se_tap,bgm_main,false,false,false,,false,false,false,false,false,false,TAP TO THRUST · REACH THE TOP ZONE,12,34,true,false,,,true,true,true,true,true,64,20/10/15/4/10/5,0,game.feedback.good/bad で行動の正否を提示する; キャラ/モチーフを game.draw.sprite で描く; 背景に game.draw.gradient を使う(黒一色回避)
195,195-tile-flip.js,tile-flip,8,タイルフリップ,全タイルを白に揃える、タップすると周囲も反転するパズル,タップでタイルと隣接タイルをフリップ,全タイルを白にする  失敗: 10手使い切る or 20秒,141,,,judge,high,override,20,,2,1800,3,se_failure se_success se_tap,bgm_main,false,false,false,,false,false,false,false,false,false,TAP A TILE · IT AND NEIGHBORS FLIP,12,34,true,false,,,true,true,true,true,true,64,20/10/15/4/10/5,0,game.feedback.good/bad で行動の正否を提示する; キャラ/モチーフを game.draw.sprite で描く; 背景に game.draw.gradient を使う(黒一色回避)
196,196-blink-dodge.js,blink-dodge,1,ブリンク回避,時々消えて現れる壁の隙間を、残像を頼りに通り抜ける,タップ/スワイプで左右レーン移動,6秒生き残る  失敗: 壁に当たる,163,,,dodge,high,override,,6,1,1800,3,se_failure se_success se_tap,bgm_main,false,false,false,,false,false,false,false,false,false,TAP ◄► TO SLIDE · MEMORIZE THE GAP,14,34,true,false,,,true,true,true,true,true,62,13/10/15/4/15/5,0,game.feedback.good/bad で行動の正否を提示する; 全入力ハンドラで即時フィードバック(feedback/fx/audio)を返す; キャラ/モチーフを game.draw.sprite で描く
197,197-crystal-match.js,crystal-match,2,クリスタルマッチ,降ってくる宝石を同じ列のボタンでキャッチする反射神経ゲーム,タップで対応する列ボタンを押す,3個キャッチ  失敗: 7個取り逃す or 15秒,178,,,judge,high,override,15,3,2,1800,3,se_failure se_success se_tap,bgm_main,false,false,false,,false,false,false,false,false,false,TAP THE COLUMN BUTTON TO CATCH THE GEM,11,38,true,false,,,true,true,true,true,true,74,20/10/15/9/15/5,0,game.feedback.good/bad で行動の正否を提示する; キャラ/モチーフを game.draw.sprite で描く; 背景に game.draw.gradient を使う(黒一色回避)
198,198-voltage-spike.js,voltage-spike,3,電圧スパイク,急上昇する電圧を上限を超える前にタップでリセットするゲーム,タップで電圧をリセット,8秒維持  失敗: 電圧が上限を超える,143,,,balance,high,override,,8,1,1800,3,se_failure se_success se_tap,bgm_main,false,false,false,,false,false,false,false,false,false,TAP TO RESET BEFORE IT MAXES OUT,12,32,true,false,,,true,true,true,true,true,64,20/10/15/4/10/5,0,game.feedback.good/bad で行動の正否を提示する; キャラ/モチーフを game.draw.sprite で描く; 背景に game.draw.gradient を使う(黒一色回避)
199,199-swarm-tap.js,swarm-tap,1,スウォームタップ,群れをなして逃げ回る小さな虫を指で追いかけて潰す快感,タップで周囲の虫を潰す,8匹潰す  失敗: 15秒,162,,,chase,high,override,15,8,2,1800,3,se_failure se_success se_tap,bgm_main,false,false,false,,false,false,false,false,false,false,TAP TO SQUASH NEARBY BUGS,12,25,true,false,,,true,true,true,true,true,69,20/10/15/4/15/5,0,game.feedback.good/bad で行動の正否を提示する; キャラ/モチーフを game.draw.sprite で描く; 背景に game.draw.gradient を使う(黒一色回避)
200,200-century-mark.js,century-mark,2,センチュリーマーク,落ちてくる樽を板で弾き続け、甲板に落とさない,指をなぞって受け板を動かす(タップした位置へも寄る),20回 弾く  失敗: 3個 落とす or 15秒,299,drag_follow,pirate,drag_follow,high,override,15,20,0,1600,5,se_coin se_failure se_milestone se_success se_tap,,true,false,true,burst flash popup,true,true,true,true,false,false,,48,15,true,false,海賊船の甲板。荷を海へ落とせば首が飛ぶので、板一枚で弾き上げ続ける,MODERN AD-GAME,true,false,false,true,true,88,18/20/15/15/15/5,0,全入力ハンドラで即時フィードバック(feedback/fx/audio)を返す
201,201-pinball-classic.js,pinball-classic,1,クラシックピンボール,バンパーに球を当てて得点を稼ぐピンボール台,左半分タップで左フリッパー、右半分タップで右フリッパー,100点獲得  失敗: ボール3個失う or 20秒,200,,,timing_one_shot,high,override,20,100,1,1800,3,se_failure se_success se_tap,bgm_main,false,false,false,,false,false,false,false,false,false,TAP ◄ LEFT · RIGHT ► FLIPPER,10,28,true,false,,,true,true,true,true,true,74,20/10/15/9/15/5,0,game.feedback.good/bad で行動の正否を提示する; キャラ/モチーフを game.draw.sprite で描く; 背景に game.draw.gradient を使う(黒一色回避)
202,202-shadow-puppet.js,shadow-puppet,5,影絵パズル,影絵劇場のシルエットに合わせて、散らばったパーツを正しい枠に置く,タップでパーツを選択、枠をタップで配置,3パーツを揃える  失敗: 15秒,177,,,judge,high,override,15,3,1,1800,3,se_failure se_success se_tap,bgm_main,false,false,false,,false,false,false,false,false,false,PICK A PART · TAP ITS SLOT,13,26,true,false,,,true,true,true,true,true,69,20/10/15/4/15/5,0,game.feedback.good/bad で行動の正否を提示する; キャラ/モチーフを game.draw.sprite で描く; 背景に game.draw.gradient を使う(黒一色回避)
203,203-ice-drift.js,ice-drift,1,アイスドリフト,凍った宇宙ステーションの床を滑る探査機を壁に当てず操る、慣性との格闘,タップした方向へ加速,6秒生き残る  失敗: 高速で壁に激突,158,,,dodge,high,override,,6,1,1800,3,se_failure se_success se_tap,bgm_main,false,false,false,,false,false,false,false,false,false,TAP A DIRECTION TO THRUST,12,25,true,false,,,true,true,true,true,true,64,20/10/15/4/10/5,0,game.feedback.good/bad で行動の正否を提示する; キャラ/モチーフを game.draw.sprite で描く; 背景に game.draw.gradient を使う(黒一色回避)
204,204-tower-defense.js,tower-defense,3,タワーディフェンス,侵入路にタップで砲台を置き、押し寄せる敵の波を食い止める防衛戦,タップで砲台を設置（最大5基）,3波しのぐ  失敗: 敵がゴールに5回到達,210,,,aim_shoot,high,override,,,1,1800,3,se_failure se_success se_tap,bgm_main,false,false,false,,false,false,false,false,false,false,TAP TO PLACE A TURRET (MAX 5),13,29,true,false,,,true,true,false,true,true,69,20/10/15/4/15/5,0,game.feedback.good/bad で行動の正否を提示する; キャラ/モチーフを game.draw.sprite で描く; 背景に game.draw.gradient を使う(黒一色回避)
205,205-antenna-signal.js,antenna-signal,2,アンテナ信号,軌道を巡る受信機がアンテナ先端に重なった瞬間をタップして電波を掴む,先端に受信機が来たらタップ,3回受信  失敗: 3回ミス or 15秒,168,,,timing_one_shot,high,override,15,3,2,1800,3,se_failure se_success se_tap,bgm_main,false,false,false,,false,false,false,false,false,false,TAP WHEN THE DISH REACHES THE TIP,12,33,true,false,,,true,true,true,true,true,69,20/10/15/4/15/5,0,game.feedback.good/bad で行動の正否を提示する; キャラ/モチーフを game.draw.sprite で描く; 背景に game.draw.gradient を使う(黒一色回避)
206,206-firefly-catch.js,firefly-catch,4,蛍キャッチ,夜の森で光っている一瞬だけがチャンス、消える前にタップして蛍を捕まえる,光っている蛍をタップ,3匹捕まえる  失敗: 12秒,161,,,chase,high,override,12,3,1,1800,3,se_failure se_success se_tap,bgm_main,false,false,false,,false,false,false,false,false,false,TAP A FIREFLY WHILE IT GLOWS,12,28,true,false,,,true,true,true,true,true,64,20/10/15/4/10/5,0,game.feedback.good/bad で行動の正否を提示する; キャラ/モチーフを game.draw.sprite で描く; 背景に game.draw.gradient を使う(黒一色回避)
207,207-number-grid.js,number-grid,1,数字グリッド,端末のキーパッドを 1 から順に素早くタップして解錠する速度勝負,数字を1から順番にタップ,1-9 を全て順にタップ  失敗: 12秒,143,,,spot,high,override,12,,1,1800,3,se_failure se_success se_tap,bgm_main,false,false,false,,false,false,false,false,false,false,TAP 1 TO 9 IN ORDER,12,19,true,false,,,true,true,true,true,true,69,20/10/15/4/15/5,0,game.feedback.good/bad で行動の正否を提示する; キャラ/モチーフを game.draw.sprite で描く; 背景に game.draw.gradient を使う(黒一色回避)
208,208-coin-flip.js,coin-flip,4,コインフリップ,回転して止まるコインの表裏を、回っている間に予測してタップする読み勝ち,左タップで表(HEADS)、右タップで裏(TAILS),3回中2回以上的中  失敗: 的中2回に届かず or 20秒,163,,,judge,high,override,20,2,2,1800,3,se_failure se_success se_tap,bgm_main,false,false,false,,false,false,false,false,false,false,TAP ◄ HEADS · TAILS ► WHILE IT SPINS,37,36,true,false,,,true,true,true,true,true,69,20/10/15/4/15/5,0,game.feedback.good/bad で行動の正否を提示する; キャラ/モチーフを game.draw.sprite で描く; 背景に game.draw.gradient を使う(黒一色回避)
209,209-gravity-switch.js,gravity-switch,1,重力スイッチ,重力の向きを4方向に切り替え、棘を避けてコアをゴールへ導く実験室パズル,スワイプで重力方向を変える,ゴールに到達  失敗: 棘に当たる or 20秒,177,,,guide_path,high,override,20,,0,1800,3,se_failure se_success se_tap,bgm_main,false,false,false,,false,false,false,false,false,false,SWIPE TO SET GRAVITY · REACH THE GOAL,20,37,true,false,,,true,true,true,true,true,69,20/10/15/4/15/5,0,game.feedback.good/bad で行動の正否を提示する; キャラ/モチーフを game.draw.sprite で描く; 背景に game.draw.gradient を使う(黒一色回避)
210,210-beat-guard.js,beat-guard,1,ビートガード,4方向から迫る音符を、同じ方向へスワイプして弾き返すリズム防衛,音符と同じ方向にスワイプして弾く,3回弾き返す  失敗: 3回ミス or 15秒,180,,,swipe_direction,high,override,15,3,2,1800,3,se_failure se_success se_tap,bgm_main,false,false,false,,false,false,false,false,false,false,SWIPE TOWARD THE INCOMING NOTE,27,30,true,false,,,true,true,true,true,true,69,20/10/15/4/15/5,0,game.feedback.good/bad で行動の正否を提示する; キャラ/モチーフを game.draw.sprite で描く; 背景に game.draw.gradient を使う(黒一色回避)
211,211-mirror-dodge.js,mirror-dodge,2,ミラードッジ,左右が反転する鏡の部屋で、逆さ操作を頼りに飛来する弾を避け抜く脳トレ,タップで移動（左右が逆転）,6秒生き残る  失敗: 弾に当たる,157,,,dodge,high,override,,6,1,1800,3,se_failure se_success se_tap,bgm_main,false,false,false,,false,false,false,false,false,false,TAP TO MOVE · LEFT AND RIGHT ARE FLIPPED,12,40,true,false,,,true,true,true,true,true,64,20/10/15/4/10/5,0,game.feedback.good/bad で行動の正否を提示する; キャラ/モチーフを game.draw.sprite で描く; 背景に game.draw.gradient を使う(黒一色回避)
212,212-domino-chain.js,domino-chain,1,ドミノ連鎖,並んだドミノの端をタップで倒し、連鎖が最後まで走り切るのを見届ける,端のドミノをタップして倒し始める,6本以上連鎖  失敗: 15秒,155,,,timing_one_shot,high,override,15,6,2,1800,3,se_failure se_success se_tap,bgm_main,false,false,false,,false,false,false,false,false,false,TAP A DOMINO TO TOPPLE THE CHAIN,13,32,true,false,,,true,true,true,true,true,64,20/10/15/4/10/5,0,game.feedback.good/bad で行動の正否を提示する; キャラ/モチーフを game.draw.sprite で描く; 背景に game.draw.gradient を使う(黒一色回避)
213,213-color-wave.js,color-wave,4,カラーウェーブ,押し寄せる色の洪水が来る前に、その色のゾーンから別ゾーンへ逃げる判断ゲーム,タップで4つのゾーンを移動,8秒生き残る  失敗: 警告色のゾーンで波に飲まれる,150,,,dodge,high,override,,8,1,1800,3,se_failure se_success se_tap,bgm_main,false,false,false,,false,false,false,false,false,false,TAP TO FLEE THE WARNED COLOR ZONE,24,33,true,false,,,true,true,true,true,true,64,20/10/15/4/10/5,0,game.feedback.good/bad で行動の正否を提示する; キャラ/モチーフを game.draw.sprite で描く; 背景に game.draw.gradient を使う(黒一色回避)
214,214-stack-balance.js,stack-balance,1,スタックバランス,傾いていくタワーを左右タップで立て直しながらブロックを積み上げる綱渡り,左タップで右へ、右タップで左へ立て直す,3個積む  失敗: 傾きが限界を超える or 15秒,140,,,stack,high,override,15,3,1,1800,3,se_failure se_success se_tap,bgm_main,false,false,false,,false,false,false,false,false,false,TAP ◄ RIGHT · LEFT ► TO STEADY THE TOWER,12,40,true,false,,,true,true,true,true,true,69,20/10/15/4/15/5,0,game.feedback.good/bad で行動の正否を提示する; キャラ/モチーフを game.draw.sprite で描く; 背景に game.draw.gradient を使う(黒一色回避)
215,215-pressure-cook.js,pressure-cook,3,プレッシャークック,上がり続ける圧力計を、爆発する前にタップで逃がし続ける緊張の調理,下半分をタップで圧力解放,10秒しのぐ  失敗: 圧力が爆発する,150,,,balance,high,override,,10,1,1800,3,se_failure se_success se_tap,bgm_main,false,false,false,,false,false,false,false,false,false,TAP THE LOWER HALF TO RELEASE PRESSURE,12,38,true,false,,,true,true,true,true,true,69,20/10/15/4/15/5,0,game.feedback.good/bad で行動の正否を提示する; キャラ/モチーフを game.draw.sprite で描く; 背景に game.draw.gradient を使う(黒一色回避)
216,216-orbit-catch.js,orbit-catch,7,オービットキャッチ,惑星の引力で軌道に乗った隕石を、ネットを動かして軌道上で捕まえる,タップした方向にネットを移動,3個キャッチ  失敗: 3個取り逃がす or 15秒,166,,,timing_one_shot,high,override,15,3,2,1800,3,se_failure se_success se_tap,bgm_main,false,false,false,,false,false,false,false,false,false,TAP TO SWING THE NET ALONG THE ORBIT,10,36,true,false,,,true,true,true,true,true,69,20/10/15/4/15/5,0,game.feedback.good/bad で行動の正否を提示する; キャラ/モチーフを game.draw.sprite で描く; 背景に game.draw.gradient を使う(黒一色回避)
217,217-letter-rain.js,letter-rain,1,レターレイン,降ってくる文字群から、指定された文字だけを素早く叩き落とす反射神経,指定文字をタップ,5個正解  失敗: 5回誤タップ or 15秒,157,,,spot,high,override,15,5,2,1800,3,se_failure se_success se_tap,bgm_main,false,false,false,,false,false,false,false,false,false,TAP ONLY THE TARGET LETTER,12,26,true,false,,,true,true,true,true,true,69,20/10/15/4/15/5,0,game.feedback.good/bad で行動の正否を提示する; キャラ/モチーフを game.draw.sprite で描く; 背景に game.draw.gradient を使う(黒一色回避)
218,218-magnet-push.js,magnet-push,1,マグネットプッシュ,同極が反発する磁力で金属球を押し、ゴールへねじ込む物理パズル,タップで磁石を配置（N/S交互・反発と吸引で球を動かす）,球をゴールに入れる  失敗: 20秒,171,,,guide_path,high,override,20,,0,1800,3,se_failure se_success se_tap,bgm_main,false,false,false,,false,false,false,false,false,false,TAP TO DROP MAGNETS · PUSH THE BALL TO GOAL,13,43,true,false,,,true,true,true,true,true,69,20/10/15/4/15/5,0,game.feedback.good/bad で行動の正否を提示する; キャラ/モチーフを game.draw.sprite で描く; 背景に game.draw.gradient を使う(黒一色回避)
219,219-tempo-tap.js,tempo-tap,4,テンポタップ,変化するBPMに合わせてビート頂点でタップし、パーフェクトを連ねるリズム修行,マーカーが頂点に来た瞬間タップ,5連続パーフェクト  失敗: 3回ミス or 15秒,148,,,rhythm,high,override,15,5,1,1800,3,se_failure se_success se_tap,bgm_main,false,false,false,,false,false,false,false,false,false,TAP WHEN THE MARKER HITS THE TOP,16,32,true,false,,,true,true,true,true,true,69,20/10/15/4/15/5,0,game.feedback.good/bad で行動の正否を提示する; キャラ/モチーフを game.draw.sprite で描く; 背景に game.draw.gradient を使う(黒一色回避)
220,220-sand-timer.js,sand-timer,6,サンドタイマー,砂時計を見ずに体内時計で5秒を計り、ちょうどでタップして止める時間感覚勝負,タップでスタート、5秒経ったと思ったらもう一度タップ,2回±0.5秒以内  失敗: 3回大きくズレる or 20秒,149,,,timing_one_shot,high,override,20,2,1,1800,3,se_failure se_success se_tap,bgm_main,false,false,false,,false,false,false,false,false,false,FEEL 5 SECONDS · TAP TO START AND STOP,28,38,true,false,,,true,true,true,true,true,69,20/10/15/4/15/5,0,game.feedback.good/bad で行動の正否を提示する; キャラ/モチーフを game.draw.sprite で描く; 背景に game.draw.gradient を使う(黒一色回避)
221,221-neon-snake.js,neon-snake,4,ネオンスネーク,整備ボットが回路を這い、エネルギーセルを集めて伸びる,スワイプで方向転換,制限時間内に 5 個集める  失敗: 壁か自分に当たる or 時間切れ,214,guide_path,robot,guide_path,high,override,18,5,0,1600,5,se_coin se_failure se_milestone se_success se_tap,,true,false,true,flash,true,true,true,false,false,false,,49,15,true,false,ロボット工房の整備ボットが、配線を辿ってエネルギーセルを回収する,NEO-RETRO,true,false,false,true,true,88,18/20/15/15/15/5,0,全入力ハンドラで即時フィードバック(feedback/fx/audio)を返す
222,222-wind-kite.js,wind-kite,1,ウィンドカイト,突風に流される凧を左右タップで引き戻し、空の枠内に留め続ける繊細な操作,左タップで左へ、右タップで右へ引く,8秒安定飛行  失敗: 凧が枠の端に当たる,148,,,balance,high,override,,8,1,1800,3,se_failure se_success se_tap,bgm_main,false,false,false,,false,false,false,false,false,false,TAP LEFT OR RIGHT TO PULL THE KITE,12,34,true,false,,,true,true,true,true,true,69,20/10/15/4/15/5,0,game.feedback.good/bad で行動の正否を提示する; キャラ/モチーフを game.draw.sprite で描く; 背景に game.draw.gradient を使う(黒一色回避)
223,223-echo-pattern.js,echo-pattern,1,エコーパターン,光ったパネルの順番を記憶し、同じ順でなぞり返す記憶反復ゲーム,光った順にパネルをタップ,3ラウンドクリア  失敗: 順番を間違える,148,,,memory_sequence,high,override,,3,1,1800,3,se_failure se_success se_tap,bgm_main,false,false,false,,false,false,false,false,false,false,WATCH THE FLASHES · REPEAT THE ORDER,23,36,true,false,,,true,true,false,true,true,69,20/10/15/4/15/5,0,game.feedback.good/bad で行動の正否を提示する; キャラ/モチーフを game.draw.sprite で描く; 背景に game.draw.gradient を使う(黒一色回避)
224,224-laser-dodge.js,laser-dodge,4,レーザードッジ,中心から伸びて回転するレーザーを、内外の軌道を切り替えてかいくぐる瞬発反射,タップで内側↔外側の軌道を切り替え,8秒生き残る  失敗: レーザーに当たる,152,,,dodge,high,override,,8,1,1800,3,se_failure se_success se_tap,bgm_main,false,false,false,,false,false,false,false,false,false,TAP TO SWITCH BETWEEN INNER AND OUTER RING,12,42,true,false,,,true,true,true,true,true,69,20/10/15/4/15/5,0,game.feedback.good/bad で行動の正否を提示する; キャラ/モチーフを game.draw.sprite で描く; 背景に game.draw.gradient を使う(黒一色回避)
225,225-pixel-paint.js,pixel-paint,7,ピクセルペイント,お手本のドット絵を見て、光る枠を素早く塗り再現する速描きパズル,タップでマスを塗る（お手本外のマスはミス）,お手本を塗り切る  失敗: 5マス塗り間違える or 15秒,137,,,trace,high,override,15,,1,1800,3,se_failure se_success se_tap,bgm_main,false,false,false,,false,false,false,false,false,false,COPY THE TEMPLATE · TAP THE LIT CELLS,11,37,true,false,,,true,true,true,true,true,69,20/10/15/4/15/5,0,game.feedback.good/bad で行動の正否を提示する; キャラ/モチーフを game.draw.sprite で描く; 背景に game.draw.gradient を使う(黒一色回避)
226,226-chain-reaction.js,chain-reaction,9,チェーンリアクション,たった1タップの爆発から、どれだけ多くの粒子を連鎖爆発に巻き込めるか,粒子をタップして爆発を起こす（1回のみ）,全体の50%以上を連鎖  失敗: 届かない,148,,,timing_one_shot,high,override,,,2,1800,3,se_failure se_success se_tap,bgm_main,false,false,false,,false,false,false,false,false,false,ONE TAP · IGNITE THE BIGGEST CHAIN,19,34,true,false,,,true,true,false,true,true,69,20/10/15/4/15/5,0,game.feedback.good/bad で行動の正否を提示する; キャラ/モチーフを game.draw.sprite で描く; 背景に game.draw.gradient を使う(黒一色回避)
227,227-spin-duel.js,spin-duel,1,スピンデュエル,円形リングの上でコマを弾き合い、相手を先に場外へ落とすベイ対決,タップした方向へ自コマを突進させる（時間で溜まる勢い）,相手を1回場外に  失敗: 自分が3回落ちる or 15秒,144,,,push_out,high,override,15,1,1,1800,3,se_failure se_success se_tap,bgm_main,false,false,false,,false,false,false,false,false,false,TAP A DIRECTION TO CHARGE AND RAM,12,33,true,false,,,true,true,true,true,true,64,20/10/15/4/10/5,0,game.feedback.good/bad で行動の正否を提示する; キャラ/モチーフを game.draw.sprite で描く; 背景に game.draw.gradient を使う(黒一色回避)
228,228-bubble-pop.js,bubble-pop,8,バブルポップ,膨らむシャボン玉を限界ギリギリまで育て、割れる前にタップして弾く度胸,シャボン玉をタップして割る（大きいほど高得点）,合計1500点  失敗: 12秒,149,,,aim_shoot,high,override,12,1500,1,1800,3,se_failure se_success se_tap,bgm_main,false,false,false,,false,false,false,false,false,false,GROW THE BUBBLE · POP IT BEFORE IT BURSTS,11,41,true,false,,,true,true,true,true,true,69,20/10/15/4/15/5,0,game.feedback.good/bad で行動の正否を提示する; キャラ/モチーフを game.draw.sprite で描く; 背景に game.draw.gradient を使う(黒一色回避)
229,229-roulette-stop.js,roulette-stop,1,ルーレットストップ,高速回転する的を、針が緑ゾーンを指す瞬間にタップで止める度胸試し,タップで回転を止める,2回緑ゾーンに止める  失敗: 3回外す or 15秒,152,,,timing_one_shot,high,override,15,2,1,1800,3,se_failure se_success se_tap,bgm_main,false,false,false,,false,false,false,false,false,false,TAP TO STOP THE WHEEL ON GREEN,13,30,true,false,,,true,true,true,true,true,69,20/10/15/4/15/5,0,game.feedback.good/bad で行動の正否を提示する; キャラ/モチーフを game.draw.sprite で描く; 背景に game.draw.gradient を使う(黒一色回避)
230,230-crowd-surf.js,crowd-surf,2,クラウドサーフ,ライブ会場で観客の手から手へ飛び移り、ステージまで運ばれていく,タップした方向へ飛び、次に伸びた手に着地する,12m進む  失敗: 手のない床に落ちる or 15秒,157,,,camera_run,high,override,15,12,1,1800,3,se_failure se_success se_tap,bgm_main,false,false,false,,false,false,false,false,false,false,TAP TO LEAP ONTO THE NEXT RAISED HAND,21,37,true,false,,,true,true,true,true,true,69,20/10/15/4/15/5,0,game.feedback.good/bad で行動の正否を提示する; キャラ/モチーフを game.draw.sprite で描く; 背景に game.draw.gradient を使う(黒一色回避)
231,231-ice-crack.js,ice-crack,2,アイスクラック,踏むたびに割れていく氷原を、崩れる前に右端まで渡り切るスリル,隣接する氷マスをタップして移動,右端に到達  失敗: 氷が割れて落ちる or 15秒,159,,,camera_run,high,override,15,,1,1800,3,se_failure se_success se_tap,bgm_main,false,false,false,,false,false,false,false,false,false,STEP ACROSS THE ICE BEFORE IT SHATTERS,12,38,true,false,,,true,true,true,true,true,64,20/10/15/4/10/5,0,game.feedback.good/bad で行動の正否を提示する; キャラ/モチーフを game.draw.sprite で描く; 背景に game.draw.gradient を使う(黒一色回避)
232,232-countdown-catch.js,countdown-catch,1,カウントダウンキャッチ,ゼロ直前まで数える爆弾を、残り1秒以内でタップして掴む度胸,残り1秒以内のボールをタップ（早すぎ・時間切れはミス）,3個キャッチ  失敗: 3回ミス or 15秒,158,,,timing_window,high,override,15,3,2,1800,3,se_failure se_success se_tap,bgm_main,false,false,false,,false,false,false,false,false,false,TAP A BALL ONLY IN ITS LAST SECOND,28,34,true,false,,,true,true,true,true,true,64,20/10/15/4/10/5,0,game.feedback.good/bad で行動の正否を提示する; キャラ/モチーフを game.draw.sprite で描く; 背景に game.draw.gradient を使う(黒一色回避)
233,233-tile-switch.js,tile-switch,1,タイルスイッチ,走り出した列車の前で線路の向きをタップで切り替え、ゴールまで導く操車パズル,タップで線路を縦↔横に切り替える,列車をゴールへ  失敗: 脱線 or 15秒,160,,,guide_path,high,override,15,,1,1800,3,se_failure se_success se_tap,bgm_main,false,false,false,,false,false,false,false,false,false,TAP RAILS TO STEER THE TRAIN TO GOAL,32,36,true,false,,,true,true,true,true,true,64,20/10/15/4/10/5,0,game.feedback.good/bad で行動の正否を提示する; キャラ/モチーフを game.draw.sprite で描く; 背景に game.draw.gradient を使う(黒一色回避)
234,234-breath-hold.js,breath-hold,1,ブレスホールド,潜水中のダイバーが限界を迎える前にタップで呼吸、我慢するほど高得点,タップで呼吸（長く我慢するほど加点、酸素ゼロで失敗）,合計1000点  失敗: 酸素がゼロ or 15秒,151,,,cooldown_tap,high,override,15,1000,1,1800,3,se_failure se_success se_tap,bgm_main,false,false,false,,false,false,false,false,false,false,HOLD FOR POINTS · TAP TO BREATHE BEFORE 0,25,41,true,false,,,true,true,true,true,true,69,20/10/15/4/15/5,0,game.feedback.good/bad で行動の正否を提示する; キャラ/モチーフを game.draw.sprite で描く; 背景に game.draw.gradient を使う(黒一色回避)
235,235-meteor-shield.js,meteor-shield,6,メテオシールド,街へ降り注ぐ隕石を、タップで向けたシールドで弾き返す防衛戦,タップした方向にシールドを向ける,10秒守り切る  失敗: 隕石が3回着弾,159,,,swipe_direction,high,override,,10,1,1800,3,se_failure se_success se_tap,bgm_main,false,false,false,,false,false,false,false,false,false,TAP TO AIM THE SHIELD AND DEFLECT,11,33,true,false,,,true,true,true,true,true,69,20/10/15/4/15/5,0,game.feedback.good/bad で行動の正否を提示する; キャラ/モチーフを game.draw.sprite で描く; 背景に game.draw.gradient を使う(黒一色回避)
236,236-pendulum-aim.js,pendulum-aim,1,ペンデュラムエイム,揺れる振り子の先端から、狙いを定めてタップで弾を放ち標的を撃つ,タップした方向へ振り子先端から発射,3回ヒット  失敗: 5回ミス or 15秒,144,,,aim_shoot,high,override,15,3,2,1800,3,se_failure se_success se_tap,bgm_main,false,false,false,,false,false,false,false,false,false,TAP TO FIRE FROM THE SWINGING BOB,12,33,true,false,,,true,true,true,true,true,69,20/10/15/4/15/5,0,game.feedback.good/bad で行動の正否を提示する; キャラ/モチーフを game.draw.sprite で描く; 背景に game.draw.gradient を使う(黒一色回避)
237,237-slope-rush.js,slope-rush,1,スロープラッシュ,急斜面を転がり落ちるボールを左右レーンに寄せ、障害物を避けてゴールへ,左右スワイプでレーン移動,20m到達  失敗: 障害物に激突 or 15秒,143,,,dodge,high,override,15,20,1,1800,3,se_failure se_success se_tap,bgm_main,false,false,false,,false,false,false,false,false,false,SWIPE LEFT / RIGHT TO DODGE,13,27,true,false,,,true,true,true,true,true,69,20/10/15/4/15/5,0,game.feedback.good/bad で行動の正否を提示する; キャラ/モチーフを game.draw.sprite で描く; 背景に game.draw.gradient を使う(黒一色回避)
238,238-signal-noise.js,signal-noise,1,シグナルノイズ,ノイズ波形の中に一瞬現れる規則的な信号を見抜き、その瞬間にタップする知覚勝負,信号が出ている間に波形をタップ,3回検出  失敗: 3回誤検出/見逃し or 15秒,149,,,timing_window,high,override,15,3,2,1800,3,se_failure se_success se_tap,bgm_main,false,false,false,,false,false,false,false,false,false,TAP THE WAVE WHEN A CLEAN SIGNAL APPEARS,15,40,true,false,,,true,true,true,true,true,69,20/10/15/4/15/5,0,game.feedback.good/bad で行動の正否を提示する; キャラ/モチーフを game.draw.sprite で描く; 背景に game.draw.gradient を使う(黒一色回避)
239,239-fruit-slice.js,fruit-slice,3,フルーツスライス,放り上がるフルーツをスワイプで斬る爽快感、爆弾だけは斬ってはいけない,スワイプで斬る（爆弾は避ける）,5個斬る  失敗: 爆弾を斬る or フルーツを3個落とす or 15秒,154,,,slice,high,override,15,5,2,1800,3,se_failure se_success se_tap,bgm_main,false,false,false,,false,false,false,false,false,false,SWIPE TO SLICE · NEVER SLICE THE BOMB,11,37,true,false,,,true,true,true,true,true,74,20/10/15/9/15/5,0,game.feedback.good/bad で行動の正否を提示する; キャラ/モチーフを game.draw.sprite で描く; 背景に game.draw.gradient を使う(黒一色回避)
240,240-voltage-line.js,voltage-line,1,ボルテージライン,導線パーツをタップで回転させ、電源からランプまで電気を通す回路パズル,タップで導線を90度回転,ランプまで通電  失敗: 20秒,144,,,connect,high,override,20,,1,1800,3,se_failure se_success se_tap,bgm_main,false,false,false,,false,false,false,false,false,false,TAP WIRES TO ROTATE · POWER THE LAMP,14,36,true,false,,,true,true,true,true,true,64,20/10/15/4/10/5,0,game.feedback.good/bad で行動の正否を提示する; キャラ/モチーフを game.draw.sprite で描く; 背景に game.draw.gradient を使う(黒一色回避)
241,241-dodge-spike.js,dodge-spike,1,ドッジスパイク,迫り来る床の棘を見切り、安全なマスへ飛び移り続けて走破する瞬発力,タップで安全な列へ飛ぶ,12マス進む  失敗: 棘を踏む or 15秒,158,,,dodge,high,override,15,12,1,1800,3,se_failure se_success se_tap,bgm_main,false,false,false,,false,false,false,false,false,false,TAP A SAFE COLUMN TO HOP FORWARD,11,32,true,false,,,true,true,true,true,true,69,20/10/15/4/15/5,0,game.feedback.good/bad で行動の正否を提示する; キャラ/モチーフを game.draw.sprite で描く; 背景に game.draw.gradient を使う(黒一色回避)
242,242-mirror-type.js,mirror-type,1,ミラータイプ,鏡に映った文字を見て、元の正しい文字はどちらかを瞬時に選ぶ左右反転認知,2つの選択肢から元の文字をタップ,3問正解  失敗: 3問間違える or 15秒,149,,,judge,high,override,15,3,2,1800,3,se_failure se_success se_tap,bgm_main,false,false,false,,false,false,false,false,false,false,PICK THE ORIGINAL OF THE MIRRORED LETTER,14,40,true,false,,,true,true,true,true,true,64,20/10/15/4/10/5,0,game.feedback.good/bad で行動の正否を提示する; キャラ/モチーフを game.draw.sprite で描く; 背景に game.draw.gradient を使う(黒一色回避)
243,243-quickdraw.js,quickdraw,2,クイックドロウ,「DRAW!」の合図で相手より速く銃を抜く、西部劇の一瞬の早撃ち対決,DRAW!が出た瞬間タップ（フライングは反則）,2回相手より速く抜く  失敗: 撃ち負ける or フライング3回,140,,,reaction_duel,high,override,,2,1,1800,3,se_failure se_success se_tap,bgm_main,false,false,false,,false,false,false,false,false,false,"TAP THE INSTANT ""DRAW!"" FLASHES",31,31,true,false,,,true,true,false,true,true,74,20/10/15/9/15/5,0,game.feedback.good/bad で行動の正否を提示する; キャラ/モチーフを game.draw.sprite で描く; 背景に game.draw.gradient を使う(黒一色回避)
244,244-number-bounce.js,number-bounce,1,ナンバーバウンス,跳ね回る数字ボールを 1 から順にタップして捕まえる瞬発暗算,数字を昇順にタップ,1〜6を順にタップ  失敗: 順番ミス or 15秒,147,,,spot,high,override,15,,1,1800,3,se_failure se_success se_tap,bgm_main,false,false,false,,false,false,false,false,false,false,TAP THE NUMBERS IN ORDER 1 TO 6,13,31,true,false,,,true,true,true,true,true,69,20/10/15/4/15/5,0,game.feedback.good/bad で行動の正否を提示する; キャラ/モチーフを game.draw.sprite で描く; 背景に game.draw.gradient を使う(黒一色回避)
245,245-tower-defense-micro.js,tower-defense-micro,1,マイクロタワー,曲がりくねる一本道を進む敵に砲台を置いて食い止める超小型防衛,道以外をタップで砲台を設置（3基まで）,敵を3体倒す  失敗: 3体逃がす or 20秒,156,,,aim_shoot,high,override,20,3,2,1800,3,se_failure se_success se_tap,bgm_main,false,false,false,,false,false,false,false,false,false,TAP OFF-PATH TO PLACE TURRETS (MAX 3),13,37,true,false,,,true,true,true,true,true,69,20/10/15/4/15/5,0,game.feedback.good/bad で行動の正否を提示する; キャラ/モチーフを game.draw.sprite で描く; 背景に game.draw.gradient を使う(黒一色回避)
246,246-color-memory.js,color-memory,2,カラーメモリー,一瞬光る色パネルの並びを記憶し、同じ順にタップして再現する記憶ゲーム,光った順に色パネルをタップ,3ラウンドクリア  失敗: 2回ミス or 30秒,136,,,memory_sequence,high,override,30,3,1,1800,3,se_failure se_success se_tap,bgm_main,false,false,false,,false,false,false,false,false,false,WATCH THE FLASHES · REPEAT THE ORDER,23,36,true,false,,,true,true,false,true,true,69,20/10/15/4/15/5,0,game.feedback.good/bad で行動の正否を提示する; キャラ/モチーフを game.draw.sprite で描く; 背景に game.draw.gradient を使う(黒一色回避)
247,247-asteroid-miner.js,asteroid-miner,1,アステロイドマイナー,軌道を回る小惑星へ、母船からドリルを撃ち込んで鉱石を掘り出す,タップした方向へドリルを発射,鉱石5個採掘  失敗: 3回外す or 15秒,146,,,aim_shoot,high,override,15,5,2,1800,3,se_failure se_success se_tap,bgm_main,false,false,false,,false,false,false,false,false,false,TAP TO FIRE THE DRILL AT ASTEROIDS,10,34,true,false,,,true,true,true,true,true,69,20/10/15/4/15/5,0,game.feedback.good/bad で行動の正否を提示する; キャラ/モチーフを game.draw.sprite で描く; 背景に game.draw.gradient を使う(黒一色回避)
248,248-type-race.js,type-race,2,タイプレース,中央に流れてくる文字を読み取り、4択パネルから同じ文字を素早く押す反射認識,表示文字と同じパネルをタップ,3問正解  失敗: 3問ミス or 15秒,133,,,judge,high,override,15,3,2,1800,3,se_failure se_success se_tap,bgm_main,false,false,false,,false,false,false,false,false,false,TAP THE MATCHING LETTER FAST,14,32,true,false,,,true,true,true,true,true,69,20/10/15/4/15/5,0,game.feedback.good/bad で行動の正否を提示する; キャラ/モチーフを game.draw.sprite で描く; 背景に game.draw.gradient を使う(黒一色回避)
249,249-falling-platform.js,falling-platform,1,フォールプラットフォーム,崩れ落ちる足場を左右に飛び移り、迫り上がる奈落から高く登り続ける,左右タップで上の足場へ飛ぶ,高度10m到達  失敗: 落下 or 15秒,147,,,camera_climb,high,override,15,,0,1800,3,se_failure se_success se_tap,bgm_main,false,false,false,,false,false,false,false,false,false,TAP LEFT / RIGHT TO LEAP UPWARD,16,31,true,false,,,true,true,true,true,true,69,20/10/15/4/15/5,0,game.feedback.good/bad で行動の正否を提示する; キャラ/モチーフを game.draw.sprite で描く; 背景に game.draw.gradient を使う(黒一色回避)
250,250-wire-cut.js,wire-cut,2,ワイヤーカット,爆弾解除、赤いワイヤーだけをスワイプで切る。他の色を切れば即爆発,スワイプでワイヤーを切る（赤だけ）,赤ワイヤーを2本切る  失敗: 他色を切る or 15秒,162,,,slice,high,override,15,2,1,1800,3,se_failure se_success se_tap,bgm_main,false,false,false,,false,false,false,false,false,false,SWIPE TO CUT ONLY THE RED WIRES,17,31,true,false,,,true,true,true,true,true,64,20/10/15/4/10/5,0,game.feedback.good/bad で行動の正否を提示する; キャラ/モチーフを game.draw.sprite で描く; 背景に game.draw.gradient を使う(黒一色回避)
251,251-memory-palace.js,memory-palace,1,メモリーパレス,記憶宮殿。一瞬光ったアイテムの置き場所を覚え、消えた後に同じマスをタップ,アイテムが消えたら元あったマスをタップ,3問正解  失敗: 3問外す or 20秒,130,,,memory_sequence,high,override,20,3,1,1800,3,se_failure se_success se_tap,bgm_main,false,false,false,,false,false,false,false,false,false,REMEMBER THE SPOT · TAP IT AFTER IT HIDES,26,41,true,false,,,true,true,true,true,true,69,20/10/15/4/15/5,0,game.feedback.good/bad で行動の正否を提示する; キャラ/モチーフを game.draw.sprite で描く; 背景に game.draw.gradient を使う(黒一色回避)
252,252-lava-jump.js,lava-jump,3,ラバジャンプ,迫り上がる溶岩から逃れ、石柱から石柱へ飛び移って高みへ登り続ける,タップで上の石柱へジャンプ,高度12m到達  失敗: 溶岩に落ちる or 15秒,150,,,camera_climb,high,override,15,,0,1800,3,se_failure se_success se_tap,bgm_main,false,false,false,,false,false,false,false,false,false,TAP A PILLAR ABOVE TO LEAP UP,12,29,true,false,,,true,true,true,true,true,69,20/10/15/4/15/5,0,game.feedback.good/bad で行動の正否を提示する; キャラ/モチーフを game.draw.sprite で描く; 背景に game.draw.gradient を使う(黒一色回避)
253,253-crop-harvest.js,crop-harvest,1,クロップハーベスト,畑の野菜が熟した一瞬を見計らってタップ収穫、採りごろほど高得点,熟した野菜をタップ（ピークで最大得点）,20ポイント獲得  失敗: 15秒,150,,,timing_window,high,override,15,20,1,1800,3,se_failure se_success se_tap,bgm_main,false,false,false,,false,false,false,false,false,false,TAP RIPE CROPS AT THEIR PEAK,30,28,true,false,,,true,true,true,true,true,69,20/10/15/4/15/5,0,game.feedback.good/bad で行動の正否を提示する; キャラ/モチーフを game.draw.sprite で描く; 背景に game.draw.gradient を使う(黒一色回避)
254,254-freeze-frame.js,freeze-frame,3,フリーズフレーム,踊り続ける人形がお手本ポーズと重なった一瞬をタップで止める、決めのタイミング,人形が目標ポーズになった瞬間タップ,3回パーフェクト  失敗: 3回ミス or 15秒,152,,,timing_one_shot,high,override,15,3,2,1800,3,se_failure se_success se_tap,bgm_main,false,false,false,,false,false,false,false,false,false,TAP WHEN THE DANCER HITS THE TARGET POSE,16,40,true,false,,,true,true,true,true,true,69,20/10/15/4/15/5,0,game.feedback.good/bad で行動の正否を提示する; キャラ/モチーフを game.draw.sprite で描く; 背景に game.draw.gradient を使う(黒一色回避)
255,255-neon-pinball.js,neon-pinball,1,ネオンピンボール,ネオン管の台でボールをフリッパーで打ち上げ、バンパーを弾いて得点を稼ぐ,左半分タップで左フリッパー、右半分タップで右フリッパー,100点獲得  失敗: ボール3個失う or 20秒,147,,,timing_one_shot,high,override,20,100,1,1800,3,se_failure se_success se_tap,bgm_main,false,false,false,,false,false,false,false,false,false,TAP ◄ LEFT · RIGHT ► FLIPPER,10,28,true,false,,,true,true,true,true,true,74,20/10/15/9/15/5,0,game.feedback.good/bad で行動の正否を提示する; キャラ/モチーフを game.draw.sprite で描く; 背景に game.draw.gradient を使う(黒一色回避)
256,256-shadow-match.js,shadow-match,5,シャドウマッチ,暗い影のシルエットだけを見て、元の形はどれかを4択から見抜く形状認識,影に対応する形をタップ,3問正解  失敗: 3問ミス or 15秒,133,,,judge,high,override,15,3,2,1800,3,se_failure se_success se_tap,bgm_main,false,false,false,,false,false,false,false,false,false,PICK THE SHAPE THAT MATCHES THE SHADOW,17,38,true,false,,,true,true,true,true,true,64,20/10/15/4/10/5,0,game.feedback.good/bad で行動の正否を提示する; キャラ/モチーフを game.draw.sprite で描く; 背景に game.draw.gradient を使う(黒一色回避)
257,257-cargo-sort.js,cargo-sort,1,カーゴソート,ベルトを流れてくるコンテナを、同じ色のレーンへスワイプで振り分ける仕分け作業,コンテナの色と同じレーン方向へスワイプ,3個正しく仕分け  失敗: 3個誤送 or 15秒,136,,,swipe_direction,high,override,15,3,2,1800,3,se_failure se_success se_tap,bgm_main,false,false,false,,false,false,false,false,false,false,SWIPE THE CRATE TO ITS MATCHING LANE,12,36,true,false,,,true,true,true,true,true,69,20/10/15/4/15/5,0,game.feedback.good/bad で行動の正否を提示する; キャラ/モチーフを game.draw.sprite で描く; 背景に game.draw.gradient を使う(黒一色回避)
258,258-whack-ghost.js,whack-ghost,1,ゴーストたたき,穴から現れる幽霊のうち、実体（濃い）だけを叩き、偽物（薄い）は見逃す判別モグラ叩き,濃い本物の幽霊をタップ（薄い偽物は叩かない）,3体叩く  失敗: 偽物を3回叩く or 15秒,150,,,judge,high,override,15,3,2,1800,3,se_failure se_success se_tap,bgm_main,false,false,false,,false,false,false,false,false,false,HIT SOLID GHOSTS · IGNORE THE FAINT FAKES,23,41,true,false,,,true,true,true,true,true,69,20/10/15/4/15/5,0,game.feedback.good/bad で行動の正否を提示する; キャラ/モチーフを game.draw.sprite で描く; 背景に game.draw.gradient を使う(黒一色回避)
259,259-balance-scale.js,balance-scale,3,バランススケール,天秤の左皿に載った品物と釣り合うよう、右皿に分銅を足して重さをぴたり合わせる,分銅ボタンで右皿に追加、右皿タップで最後の分銅を外す,3回釣り合わせる  失敗: 25秒,149,,,count_exact,high,override,25,3,1,1800,3,se_failure se_success se_tap,bgm_main,false,false,false,,false,false,false,false,false,false,ADD WEIGHTS UNTIL BOTH PANS BALANCE,13,35,true,false,,,true,true,true,true,true,69,20/10/15/4/15/5,0,game.feedback.good/bad で行動の正否を提示する; キャラ/モチーフを game.draw.sprite で描く; 背景に game.draw.gradient を使う(黒一色回避)
260,260-speed-sort.js,speed-sort,3,スピードソート,並んだ2つの数字のうち大きい方を上スワイプで仕分ける、瞬間比較のリフレックス,大きい方の数字を上へスワイプ,3問正解  失敗: 3回ミス or 15秒,123,,,size_judge,high,override,15,3,2,1800,3,se_failure se_success se_tap,bgm_main,false,false,false,,false,false,false,false,false,false,SWIPE UP ON THE BIGGER NUMBER,15,29,true,false,,,true,true,true,true,true,64,20/10/15/4/10/5,0,game.feedback.good/bad で行動の正否を提示する; キャラ/モチーフを game.draw.sprite で描く; 背景に game.draw.gradient を使う(黒一色回避)
261,261-fish-hook.js,fish-hook,1,フィッシュフック,泳ぐ魚に釣り針の高さを合わせ、重なった瞬間に引き上げて釣り上げる,タップで投げ込み、魚に重なったらタップで引き上げ,魚を3匹釣る  失敗: 3回空振り or 15秒,143,,,timing_one_shot,high,override,15,3,1,1800,3,se_failure se_success se_tap,bgm_main,false,false,false,,false,false,false,false,false,false,TAP TO CAST · TAP AGAIN ON A FISH TO REEL,25,41,true,false,,,true,true,true,true,true,69,20/10/15/4/15/5,0,game.feedback.good/bad で行動の正否を提示する; キャラ/モチーフを game.draw.sprite で描く; 背景に game.draw.gradient を使う(黒一色回避)
262,262-ice-sculptor.js,ice-sculptor,1,アイス彫刻,氷ブロックの四辺をスワイプで少しずつ削り、目標サイズに揃える繊細な彫刻,上下左右スワイプでその辺を削る（削りすぎ厳禁）,2体を完成  失敗: 削りすぎ or 20秒,143,,,rub,high,override,20,2,1,1800,3,se_failure se_success se_tap,bgm_main,false,false,false,,false,false,false,false,false,false,SWIPE EACH EDGE TO CARVE · DO NOT OVERCUT,26,41,true,false,,,true,true,true,true,true,57,13/10/15/4/10/5,0,game.feedback.good/bad で行動の正否を提示する; 全入力ハンドラで即時フィードバック(feedback/fx/audio)を返す; キャラ/モチーフを game.draw.sprite で描く
263,263-power-surge.js,power-surge,2,パワーサージ,連打で電力メーターを上げ、移動する安全ゾーン内に留め続ける電力制御,タップで電力チャージ（自然に減衰する）,8秒ゾーン内に維持  失敗: 危険ゾーンを3回踏む or レンジ外,135,,,count_exact,high,override,,8,1,1800,3,se_failure se_success se_tap,bgm_main,false,false,false,,false,false,false,false,false,false,TAP TO CHARGE · STAY IN THE GREEN ZONE,14,38,true,false,,,true,true,true,true,true,69,20/10/15/4/15/5,0,game.feedback.good/bad で行動の正否を提示する; キャラ/モチーフを game.draw.sprite で描く; 背景に game.draw.gradient を使う(黒一色回避)
264,264-coin-tower.js,coin-tower,1,コインタワー,左右に揺れる台の中心を狙い、落ちてくるコインをタップで放して積み上げる,タップでコインを落とす（中心に載せる）,3枚積む  失敗: 3枚こぼす or 15秒,138,,,stack,high,override,15,3,1,1800,3,se_failure se_success se_tap,bgm_main,false,false,false,,false,false,false,false,false,false,TAP TO DROP THE COIN ONTO THE SWAYING PLATFORM,13,46,true,false,,,true,true,true,true,true,69,20/10/15/4/15/5,0,game.feedback.good/bad で行動の正否を提示する; キャラ/モチーフを game.draw.sprite で描く; 背景に game.draw.gradient を使う(黒一色回避)
265,265-rune-trace.js,rune-trace,1,ルーントレース,光るルーンのパスを記憶し、始点から終点へ指でなぞって魔法を発動させる,パスを見たらタップ、続けてスワイプで始点→終点をなぞる,3個のルーンを発動  失敗: 3回失敗 or 15秒,151,,,trace,high,override,15,3,1,1800,3,se_failure se_success se_tap,bgm_main,false,false,false,,false,false,false,false,false,false,MEMORIZE · TAP · SWIPE START TO END,24,35,true,false,,,true,true,true,true,true,69,20/10/15/4/15/5,0,game.feedback.good/bad で行動の正否を提示する; キャラ/モチーフを game.draw.sprite で描く; 背景に game.draw.gradient を使う(黒一色回避)
266,266-virus-hunter.js,virus-hunter,1,ウイルスハンター,体内を漂うウイルス（トゲ付き赤）だけをタップ、丸い白血球は撃ってはいけない,ウイルスをタップ（白血球は避ける）,3体退治  失敗: 白血球を3回撃つ or 15秒,138,,,judge,high,override,15,3,2,1800,3,se_failure se_success se_tap,bgm_main,false,false,false,,false,false,false,false,false,false,TAP SPIKY VIRUSES · SPARE ROUND CELLS,13,37,true,false,,,true,true,true,true,true,69,20/10/15/4/15/5,0,game.feedback.good/bad で行動の正否を提示する; キャラ/モチーフを game.draw.sprite で描く; 背景に game.draw.gradient を使う(黒一色回避)
267,267-traffic-control.js,traffic-control,1,トラフィックコントロール,十字路の信号をタップで切り替え、車を衝突させず通過させる交通整理,タップで縦横の青信号を入れ替える,6台通過  失敗: 衝突3回 or 15秒,154,,,judge,high,override,15,6,1,1800,3,se_failure se_success se_tap,bgm_main,false,false,false,,false,false,false,false,false,false,TAP TO SWITCH THE GREEN LIGHT · AVOID CRASHES,13,45,true,false,,,true,true,true,true,true,64,20/10/15/4/10/5,0,game.feedback.good/bad で行動の正否を提示する; キャラ/モチーフを game.draw.sprite で描く; 背景に game.draw.gradient を使う(黒一色回避)
268,268-pixel-runner.js,pixel-runner,1,ピクセルランナー,8ビット風の横スクロールを走り、タップの2段ジャンプで障害物を跳び越える,タップでジャンプ（空中でもう一度で2段ジャンプ）,20m走破  失敗: 障害物に激突 or 15秒,140,,,camera_run,high,override,15,20,1,1800,3,se_failure se_success se_tap,bgm_main,false,false,false,,false,false,false,false,false,false,TAP TO JUMP · TAP AGAIN TO DOUBLE JUMP,11,38,true,false,,,true,true,true,true,true,69,20/10/15/4/15/5,0,game.feedback.good/bad で行動の正否を提示する; キャラ/モチーフを game.draw.sprite で描く; 背景に game.draw.gradient を使う(黒一色回避)
269,269-meteor-shield.js,meteor-shield,6,メテオシールド,惑星を囲む回転盾をタップで向け、四方から降る流星を弾き返す最後の防衛,タップした方向へ盾を回す,3個弾く  失敗: 惑星に3個当たる or 15秒,133,,,swipe_direction,high,override,15,3,2,1800,3,se_failure se_success se_tap,bgm_main,false,false,false,,false,false,false,false,false,false,TAP TO AIM THE ORBITING SHIELD,10,30,true,false,,,true,true,true,true,true,69,20/10/15/4/15/5,0,game.feedback.good/bad で行動の正否を提示する; キャラ/モチーフを game.draw.sprite で描く; 背景に game.draw.gradient を使う(黒一色回避)
270,270-chain-reaction.js,chain-reaction,9,チェーンリアクション,限られたタップで泡を爆発させ、隣へ次々広がる連鎖爆発で一掃する,タップで泡を爆発（爆風が隣の泡を巻き込む）,15個消す  失敗: タップ5回使い切る or 15秒,142,,,timing_one_shot,high,override,15,15,2,1800,3,se_failure se_success se_tap,bgm_main,false,false,false,,false,false,false,false,false,false,TAP A BUBBLE · THE BLAST CHAINS TO NEIGHBORS,11,44,true,false,,,true,true,true,true,true,69,20/10/15/4/15/5,0,game.feedback.good/bad で行動の正否を提示する; キャラ/モチーフを game.draw.sprite で描く; 背景に game.draw.gradient を使う(黒一色回避)
271,271-heartbeat-tap.js,heartbeat-tap,1,ハートビートタップ,流れる心電図の鋭いRピークの瞬間に合わせてタップする医療リズム,波形が跳ねた瞬間にタップ,3回ジャストで刻む  失敗: 3回外す or 15秒,139,,,rhythm,high,override,15,3,2,1800,3,se_failure se_success se_tap,bgm_main,false,false,false,,false,false,false,false,false,false,TAP EXACTLY ON THE SHARP PEAK,14,29,true,false,,,true,true,true,true,true,69,20/10/15/4/15/5,0,game.feedback.good/bad で行動の正否を提示する; キャラ/モチーフを game.draw.sprite で描く; 背景に game.draw.gradient を使う(黒一色回避)
272,272-ladder-climb.js,ladder-climb,1,ラダークライム,はしごを左右の手で交互に掴んで登る、同じ手を続けて出すと滑り落ちる,左タップで左手、右タップで右手（交互に）,8段登る  失敗: 同じ手を連続で出す or 15秒,137,,,alternate_tap,high,override,15,8,1,1800,3,se_failure se_success se_tap,bgm_main,false,false,false,,false,false,false,false,false,false,TAP LEFT / RIGHT HANDS ALTERNATELY,27,34,true,false,,,true,true,true,true,true,64,20/10/15/4/10/5,0,game.feedback.good/bad で行動の正否を提示する; キャラ/モチーフを game.draw.sprite で描く; 背景に game.draw.gradient を使う(黒一色回避)
273,273-plasma-bounce.js,plasma-bounce,1,プラズマバウンス,下のパドルでプラズマ球を跳ね返し、上部のブロックを砕くブロック崩し,タップした位置へパドルを移動,3ブロック破壊  失敗: 3回落とす or 15秒,144,,,drag_follow,high,override,15,3,1,1800,3,se_failure se_success se_tap,bgm_main,false,false,false,,false,false,false,false,false,false,MOVE THE PADDLE · SMASH THE BLOCKS,10,34,true,false,,,true,true,true,true,true,74,20/10/15/9/15/5,0,game.feedback.good/bad で行動の正否を提示する; キャラ/モチーフを game.draw.sprite で描く; 背景に game.draw.gradient を使う(黒一色回避)
274,274-tile-flip.js,tile-flip,8,タイルフリップ,タップで自身と隣接タイルが反転する。全マスを同じ色に揃える反転パズル,タイルをタップ（十字に反転する）,全マスを同色に  失敗: 8手使い切る or 15秒,126,,,judge,high,override,15,,1,1800,3,se_failure se_success se_tap,bgm_main,false,false,false,,false,false,false,false,false,false,TAP A TILE · IT AND NEIGHBORS FLIP · MATCH ALL,12,46,true,false,,,true,true,true,true,true,64,20/10/15/4/10/5,0,game.feedback.good/bad で行動の正否を提示する; キャラ/モチーフを game.draw.sprite で描く; 背景に game.draw.gradient を使う(黒一色回避)
275,275-signal-burst.js,signal-burst,1,シグナルバースト,中継塔をタップでONにして電源から全基地へ信号を繋ぐ配線パズル,中継塔をタップして経路を作る,3基地すべてに送信  失敗: 15秒,139,,,connect,high,override,15,3,1,1800,3,se_failure se_success se_tap,bgm_main,false,false,false,,false,false,false,false,false,false,TAP RELAYS TO ROUTE POWER TO ALL BASES,24,38,true,false,,,true,true,true,true,true,69,20/10/15/4/15/5,0,game.feedback.good/bad で行動の正否を提示する; キャラ/モチーフを game.draw.sprite で描く; 背景に game.draw.gradient を使う(黒一色回避)
276,276-escape-maze.js,escape-maze,2,エスケープメイズ,追手が迷路を最短で追ってくる前に、スワイプで移動してゴールへ逃げ切る,スワイプで上下左右に移動,ゴール到達  失敗: 追手に捕まる or 15秒,143,,,guide_path,high,override,15,,0,1800,3,se_failure se_success se_tap,bgm_main,false,false,false,,false,false,false,false,false,false,SWIPE TO MOVE · REACH G BEFORE THE CHASER,16,41,true,false,,,true,true,true,true,true,64,20/10/15/4/10/5,0,game.feedback.good/bad で行動の正否を提示する; キャラ/モチーフを game.draw.sprite で描く; 背景に game.draw.gradient を使う(黒一色回避)
277,277-pressure-cook.js,pressure-cook,3,プレッシャークック,圧力鍋の弁をタップで開閉し、レシピの適正圧を保って料理を仕上げる,弁をタップで開閉（閉で上昇、開で降下）,2品を調理  失敗: 爆発2回 or 20秒,149,,,balance,high,override,20,2,1,1800,3,se_failure se_success se_tap,bgm_main,false,false,false,,false,false,false,false,false,false,TAP THE VALVE · HOLD PRESSURE IN RANGE,19,38,true,false,,,true,true,true,true,true,69,20/10/15/4/15/5,0,game.feedback.good/bad で行動の正否を提示する; キャラ/モチーフを game.draw.sprite で描く; 背景に game.draw.gradient を使う(黒一色回避)
278,278-crystal-match.js,crystal-match,2,クリスタルマッチ,隣同士を入れ替えて同色3つ以上を並べて消す、宝石そろえパズル,クリスタルをタップして隣と交換,6個消す  失敗: 15秒,147,,,judge,high,override,15,6,1,1800,3,se_failure se_success se_tap,bgm_main,false,false,false,,false,false,false,false,false,false,TAP TWO NEIGHBORS TO SWAP · MATCH 3+,10,36,true,false,,,true,true,true,true,true,69,20/10/15/4/15/5,0,game.feedback.good/bad で行動の正否を提示する; キャラ/モチーフを game.draw.sprite で描く; 背景に game.draw.gradient を使う(黒一色回避)
279,279-orbit-sync.js,orbit-sync,1,オービットシンク,各惑星の公転速度をタップで切り替え、全惑星を目標マークへ同時に合わせる,惑星をタップで速度を高速/低速に切替,2回全同期  失敗: 15秒,133,,,timing_one_shot,high,override,15,2,1,1800,3,se_failure se_success se_tap,bgm_main,false,false,false,,false,false,false,false,false,false,TAP PLANETS TO TOGGLE SPEED · ALIGN TO MARKS,11,44,true,false,,,true,true,true,true,true,64,20/10/15/4/10/5,0,game.feedback.good/bad で行動の正否を提示する; キャラ/モチーフを game.draw.sprite で描く; 背景に game.draw.gradient を使う(黒一色回避)
280,280-word-rain.js,word-rain,2,ワードレイン,降ってくる文字群から、目標単語の綴り順に文字をタップして単語を完成させる,目標単語の次の文字をタップ,3単語完成  失敗: 3回ミス or 15秒,137,,,spot,high,override,15,3,2,1800,3,se_failure se_success se_tap,bgm_main,false,false,false,,false,false,false,false,false,false,TAP LETTERS IN ORDER TO SPELL THE WORD,24,38,true,false,,,true,true,true,true,true,69,20/10/15/4/15/5,0,game.feedback.good/bad で行動の正否を提示する; キャラ/モチーフを game.draw.sprite で描く; 背景に game.draw.gradient を使う(黒一色回避)
281,281-gravity-flip.js,gravity-flip,12,グラビティフリップ,タップで重力を上下反転し、壁の隙間ゲートを次々くぐり抜ける,タップで重力の向きを反転,3ゲート通過  失敗: 壁に3回当たる or 15秒,139,,,camera_run,high,override,15,3,1,1800,3,se_failure se_success se_tap,bgm_main,false,false,false,,false,false,false,false,false,false,TAP TO FLIP GRAVITY · PASS THE GATES,11,36,true,false,,,true,true,true,true,true,69,20/10/15/4/15/5,0,game.feedback.good/bad で行動の正否を提示する; キャラ/モチーフを game.draw.sprite で描く; 背景に game.draw.gradient を使う(黒一色回避)
282,282-magnet-pull.js,magnet-pull,4,マグネットプル,中央磁石の引力・斥力をタップで切り替え、金属球を下のゴールへ導く,タップで引力(ATT)と斥力(REP)を切り替え,3球ゴール  失敗: 3球こぼす or 15秒,134,,,guide_path,high,override,15,3,2,1800,3,se_failure se_success se_tap,bgm_main,false,false,false,,false,false,false,false,false,false,TAP TO SWITCH ATTRACT / REPEL · REACH GOAL,12,42,true,false,,,true,true,true,true,true,69,20/10/15/4/15/5,0,game.feedback.good/bad で行動の正否を提示する; キャラ/モチーフを game.draw.sprite で描く; 背景に game.draw.gradient を使う(黒一色回避)
283,283-ink-spread.js,ink-spread,3,インクスプレッド,四隅から広がる黒インクを吸収ブロックでせき止め、白い領域を守り抜く,タップで吸収ブロックを置いてインクの前線を止める,8秒間 白を60%以上キープ  失敗: 白が60%を切る or 時間切れ,135,,,judge,high,override,,8,1,1800,3,se_failure se_success se_tap,bgm_main,false,false,false,,false,false,false,false,false,false,TAP TO BLOCK THE INK · KEEP WHITE OVER 60%,13,42,true,false,,,true,true,true,true,true,69,20/10/15/4/15/5,0,game.feedback.good/bad で行動の正否を提示する; キャラ/モチーフを game.draw.sprite で描く; 背景に game.draw.gradient を使う(黒一色回避)
284,284-beat-boxer.js,beat-boxer,1,ビートボクサー,ビートで現れるパンチ/キックの合図を、左右タップで正しく叩き込む格闘リズム,左タップでパンチ、右タップでキック（合図の種類に合わせて）,3コンボ  失敗: 3回外す or 15秒,133,,,rhythm,high,override,15,3,2,1800,3,se_failure se_success se_tap,bgm_main,false,false,false,,false,false,false,false,false,false,TAP ◄ PUNCH · KICK ► ON THE CUE,29,31,true,false,,,true,true,true,true,true,69,20/10/15/4/15/5,0,game.feedback.good/bad で行動の正否を提示する; キャラ/モチーフを game.draw.sprite で描く; 背景に game.draw.gradient を使う(黒一色回避)
285,285-tower-stack.js,tower-stack,5,タワースタック,左右に流れるブロックを真上でタップして落とし、ずれた分を削りつつ積み上げる,タップで動くブロックを落とす,3段積む  失敗: 3回はみ出す or 15秒,134,,,stack,high,override,15,3,1,1800,3,se_failure se_success se_tap,bgm_main,false,false,false,,false,false,false,false,false,false,TAP TO DROP THE MOVING BLOCK ONTO THE STACK,13,43,true,false,,,true,true,true,true,true,69,20/10/15/4/15/5,0,game.feedback.good/bad で行動の正否を提示する; キャラ/モチーフを game.draw.sprite で描く; 背景に game.draw.gradient を使う(黒一色回避)
286,286-color-flood.js,color-flood,6,カラーフラッド,左上から色を選んで塗り広げ、限られた手数で盤面を全て同色に染める,下部の色ボタンをタップして洪水を広げる,全マス同色に  失敗: 8手使い切る or 15秒,125,,,judge,high,override,15,,1,1800,3,se_failure se_success se_tap,bgm_main,false,false,false,,false,false,false,false,false,false,PICK COLORS TO FLOOD · MATCH THE WHOLE BOARD,12,44,true,false,,,true,true,true,true,true,69,20/10/15/4/15/5,0,game.feedback.good/bad で行動の正否を提示する; キャラ/モチーフを game.draw.sprite で描く; 背景に game.draw.gradient を使う(黒一色回避)
287,287-turbine-tap.js,turbine-tap,1,タービンタップ,発電タービンをタップして回転を安定ゾーン(50〜70)に保つ発電所オペレート,タップでタービンを回す（速すぎず遅すぎず）,8秒間 安定ゾーンを維持  失敗: 過回転/停止を3回 or 15秒,173,,,balance,high,override,15,8,1,1800,3,se_failure se_success se_tap,bgm_main,false,false,false,,false,false,false,false,false,false,TAP TO SPIN · KEEP RPM IN THE SAFE ZONE 50-70,16,45,true,false,,,true,true,true,true,true,64,20/10/15/4/10/5,0,game.feedback.good/bad で行動の正否を提示する; キャラ/モチーフを game.draw.sprite で描く; 背景に game.draw.gradient を使う(黒一色回避)
288,288-neon-snake.js,neon-snake,4,ネオンスネーク,ネオンの蛇をスワイプで操って光る果実を集める、壁と自分に当たると即アウト,スワイプで進む方向を変える,5個のフルーツを食べる  失敗: 壁または自分に当たる or 20秒,181,,,guide_path,high,override,20,5,1,1800,3,se_failure se_success se_tap,bgm_main,false,false,false,,false,false,false,false,false,false,SWIPE TO TURN · EAT THE GLOWING FRUIT,14,37,true,false,,,true,true,true,true,true,62,13/10/15/4/15/5,0,game.feedback.good/bad で行動の正否を提示する; 全入力ハンドラで即時フィードバック(feedback/fx/audio)を返す; キャラ/モチーフを game.draw.sprite で描く
289,289-voltage-spike.js,voltage-spike,3,ボルテージスパイク,電圧グラフに現れる急騰スパイクを素早くタップして電力網を安定させる,流れてくるスパイクをタップして抑える,3個のスパイクを抑える  失敗: 3個見逃す or 15秒,166,,,balance,high,override,15,3,2,1800,3,se_failure se_success se_tap,bgm_main,false,false,false,,false,false,false,false,false,false,TAP THE SPIKES TO STABILIZE THE GRID,12,36,true,false,,,true,true,true,true,true,69,20/10/15/4/15/5,0,game.feedback.good/bad で行動の正否を提示する; キャラ/モチーフを game.draw.sprite で描く; 背景に game.draw.gradient を使う(黒一色回避)
290,290-water-level.js,water-level,1,ウォーターレベル,注水/排水で水位を操り、沈む魚をターゲット深度ラインまで導く水槽パズル,左ボタンで注水、右ボタンで排水（トグル）,3匹を指定深度へ届ける  失敗: 3回あふれる or 15秒,162,,,gap_fit,high,override,15,3,1,1800,3,se_failure se_success se_tap,bgm_main,false,false,false,,false,false,false,false,false,false,FILL / DRAIN TO GUIDE THE FISH TO THE LINE,14,42,true,false,,,true,true,true,true,true,69,20/10/15/4/15/5,0,game.feedback.good/bad で行動の正否を提示する; キャラ/モチーフを game.draw.sprite で描く; 背景に game.draw.gradient を使う(黒一色回避)
291,291-disco-lights.js,disco-lights,1,ディスコライツ,点滅するフロアライトの順番を覚え、タップで同じ順に再現するメモリーゲーム,光った順を覚えて、その順にライトをタップ,3ラウンドクリア  失敗: 3回間違える or 15秒,156,,,memory_sequence,high,override,15,3,1,1800,3,se_failure se_success se_tap,bgm_main,false,false,false,,false,false,false,false,false,false,WATCH THE ORDER · TAP IT BACK,23,29,true,false,,,true,true,true,true,true,69,20/10/15/4/15/5,0,game.feedback.good/bad で行動の正否を提示する; キャラ/モチーフを game.draw.sprite で描く; 背景に game.draw.gradient を使う(黒一色回避)
292,292-nano-repair.js,nano-repair,1,ナノリペア,回路基板の配線に走る断線点を、消える前に素早くタップして修理する,赤く点滅する断線点をタップして修理,3箇所修理  失敗: 3箇所を放置 or 15秒,159,,,chase,high,override,15,3,2,1800,3,se_failure se_success se_tap,bgm_main,false,false,false,,false,false,false,false,false,false,TAP THE BLINKING BREAKS BEFORE THEY FADE,10,40,true,false,,,true,true,true,true,true,69,20/10/15/4/15/5,0,game.feedback.good/bad で行動の正否を提示する; キャラ/モチーフを game.draw.sprite で描く; 背景に game.draw.gradient を使う(黒一色回避)
293,293-bubble-burst.js,bubble-burst,1,バブルバースト,浮かぶ泡をタップして L→M→S と分裂させ、小泡まで弾き切る爽快アクション,タップで泡を弾く（大→中→小→消える）,小泡を5個消す  失敗: 泡が12個まで増える or 15秒,154,,,aim_shoot,high,override,15,5,1,1800,3,se_failure se_success se_tap,bgm_main,false,false,false,,false,false,false,false,false,false,TAP BUBBLES · L SPLITS TO M SPLITS TO S,11,39,true,false,,,true,true,true,true,true,69,20/10/15/4/15/5,0,game.feedback.good/bad で行動の正否を提示する; キャラ/モチーフを game.draw.sprite で描く; 背景に game.draw.gradient を使う(黒一色回避)
294,294-rhythm-road.js,rhythm-road,1,リズムロード,ビートで降ってくるコインと障害物を、スワイプでレーン変更して捌く走行ゲーム,左右スワイプでレーン変更（コインを取り、障害物を避ける）,コインを6枚集める  失敗: 障害物に3回ぶつかる or 20秒,164,,,dodge,high,override,20,6,1,1800,3,se_failure se_success se_tap,bgm_main,false,false,false,,false,false,false,false,false,false,SWIPE TO CHANGE LANE · GRAB COINS · DODGE BLOCKS,20,48,true,false,,,true,true,true,true,true,69,20/10/15/4/15/5,0,game.feedback.good/bad で行動の正否を提示する; キャラ/モチーフを game.draw.sprite で描く; 背景に game.draw.gradient を使う(黒一色回避)
295,295-sand-timer.js,sand-timer,6,砂時計の番人,上の砂が落ちきる前にタップで反転し、砂を絶やさず時間を守り抜くサバイバル,タップで砂時計を反転,15秒間 砂を切らさず耐える  失敗: 砂が3回落ちきる,147,,,timing_one_shot,high,override,,15,1,1800,3,se_failure se_success se_tap,bgm_main,false,false,false,,false,false,false,false,false,false,TAP TO FLIP BEFORE THE SAND RUNS OUT,11,36,true,false,,,true,true,true,true,true,69,20/10/15/4/15/5,0,game.feedback.good/bad で行動の正否を提示する; キャラ/モチーフを game.draw.sprite で描く; 背景に game.draw.gradient を使う(黒一色回避)
296,296-star-connect.js,star-connect,2,星座を結べ,光る星をスワイプでなぞり、点線ガイドに沿って星座を完成させる夜空パズル,星から星へスワイプして線を引く（ガイドの通りに）,3つの星座を完成  失敗: 3回ミス or 15秒,170,,,trace,high,override,15,3,1,1800,3,se_failure se_success se_tap,bgm_main,false,false,false,,false,false,false,false,false,false,SWIPE STAR TO STAR ALONG THE DOTTED GUIDE,11,41,true,false,,,true,true,true,true,true,69,20/10/15/4/15/5,0,game.feedback.good/bad で行動の正否を提示する; キャラ/モチーフを game.draw.sprite で描く; 背景に game.draw.gradient を使う(黒一色回避)
297,297-coin-flip.js,coin-flip,4,コインの予言者,空中のコインが着地する前に、表(HEADS)か裏(TAILS)かをスワイプで予言する,上スワイプで表、下スワイプで裏を予言,5回中3回以上的中  失敗: 3回はずす or 15秒,153,,,judge,high,override,15,3,2,1800,3,se_failure se_success se_tap,bgm_main,false,false,false,,false,false,false,false,false,false,SWIPE UP = HEADS · DOWN = TAILS · BEFORE IT LANDS,33,49,true,false,,,true,true,true,true,true,59,20/10/15/4/5/5,0,game.feedback.good/bad で行動の正否を提示する; キャラ/モチーフを game.draw.sprite で描く; 背景に game.draw.gradient を使う(黒一色回避)
298,298-bridge-build.js,bridge-build,2,橋を架けろ,押している間だけ橋が伸び、離すと倒れる。対岸に届く長さを見極める,押している間だけ橋が伸び、離すと橋が倒れる,制限時間内に 4 本渡りきる  失敗: 時間切れ,247,hold_charge,ninja,hold_charge,high,override,10,4,0,1600,6,se_break se_coin se_failure se_milestone se_success se_tap,,true,false,true,flash,true,true,true,true,false,false,,71,15,true,false,忍者屋敷から脱する忍びが、谷ごとに橋を伸ばして対岸へ跳ぶ,NEO-RETRO,true,false,false,true,true,90,20/20/15/15/15/5,0,全入力ハンドラで即時フィードバック(feedback/fx/audio)を返す
299,299-ninja-slice.js,ninja-slice,2,忍者スライス,宙に舞う的をスワイプで斬り、黒い爆弾は絶対に斬らない道場アクション,スワイプで的を斬る（爆弾を斬るとダメージ）,的を5個斬る  失敗: 爆弾を3回斬る or 15秒,159,,,slice,high,override,15,5,1,1800,3,se_failure se_success se_tap,bgm_main,false,false,false,,false,false,false,false,false,false,SWIPE TO SLICE TARGETS · NEVER CUT THE BOMB,10,43,true,false,,,true,true,true,true,true,69,20/10/15/4/15/5,0,game.feedback.good/bad で行動の正否を提示する; キャラ/モチーフを game.draw.sprite で描く; 背景に game.draw.gradient を使う(黒一色回避)
300,300-century-goal.js,century-goal,1,世紀のゴール,揺れるパワー/カーブゲージを見極め、上スワイプでフリーキックを決めるサッカー,上スワイプで蹴る（パワーとカーブのタイミングで狙う）,3点決める  失敗: 3回外す or 15秒,168,,,flick_launch,high,override,15,3,1,1800,3,se_failure se_success se_tap,bgm_main,false,false,false,,false,false,false,false,false,false,SWIPE UP TO SHOOT · READ POWER AND CURVE,25,40,true,false,,,true,true,true,true,true,62,13/10/15/4/15/5,0,game.feedback.good/bad で行動の正否を提示する; 全入力ハンドラで即時フィードバック(feedback/fx/audio)を返す; キャラ/モチーフを game.draw.sprite で描く
301,301-ice-skate.js,ice-skate,2,氷上の演技,惰性で滑り続けるスケーターをタップで90度旋回させ、壁を避けてゴールへ導く,タップで進行方向を時計回りに90度変える,3つのゴールに到達  失敗: 壁に3回ぶつかる or 15秒,151,,,guide_path,high,override,15,3,1,1800,3,se_failure se_success se_tap,bgm_main,false,false,false,,false,false,false,false,false,false,TAP TO TURN 90° · REACH THE GOAL · DODGE WALLS,10,46,true,false,,,true,true,true,true,true,69,20/10/15/4/15/5,0,game.feedback.good/bad で行動の正否を提示する; キャラ/モチーフを game.draw.sprite で描く; 背景に game.draw.gradient を使う(黒一色回避)
302,302-mirror-tap.js,mirror-tap,2,ミラータップ,鏡の中に光る的の「左右反転した本当の位置」を読み取ってタップする反射神経ゲーム,鏡像の的を見て、実際の（左右反転した）位置をタップ,3回正確にタップ  失敗: 3回ミス or 15秒,151,,,judge,high,override,15,3,2,1800,3,se_failure se_success se_tap,bgm_main,false,false,false,,false,false,false,false,false,false,TAP THE MIRRORED TARGET\,13,40,true,false,,,true,true,true,true,true,69,20/10/15/4/15/5,0,game.feedback.good/bad で行動の正否を提示する; キャラ/モチーフを game.draw.sprite で描く; 背景に game.draw.gradient を使う(黒一色回避)
303,303-balloon-pop.js,balloon-pop,4,風船の連鎖,せり上がる風船で、隣り合う同色2個以上をタップして一気に弾く連鎖パズル,2個以上つながった同色風船をタップして消す,12個消す  失敗: 風船が天井に達する or 15秒,146,,,spot,high,override,15,12,1,1800,3,se_failure se_success se_tap,bgm_main,false,false,false,,false,false,false,false,false,false,TAP GROUPS OF 2+ SAME-COLOR BALLOONS,10,36,true,false,,,true,true,true,true,true,69,20/10/15/4/15/5,0,game.feedback.good/bad で行動の正否を提示する; キャラ/モチーフを game.draw.sprite で描く; 背景に game.draw.gradient を使う(黒一色回避)
304,304-drum-roll.js,drum-roll,1,ドラムロール,左右の太鼓を交互に叩いてテンポを保つ。連打や間延びはテンポを崩す,左半分と右半分を交互にタップ（同じ側の連続や遅すぎはミス）,8打を交互に決める  失敗: テンポを3回崩す or 15秒,145,,,alternate_tap,high,override,15,8,1,1800,3,se_failure se_success se_tap,bgm_main,false,false,false,,false,false,false,false,false,false,ALTERNATE LEFT & RIGHT · KEEP THE TEMPO,19,39,true,false,,,true,true,true,true,true,69,20/10/15/4/15/5,0,game.feedback.good/bad で行動の正否を提示する; キャラ/モチーフを game.draw.sprite で描く; 背景に game.draw.gradient を使う(黒一色回避)
305,305-cargo-crane.js,cargo-crane,1,荷下ろしクレーン,左右に揺れるクレーンのフックを、タップで真下のターゲットへ正確に降ろす,タップで荷物を落とす（揺れの角度を読んで）,3個をターゲットに降ろす  失敗: 3回外す or 15秒,152,,,drop_timing,high,override,15,3,1,1800,3,se_failure se_success se_tap,bgm_main,false,false,false,,false,false,false,false,false,false,TAP TO DROP THE CARGO ONTO THE TARGET,22,37,true,false,,,true,true,true,true,true,69,20/10/15/4/15/5,0,game.feedback.good/bad で行動の正否を提示する; キャラ/モチーフを game.draw.sprite で描く; 背景に game.draw.gradient を使う(黒一色回避)
306,306-ghost-type.js,ghost-type,1,ゴーストタイプ,浮遊する幽霊の弱点属性をスワイプで選び、正しい属性でタップして祓う,スワイプで属性選択（上=火 下=水 左=草 右=雷）→ 幽霊をタップ,3体祓う  失敗: 3回属性ミス or 15秒,161,,,judge,high,override,15,3,1,1800,3,se_failure se_success se_tap,bgm_main,false,false,false,,false,false,false,false,false,false,SWIPE TO PICK ELEMENT · TAP THE GHOST,29,37,true,false,,,true,true,true,true,true,69,20/10/15/4/15/5,0,game.feedback.good/bad で行動の正否を提示する; キャラ/モチーフを game.draw.sprite で描く; 背景に game.draw.gradient を使う(黒一色回避)
307,307-laser-maze.js,laser-maze,3,レーザー迷路,盤上のミラーをタップで回転させ、光源からゴールへレーザーを導くパズル,ミラーをタップして向き(/⟷\)を切り替える,3つのパズルを解く  失敗: 15秒,174,,,connect,high,override,15,3,2,1800,3,se_failure se_success se_tap,bgm_main,false,false,false,,false,false,false,false,false,false,TAP MIRRORS TO ROTATE · GUIDE LASER TO GOAL,11,43,true,false,,,true,true,true,true,true,64,20/10/15/4/10/5,0,game.feedback.good/bad で行動の正否を提示する; キャラ/モチーフを game.draw.sprite で描く; 背景に game.draw.gradient を使う(黒一色回避)
308,308-flower-bloom.js,flower-bloom,1,花ひらく,つぼみの成長リングが最高潮のときに水をやり、一気に咲かせる園芸タイミングゲーム,つぼみ付近をタップで水やり（リング最大で当てると開花）,3本咲かせる  失敗: 3本枯らす or 15秒,159,,,timing_one_shot,high,override,15,3,2,1800,3,se_failure se_success se_tap,bgm_main,false,false,false,,false,false,false,false,false,false,TAP WHEN THE RING IS FULL TO BLOOM,20,34,true,false,,,true,true,true,true,true,69,20/10/15/4/15/5,0,game.feedback.good/bad で行動の正否を提示する; キャラ/モチーフを game.draw.sprite で描く; 背景に game.draw.gradient を使う(黒一色回避)
309,309-space-dock.js,space-dock,2,宇宙ドッキング,慣性で漂う宇宙船をスワイプで推進し、ポートへ低速で静かに着岸させる,4方向スワイプで推進（慣性あり・速すぎると衝突）,3回ドッキング  失敗: 3回衝突 or 15秒,164,,,guide_path,high,override,15,3,1,1800,3,se_failure se_success se_tap,bgm_main,false,false,false,,false,false,false,false,false,false,SWIPE TO THRUST · DOCK SLOWLY · WATCH SPEED,15,43,true,false,,,true,true,true,true,true,69,20/10/15/4/15/5,0,game.feedback.good/bad で行動の正否を提示する; キャラ/モチーフを game.draw.sprite で描く; 背景に game.draw.gradient を使う(黒一色回避)
310,310-type-race.js,type-race,2,文字レース,宙に漂う単語の文字を、左から正しい順にタップして単語を完成させるタイピング,光っている次の文字をタップ（順番を間違えるとミス）,3ワード完成  失敗: 3回順番ミス or 15秒,151,,,judge,high,override,15,3,1,1800,3,se_failure se_success se_tap,bgm_main,false,false,false,,false,false,false,false,false,false,TAP LETTERS LEFT TO RIGHT IN ORDER,26,34,true,false,,,true,true,true,true,true,69,20/10/15/4/15/5,0,game.feedback.good/bad で行動の正否を提示する; キャラ/モチーフを game.draw.sprite で描く; 背景に game.draw.gradient を使う(黒一色回避)
311,311-escape-room.js,escape-room,3,脱出パズル,暗号のヒントを解き、数字キーパッドで正しい答えを入力して部屋を脱出する,数字ボタンをタップして答えを入力（桁数分入れると自動判定）,3つの謎を解く  失敗: 3回間違える or 15秒,161,,,judge,high,override,15,3,1,1800,3,se_failure se_success se_tap,bgm_main,false,false,false,,false,false,false,false,false,false,READ THE CLUE · ENTER THE CODE ON THE KEYPAD,17,44,true,false,,,true,true,true,true,true,69,20/10/15/4/15/5,0,game.feedback.good/bad で行動の正否を提示する; キャラ/モチーフを game.draw.sprite で描く; 背景に game.draw.gradient を使う(黒一色回避)
312,312-tornado-dodge.js,tornado-dodge,1,竜巻ドッジ,予測不能に蛇行して迫る竜巻を左右スワイプでレーン移動して避け続けるサバイバル,左右スワイプでレーン移動して竜巻を避ける,10秒生き残る  失敗: 竜巻に3回触れる,147,,,dodge,high,override,,10,1,1800,3,se_failure se_success se_tap,bgm_main,false,false,false,,false,false,false,false,false,false,SWIPE LEFT / RIGHT TO DODGE THE TWISTERS,13,40,true,false,,,true,true,true,true,true,69,20/10/15/4/15/5,0,game.feedback.good/bad で行動の正否を提示する; キャラ/モチーフを game.draw.sprite で描く; 背景に game.draw.gradient を使う(黒一色回避)
313,313-note-catch.js,note-catch,1,音符キャッチ,4レーンを流れ落ちる音符を、判定ラインに来た瞬間にレーンをタップして奏でる,音符が判定ラインに来たら、そのレーンをタップ,5音符キャッチ  失敗: 3音符ミス or 15秒,148,,,rhythm,high,override,15,5,2,1800,3,se_failure se_success se_tap,bgm_main,false,false,false,,false,false,false,false,false,false,TAP THE LANE WHEN A NOTE REACHES THE LINE,15,41,true,false,,,true,true,true,true,true,69,20/10/15/4/15/5,0,game.feedback.good/bad で行動の正否を提示する; キャラ/モチーフを game.draw.sprite で描く; 背景に game.draw.gradient を使う(黒一色回避)
314,314-weight-lift.js,weight-lift,1,ウェイトリフティング,力ゲージが成功ゾーン(MAX付近)に来た瞬間に上スワイプでバーベルを挙げる,ゲージが成功ゾーンのとき上スワイプ！,3回挙げる  失敗: 3回失敗 or 15秒,154,,,timing_one_shot,high,override,15,3,1,1800,3,se_failure se_success se_tap,bgm_main,false,false,false,,false,false,false,false,false,false,SWIPE UP WHEN THE GAUGE HITS THE GREEN ZONE,23,43,true,false,,,true,true,true,true,true,69,20/10/15/4/15/5,0,game.feedback.good/bad で行動の正否を提示する; キャラ/モチーフを game.draw.sprite で描く; 背景に game.draw.gradient を使う(黒一色回避)
315,315-color-wave.js,color-wave,4,カラーウェーブ,サイクルする色が上部の目標色と一致した瞬間にタップして捉える反射ゲーム,中央の色が目標色と同じになった瞬間にタップ,3回一致キャッチ  失敗: 3回ミス or 15秒,139,,,dodge,high,override,15,3,2,1800,3,se_failure se_success se_tap,bgm_main,false,false,false,,false,false,false,false,false,false,TAP WHEN THE CENTER MATCHES THE TARGET COLOR,14,44,true,false,,,true,true,true,true,true,69,20/10/15/4/15/5,0,game.feedback.good/bad で行動の正否を提示する; キャラ/モチーフを game.draw.sprite で描く; 背景に game.draw.gradient を使う(黒一色回避)
316,316-lava-jump.js,lava-jump,3,溶岩ジャンプ,崩れる足場を飛び移り、下から迫る溶岩に飲まれる前に目標の高さへ登る,タップでジャンプ（足場に乗ると崩れ始める）,500mまで登る  失敗: 溶岩に飲まれる,152,,,camera_climb,high,override,,,1,1800,3,se_failure se_success se_tap,bgm_main,false,false,false,,false,false,false,false,false,false,TAP TO JUMP · CLIMB BEFORE THE LAVA CATCHES YOU,11,47,true,false,,,true,true,false,true,true,69,20/10/15/4/15/5,0,game.feedback.good/bad で行動の正否を提示する; キャラ/モチーフを game.draw.sprite で描く; 背景に game.draw.gradient を使う(黒一色回避)
317,317-spell-cast.js,spell-cast,1,呪文詠唱,魔法陣に示された方向の並びを、順にスワイプしてなぞり呪文を発動する,示された矢印の順にスワイプ（上下左右）,3回詠唱成功  失敗: 3回間違える or 15秒,163,,,swipe_direction,high,override,15,3,2,1800,3,se_failure se_success se_tap,bgm_main,false,false,false,,false,false,false,false,false,false,SWIPE THE ARROWS IN ORDER TO CAST,28,33,true,false,,,true,true,true,true,true,69,20/10/15/4/15/5,0,game.feedback.good/bad で行動の正否を提示する; キャラ/モチーフを game.draw.sprite で描く; 背景に game.draw.gradient を使う(黒一色回避)
318,318-puppet-pull.js,puppet-pull,1,パペットプル,糸で操る木の人形の腕を左右に振り、落ちてくるコインをキャッチする操り人形劇,左右スワイプで腕を振る、タップで中央に戻す,6コイン集める  失敗: 3コイン逃す or 15秒,155,,,drag_follow,high,override,15,6,2,1800,3,se_failure se_success se_tap,bgm_main,false,false,false,,false,false,false,false,false,false,SWIPE TO SWING ARMS · CATCH THE COINS,12,37,true,false,,,true,true,true,true,true,62,13/10/15/4/15/5,0,game.feedback.good/bad で行動の正否を提示する; 全入力ハンドラで即時フィードバック(feedback/fx/audio)を返す; キャラ/モチーフを game.draw.sprite で描く
319,319-shadow-match.js,shadow-match,5,シャドウマッチ,上に映る黒いシルエットと同じ形を、下の選択肢から選んで当てる形あわせクイズ,左右スワイプで選択肢を移動、タップで決定,3問正解  失敗: 3問不正解 or 15秒,159,,,judge,high,override,15,3,2,1800,3,se_failure se_success se_tap,bgm_main,false,false,false,,false,false,false,false,false,false,SWIPE TO MOVE · TAP TO PICK THE MATCHING SHAPE,19,46,true,false,,,true,true,true,true,true,64,20/10/15/4/10/5,0,game.feedback.good/bad で行動の正否を提示する; キャラ/モチーフを game.draw.sprite で描く; 背景に game.draw.gradient を使う(黒一色回避)
320,320-bouncing-words.js,bouncing-words,1,バウンシングワーズ,跳ね回る文字の中から、単語のつづり順に正しい文字をタップして完成させる,次に必要な文字をタップ（順番どおりに集める）,3単語完成  失敗: 3回間違える or 15秒,147,,,spot,high,override,15,3,2,1800,3,se_failure se_success se_tap,bgm_main,false,false,false,,false,false,false,false,false,false,TAP LETTERS IN SPELLING ORDER TO BUILD THE WORD,22,47,true,false,,,true,true,true,true,true,69,20/10/15/4/15/5,0,game.feedback.good/bad で行動の正否を提示する; キャラ/モチーフを game.draw.sprite で描く; 背景に game.draw.gradient を使う(黒一色回避)
321,321-magnet-pull.js,magnet-pull,4,マグネットプル,画面をタップして磁力を発生させ、飛び交う金属ボールを中央のゴールへ引き寄せる,タップした位置に磁力が働きボールを引き寄せる,3個ゴール  失敗: 3個落とす or 15秒,141,,,guide_path,high,override,15,3,2,1800,3,se_failure se_success se_tap,bgm_main,false,false,false,,false,false,false,false,false,false,TAP TO PULL THE METAL BALLS INTO THE GOAL,11,41,true,false,,,true,true,true,true,true,69,20/10/15/4/15/5,0,game.feedback.good/bad で行動の正否を提示する; キャラ/モチーフを game.draw.sprite で描く; 背景に game.draw.gradient を使う(黒一色回避)
322,322-rope-swing.js,rope-swing,1,ロープスイング,振り子のロープでアンカーを掴んで振り、足場を伝って上のゴールへ到達する,地上でタップして近いアンカーを掴む、スイング中タップで手を離して飛ぶ,頂上のゴールに到達  失敗: 3回落下 or 15秒,161,,,camera_climb,high,override,15,,0,1800,3,se_failure se_success se_tap,bgm_main,false,false,false,,false,false,false,false,false,false,TAP TO GRAB A ROPE · TAP AGAIN TO LET GO · REACH THE TOP,14,56,true,false,,,true,true,true,true,true,64,20/10/15/4/10/5,0,game.feedback.good/bad で行動の正否を提示する; キャラ/モチーフを game.draw.sprite で描く; 背景に game.draw.gradient を使う(黒一色回避)
323,323-tile-flip.js,tile-flip,8,タイルフリップ,裏返しのタイルを2枚めくり、同じ色マークのペアを記憶で揃える神経衰弱,タップでタイルをめくる（2枚ずつ）,全4ペアを揃える  失敗: 4回ミス or 15秒,151,,,judge,high,override,15,,1,1800,3,se_failure se_success se_tap,bgm_main,false,false,false,,false,false,false,false,false,false,FLIP TWO TILES · MATCH THE COLOR PAIRS,10,38,true,false,,,true,true,true,true,true,69,20/10/15/4/15/5,0,game.feedback.good/bad で行動の正否を提示する; キャラ/モチーフを game.draw.sprite で描く; 背景に game.draw.gradient を使う(黒一色回避)
324,324-speed-sort.js,speed-sort,3,スピードソート,落ちてくる荷を色で見分け、青は左・赤は右へスワイプで素早く仕分ける,左スワイプ=左(青)ボックス、右スワイプ=右(赤)ボックス,6個 正しく仕分ける  失敗: 3個 誤分類 or 15秒,136,,,size_judge,high,override,15,6,2,1800,3,se_failure se_success se_tap,bgm_main,false,false,false,,false,false,false,false,false,false,SWIPE BLUE LEFT · RED RIGHT · BEFORE IT LANDS,16,45,true,false,,,true,true,true,true,true,69,20/10/15/4/15/5,0,game.feedback.good/bad で行動の正否を提示する; キャラ/モチーフを game.draw.sprite で描く; 背景に game.draw.gradient を使う(黒一色回避)
325,325-electric-chain.js,electric-chain,1,エレクトリックチェーン,光る次のノードを順にタップし、電源Sからゴールへ電流を通す配線パズル,光っている次のノードをタップして電流を伸ばす,3回路つなぐ  失敗: 3回間違える or 15秒,163,,,connect,high,override,15,3,2,1800,3,se_failure se_success se_tap,bgm_main,false,false,false,,false,false,false,false,false,false,TAP THE GLOWING NODES FROM S TO G IN ORDER,10,42,true,false,,,true,true,true,true,true,69,20/10/15/4/15/5,0,game.feedback.good/bad で行動の正否を提示する; キャラ/モチーフを game.draw.sprite で描く; 背景に game.draw.gradient を使う(黒一色回避)
326,326-orbit-catch.js,orbit-catch,7,オービットキャッチ,軌道を周回する船をタップで内外に乗り換え、同じ軌道のデブリを回収する,タップで軌道を切り替える（内→中→外→内）,3個キャッチ  失敗: 3個逃す or 15秒,137,,,timing_one_shot,high,override,15,3,2,1800,3,se_failure se_success se_tap,bgm_main,false,false,false,,false,false,false,false,false,false,TAP TO SWITCH ORBIT · COLLECT THE DEBRIS,10,40,true,false,,,true,true,true,true,true,69,20/10/15/4/15/5,0,game.feedback.good/bad で行動の正否を提示する; キャラ/モチーフを game.draw.sprite で描く; 背景に game.draw.gradient を使う(黒一色回避)
327,327-frost-draw.js,frost-draw,1,フロストドロー,凍った窓をスワイプでこすって霜を溶かし、隠れた図形のシルエットを浮かび上がらせる,スワイプ/タップで霜を溶かす,3つの図形を見つける  失敗: 15秒,158,,,rub,high,override,15,3,1,1800,3,se_failure se_success se_tap,bgm_main,false,false,false,,false,false,false,false,false,false,SWIPE TO MELT THE FROST · REVEAL THE SHAPES,19,43,true,false,,,true,true,true,true,true,69,20/10/15/4/15/5,0,game.feedback.good/bad で行動の正否を提示する; キャラ/モチーフを game.draw.sprite で描く; 背景に game.draw.gradient を使う(黒一色回避)
328,328-traffic-flow.js,traffic-flow,1,トラフィックフロー,交差点の信号をタップで切り替え、車をぶつけずに通過させる交通整理,交差点をタップして縦横の信号を切り替える,6台通過させる  失敗: 3台衝突 or 15秒,164,,,judge,high,override,15,6,2,1800,3,se_failure se_success se_tap,bgm_main,false,false,false,,false,false,false,false,false,false,TAP JUNCTIONS TO SWITCH LIGHTS · AVOID CRASHES,10,46,true,false,,,true,true,true,true,true,69,20/10/15/4/15/5,0,game.feedback.good/bad で行動の正否を提示する; キャラ/モチーフを game.draw.sprite で描く; 背景に game.draw.gradient を使う(黒一色回避)
329,329-pinball-flip.js,pinball-flip,2,ピンボールフリップ,左右フリッパーでボールを弾き、バンパーに当てて目標スコアを稼ぐ,画面左タップ=左フリッパー、右タップ=右フリッパー,600点に到達  失敗: ボールを3回落とす,149,,,timing_one_shot,high,override,,,1,1800,3,se_failure se_success se_tap,bgm_main,false,false,false,,false,false,false,false,false,false,TAP LEFT / RIGHT FOR THE FLIPPERS · HIT 600,10,43,true,false,,,true,true,false,true,true,69,20/10/15/4/15/5,0,game.feedback.good/bad で行動の正否を提示する; キャラ/モチーフを game.draw.sprite で描く; 背景に game.draw.gradient を使う(黒一色回避)
330,330-wave-surf.js,wave-surf,2,ウェーブサーフ,押し寄せる波をタップジャンプで飛び越え、次々に波をクリアするサーフィン,タップで波を飛び越える（タイミングが命）,5波クリア  失敗: 3回ワイプアウト or 15秒,143,,,balance,high,override,15,5,2,1800,3,se_failure se_success se_tap,bgm_main,false,false,false,,false,false,false,false,false,false,TAP TO JUMP OVER THE WAVES · TIMING IS KEY,12,42,true,false,,,true,true,true,true,true,69,20/10/15/4/15/5,0,game.feedback.good/bad で行動の正否を提示する; キャラ/モチーフを game.draw.sprite で描く; 背景に game.draw.gradient を使う(黒一色回避)
331,331-crystal-grow.js,crystal-grow,2,クリスタルグロウ,タップで結晶に栄養を注ぎ、緑のターゲット帯で手を止めて完璧に育てる,タップで育てる、ターゲット帯で止めれば成功（過剰で崩壊）,3個 完璧に育てる  失敗: 3個 崩壊 or 15秒,137,,,count_exact,high,override,15,3,1,1800,3,se_failure se_success se_tap,bgm_main,false,false,false,,false,false,false,false,false,false,TAP TO GROW · STOP IN THE GREEN ZONE,20,36,true,false,,,true,true,true,true,true,69,20/10/15/4/15/5,0,game.feedback.good/bad で行動の正否を提示する; キャラ/モチーフを game.draw.sprite で描く; 背景に game.draw.gradient を使う(黒一色回避)
332,332-chain-blast.js,chain-blast,1,チェーンブラスト,爆弾を1つ起爆し、爆風の連鎖で盤上すべての爆弾を消し去る一撃パズル,タップで最初の爆弾を起爆（爆風が近くの爆弾に連鎖する）,3ラウンド全消し  失敗: 3回連鎖失敗 or 15秒,156,,,timing_one_shot,high,override,15,3,1,1800,3,se_failure se_success se_tap,bgm_main,false,false,false,,false,false,false,false,false,false,TAP ONE BOMB · CHAIN THE BLAST TO CLEAR ALL,22,43,true,false,,,true,true,true,true,true,69,20/10/15/9/10/5,0,game.feedback.good/bad で行動の正否を提示する; キャラ/モチーフを game.draw.sprite で描く; 背景に game.draw.gradient を使う(黒一色回避)
333,333-sushi-roll.js,sushi-roll,1,寿司ロール,3本のベルトを流れる寿司を、皿を正しいレーンに動かしてキャッチする回転寿司,上下スワイプ（またはレーンをタップ）で皿を移動して寿司を受ける,6貫キャッチ  失敗: 3貫逃す or 15秒,142,,,drag_follow,high,override,15,6,2,1800,3,se_failure se_success se_tap,bgm_main,false,false,false,,false,false,false,false,false,false,SWIPE UP/DOWN TO MOVE THE PLATE · CATCH THE SUSHI,12,49,true,false,,,true,true,true,true,true,69,20/10/15/4/15/5,0,game.feedback.good/bad で行動の正否を提示する; キャラ/モチーフを game.draw.sprite で描く; 背景に game.draw.gradient を使う(黒一色回避)
334,334-mirror-dodge.js,mirror-dodge,2,ミラードッジ,左半分の自機をスワイプで動かし、跳ね回るボールを避けて生き残る（右は鏡像世界）,4方向スワイプで自機を移動してボールを避ける,10秒生き残る  失敗: 3回当たる,144,,,dodge,high,override,,10,1,1800,3,se_failure se_success se_tap,bgm_main,false,false,false,,false,false,false,false,false,false,SWIPE TO MOVE · DODGE THE BALLS · SURVIVE,15,41,true,false,,,true,true,true,true,true,69,20/10/15/4/15/5,0,game.feedback.good/bad で行動の正否を提示する; キャラ/モチーフを game.draw.sprite で描く; 背景に game.draw.gradient を使う(黒一色回避)
335,335-tower-stack.js,tower-stack,5,タワースタック,左右に流れるブロックをタップで落とし、重なった幅だけ積み上げる高層建築,タップで動くブロックを落とす（前の段と重なった部分だけ残る）,3段積む  失敗: 幅が細くなりすぎる or 15秒,137,,,stack,high,override,15,3,1,1800,3,se_failure se_success se_tap,bgm_main,false,false,false,,false,false,false,false,false,false,TAP TO DROP THE MOVING BLOCK ON THE STACK,11,41,true,false,,,true,true,true,true,true,69,20/10/15/4/15/5,0,game.feedback.good/bad で行動の正否を提示する; キャラ/モチーフを game.draw.sprite で描く; 背景に game.draw.gradient を使う(黒一色回避)
336,336-gravity-flip.js,gravity-flip,12,グラビティフリップ,タップで重力を上下反転し、天井と床のトゲを避けてゴール距離まで走り抜ける,タップで重力反転（床↔天井を行き来）,600mまで到達  失敗: トゲに3回当たる or 15秒,147,,,camera_run,high,override,15,,1,1800,3,se_failure se_success se_tap,bgm_main,false,false,false,,false,false,false,false,false,false,TAP TO FLIP GRAVITY · DODGE THE SPIKES,19,38,true,false,,,true,true,false,true,true,69,20/10/15/4/15/5,0,game.feedback.good/bad で行動の正否を提示する; キャラ/モチーフを game.draw.sprite で描く; 背景に game.draw.gradient を使う(黒一色回避)
337,337-firefly-catch.js,firefly-catch,4,ホタルキャッチ,夜の森でふわりと明滅するホタルを、光っている瞬間にタップして捕まえる,明るく光っているホタルをタップして捕まえる,5匹つかまえる  失敗: 15秒,141,,,chase,high,override,15,5,1,1800,3,se_failure se_success se_tap,bgm_main,false,false,false,,false,false,false,false,false,false,TAP THE FIREFLIES WHILE THEY GLOW BRIGHT,12,40,true,false,,,true,true,true,true,true,69,20/10/15/4/15/5,0,game.feedback.good/bad で行動の正否を提示する; キャラ/モチーフを game.draw.sprite で描く; 背景に game.draw.gradient を使う(黒一色回避)
338,338-drum-machine.js,drum-machine,2,ドラムマシン,中央から4つのパッドへ流れるノートが到達した瞬間に、その方向をタップして叩く,ノートがパッドに来たら上下左右の該当ゾーンをタップ,8ヒット  失敗: 3ミス or 15秒,141,,,rhythm,high,override,15,8,2,1800,3,se_failure se_success se_tap,bgm_main,false,false,false,,false,false,false,false,false,false,TAP THE ZONE WHEN A NOTE HITS ITS PAD,30,37,true,false,,,true,true,true,true,true,69,20/10/15/4/15/5,0,game.feedback.good/bad で行動の正否を提示する; キャラ/モチーフを game.draw.sprite で描く; 背景に game.draw.gradient を使う(黒一色回避)
339,339-volcano-run.js,volcano-run,1,ボルケーノラン,噴火する火山から走って逃げ、降ってくる岩をタップジャンプで避けて目標距離へ,タップでジャンプ（岩を飛び越える）,600m逃げ切る  失敗: 岩に3回当たる or 15秒,148,,,camera_run,high,override,15,,1,1800,3,se_failure se_success se_tap,bgm_main,false,false,false,,false,false,false,false,false,false,TAP TO JUMP OVER FALLING ROCKS · ESCAPE,11,39,true,false,,,true,true,false,true,true,69,20/10/15/4/15/5,0,game.feedback.good/bad で行動の正否を提示する; キャラ/モチーフを game.draw.sprite で描く; 背景に game.draw.gradient を使う(黒一色回避)
340,340-signal-boost.js,signal-boost,3,シグナルブースト,減衰しながら流れる信号を、通過するブースターをタップで増幅しアンテナへ届ける,信号が近づいたブースターをタップして強度を上げる（強度0で途切れる）,3回信号を届ける  失敗: 3回途切れる or 15秒,142,,,balance,high,override,15,3,2,1800,3,se_failure se_success se_tap,bgm_main,false,false,false,,false,false,false,false,false,false,TAP BOOSTERS AS THE SIGNAL PASSES · REACH THE ANTENNA,15,53,true,false,,,true,true,true,true,true,64,20/10/15/4/10/5,0,game.feedback.good/bad で行動の正否を提示する; キャラ/モチーフを game.draw.sprite で描く; 背景に game.draw.gradient を使う(黒一色回避)
341,341-ramen-cook.js,ramen-cook,1,ラーメンクック,麺を投入し、ゲージが緑のジャストゾーンに来た瞬間に引き上げる茹で時間タイミング,タップで麺を投入、ジャストゾーンでもう一度タップして引き上げ,3杯 完璧に茹でる  失敗: 3杯 失敗 or 15秒,151,,,timing_one_shot,high,override,15,3,1,1800,3,se_failure se_success se_tap,bgm_main,false,false,false,,false,false,false,false,false,false,DROP NOODLES · LIFT THEM IN THE GREEN ZONE,28,42,true,false,,,true,true,true,true,true,69,20/10/15/9/10/5,0,game.feedback.good/bad で行動の正否を提示する; キャラ/モチーフを game.draw.sprite で描く; 背景に game.draw.gradient を使う(黒一色回避)
342,342-pixel-paint.js,pixel-paint,7,ピクセルペイント,お手本の色ヒントに合わせて、6x6グリッドの各マスを正しい色で塗りドット絵を完成,下の色を選び、グリッドのマスをタップして塗る（同マス再タップで消す）,2枚 完成させる  失敗: 15秒,149,,,trace,high,override,15,2,1,1800,3,se_failure se_success se_tap,bgm_main,false,false,false,,false,false,false,false,false,false,PICK A COLOR · PAINT CELLS TO MATCH THE HINT,10,44,true,false,,,true,true,true,true,true,69,20/10/15/4/15/5,0,game.feedback.good/bad で行動の正否を提示する; キャラ/モチーフを game.draw.sprite で描く; 背景に game.draw.gradient を使う(黒一色回避)
343,343-bubble-pop.js,bubble-pop,8,バブルポップ,隣り合う同色バブルを3つ以上つなぎ、もう一度タップでまとめて消す連結パズル,同色バブルを順にタップでつなぎ、末尾を再タップで消す,10個 消す  失敗: バブルが上端に達する or 15秒,154,,,aim_shoot,high,override,15,10,1,1800,3,se_failure se_success se_tap,bgm_main,false,false,false,,false,false,false,false,false,false,LINK 3+ SAME-COLOR BUBBLES · TAP AGAIN TO POP,12,45,true,false,,,true,true,true,true,true,69,20/10/15/4/15/5,0,game.feedback.good/bad で行動の正否を提示する; キャラ/モチーフを game.draw.sprite で描く; 背景に game.draw.gradient を使う(黒一色回避)
344,344-ice-skate.js,ice-skate,2,アイススケート,惰性で滑り続けるスケーターをタップで方向転換し、壁の隙間を抜けフラグを通過,タップで左右の進行方向を切り替える（壁の穴を狙う）,3本のフラグを通過  失敗: 壁に3回ぶつかる or 15秒,136,,,guide_path,high,override,15,3,1,1800,3,se_failure se_success se_tap,bgm_main,false,false,false,,false,false,false,false,false,false,TAP TO CHANGE DIRECTION · PASS THROUGH THE GAPS,10,47,true,false,,,true,true,true,true,true,69,20/10/15/4/15/5,0,game.feedback.good/bad で行動の正否を提示する; キャラ/モチーフを game.draw.sprite で描く; 背景に game.draw.gradient を使う(黒一色回避)
345,345-stamp-rush.js,stamp-rush,1,スタンプラッシュ,落ちてくるスタンプに手を潰される前に、タップで手を引っ込める瞬発反応,タップで手を出す、スタンプが落ちる前にもう一度タップで引っ込める,5回 手を守る  失敗: 3回 潰される or 15秒,139,,,reaction_duel,high,override,15,5,2,1800,3,se_failure se_success se_tap,bgm_main,false,false,false,,false,false,false,false,false,false,TAP OUT YOUR HAND · PULL BACK BEFORE THE STAMP DROPS,21,52,true,false,,,true,true,true,true,true,69,20/10/15/4/15/5,0,game.feedback.good/bad で行動の正否を提示する; キャラ/モチーフを game.draw.sprite で描く; 背景に game.draw.gradient を使う(黒一色回避)
346,346-laser-reflect.js,laser-reflect,1,レーザーリフレクト,盤上の斜め鏡をタップで回転させ、左からのレーザーをターゲットに当てる光学パズル,鏡をタップして向き(/⟷\)を切り替え、レーザーの反射でターゲットを撃つ,3個のターゲットを撃破  失敗: 15秒,164,,,connect,high,override,15,3,2,1800,3,se_failure se_success se_tap,bgm_main,false,false,false,,false,false,false,false,false,false,TAP MIRRORS TO ROTATE · REFLECT THE LASER INTO TARGETS,15,54,true,false,,,true,true,true,true,true,64,20/10/15/4/10/5,0,game.feedback.good/bad で行動の正否を提示する; キャラ/モチーフを game.draw.sprite で描く; 背景に game.draw.gradient を使う(黒一色回避)
347,347-balance-beam.js,balance-beam,4,バランスビーム,左右タップで細い棒を傾け、転がる玉を落とさず一定時間バランスを保つ,画面左タップで左に、右タップで右に棒を傾ける,8秒間 玉を落とさない  失敗: 玉を3回落とす,133,,,balance,high,override,,8,1,1800,3,se_failure se_success se_tap,bgm_main,false,false,false,,false,false,false,false,false,false,TAP LEFT / RIGHT TO TILT · KEEP THE BALL ON,13,43,true,false,,,true,true,true,true,true,69,20/10/15/4/15/5,0,game.feedback.good/bad で行動の正否を提示する; キャラ/モチーフを game.draw.sprite で描く; 背景に game.draw.gradient を使う(黒一色回避)
348,348-color-flood.js,color-flood,6,カラーフラッド,左上の角から色を選んで塗り広げ、限られた手数で盤面を一色に染め上げる,下の色パレットをタップして角から洪水を広げる,8手以内に全マス同色  失敗: 8手使い切る or 15秒,132,,,judge,high,override,15,,1,1800,3,se_failure se_success se_tap,bgm_main,false,false,false,,false,false,false,false,false,false,PICK COLORS TO FLOOD THE BOARD TO ONE COLOR,11,43,true,false,,,true,true,true,true,true,69,20/10/15/4/15/5,0,game.feedback.good/bad で行動の正否を提示する; キャラ/モチーフを game.draw.sprite で描く; 背景に game.draw.gradient を使う(黒一色回避)
349,349-shadow-puppets.js,shadow-puppets,1,シャドーパペット,光源をタップで動かして角度を合わせ、壁に映る影をお手本の形にそろえる,画面のタップした側へ光源を移動（上下左右）して一致度を上げる,3つの形を合わせる  失敗: 15秒,154,,,gap_fit,high,override,15,3,1,1800,3,se_failure se_success se_tap,bgm_main,false,false,false,,false,false,false,false,false,false,TAP TO MOVE THE LIGHT · MATCH THE TARGET SHAPE,16,46,true,false,,,true,true,true,true,true,69,20/10/15/4/15/5,0,game.feedback.good/bad で行動の正否を提示する; キャラ/モチーフを game.draw.sprite で描く; 背景に game.draw.gradient を使う(黒一色回避)
350,350-coin-flip.js,coin-flip,4,コインフリップ,弾く前に表(H)か裏(T)かを左右タップで予言し、当て続けてスコアを稼ぐ,画面左タップ=表(HEADS)、右タップ=裏(TAILS),3回的中  失敗: 3回連続ハズレ or 15秒,137,,,judge,high,override,15,3,2,1800,3,se_failure se_success se_tap,bgm_main,false,false,false,,false,false,false,false,false,false,TAP LEFT = HEADS · RIGHT = TAILS · CALL IT,27,42,true,false,,,true,true,true,true,true,69,20/10/15/4/15/5,0,game.feedback.good/bad で行動の正否を提示する; キャラ/モチーフを game.draw.sprite で描く; 背景に game.draw.gradient を使う(黒一色回避)
351,351-wire-tap.js,wire-tap,1,ワイヤータップ,表示された番号順を覚え、その順にスイッチをタップで切って回路を無力化する,番号どおりの順でスイッチをタップ（順番を間違えると爆発）,3回 回路を切断  失敗: 3回 間違える or 15秒,149,,,memory_sequence,high,override,15,3,1,1800,3,se_failure se_success se_tap,bgm_main,false,false,false,,false,false,false,false,false,false,MEMORIZE THE ORDER · TAP SWITCHES OFF IN SEQUENCE,26,49,true,false,,,true,true,true,true,true,59,20/10/15/4/5/5,0,game.feedback.good/bad で行動の正否を提示する; キャラ/モチーフを game.draw.sprite で描く; 背景に game.draw.gradient を使う(黒一色回避)
352,352-sandfall.js,sandfall,1,サンドフォール,上から降り注ぐ砂粒を、左右に動かす受け皿でキャッチして目標量を集める,左右スワイプ（またはタップした側）へ受け皿を動かす,砂を40粒 集める  失敗: 15秒,133,,,drag_follow,high,override,15,40,1,1800,3,se_failure se_success se_tap,bgm_main,false,false,false,,false,false,false,false,false,false,MOVE THE CUP TO CATCH THE FALLING SAND,12,38,true,false,,,true,true,true,true,true,62,13/10/15/4/15/5,0,game.feedback.good/bad で行動の正否を提示する; 全入力ハンドラで即時フィードバック(feedback/fx/audio)を返す; キャラ/モチーフを game.draw.sprite で描く
353,353-ghost-chase.js,ghost-chase,1,ゴーストチェイス,暗闇を横切るゴーストを、タップで動かす懐中電灯の光で照らし退治する,タップで光を向けてゴーストを照らす（照らし切ると退治）,5体退治  失敗: 3体に通り抜けられる or 15秒,138,,,chase,high,override,15,5,2,1800,3,se_failure se_success se_tap,bgm_main,false,false,false,,false,false,false,false,false,false,TAP TO AIM THE LIGHT · BURN THE GHOSTS AWAY,11,43,true,false,,,true,true,true,true,true,69,20/10/15/4/15/5,0,game.feedback.good/bad で行動の正否を提示する; キャラ/モチーフを game.draw.sprite で描く; 背景に game.draw.gradient を使う(黒一色回避)
354,354-spring-jump.js,spring-jump,2,スプリングジャンプ,バネをタップでチャージして玉を高く打ち上げ、宙に浮かぶ星を集める,玉がバネにいるときタップでチャージ（満タンで自動発射）,星を5個集める  失敗: バネから3回落ちる or 15秒,143,,,mash,high,override,15,5,1,1800,3,se_failure se_success se_tap,bgm_main,false,false,false,,false,false,false,false,false,false,TAP TO CHARGE THE SPRING · GRAB THE STARS,11,41,true,false,,,true,true,true,true,true,64,20/10/15/4/10/5,0,game.feedback.good/bad で行動の正否を提示する; キャラ/モチーフを game.draw.sprite で描く; 背景に game.draw.gradient を使う(黒一色回避)
355,355-tempo-tap.js,tempo-tap,4,テンポタップ,一定BPMのビートに合わせ、判定バーの針が中央に来た瞬間にタップし続けるリズム,ビートのタイミング（針が中央）でタップ,6回ジャストで叩く  失敗: 3回大きくズレる or 15秒,143,,,rhythm,high,override,15,6,2,1800,3,se_failure se_success se_tap,bgm_main,false,false,false,,false,false,false,false,false,false,TAP ON THE BEAT · WHEN THE NEEDLE HITS CENTER,15,45,true,false,,,true,true,true,true,true,69,20/10/15/4/15/5,0,game.feedback.good/bad で行動の正否を提示する; キャラ/モチーフを game.draw.sprite で描く; 背景に game.draw.gradient を使う(黒一色回避)
356,356-hot-potato.js,hot-potato,5,ホットポテト,熱々のイモを持ちすぎて爆発する前に、持っている側をタップで相手へ手早く渡す,イモを持っている側をタップして反対へパス（持ちすぎると爆発）,6回パス  失敗: 3回爆発 or 15秒,148,,,swipe_direction,high,override,15,6,1,1800,3,se_failure se_success se_tap,bgm_main,false,false,false,,false,false,false,false,false,false,TAP THE HOLDER SIDE TO PASS · DO NOT HOLD TOO LONG,14,50,true,false,,,true,true,true,true,true,69,20/10/15/4/15/5,0,game.feedback.good/bad で行動の正否を提示する; キャラ/モチーフを game.draw.sprite で描く; 背景に game.draw.gradient を使う(黒一色回避)
357,357-asteroid-split.js,asteroid-split,2,アステロイドスプリット,タップした方向へ弾を撃ち、大きな小惑星を割って全て消し去る宇宙シューティング,タップした方向へ射撃（当てると小惑星が2つに割れる）,小惑星を全て消す  失敗: 宇宙船に3回ぶつかる or 15秒,145,,,aim_shoot,high,override,15,,0,1800,3,se_failure se_success se_tap,bgm_main,false,false,false,,false,false,false,false,false,false,TAP TO SHOOT · SPLIT AND CLEAR EVERY ASTEROID,11,45,true,false,,,true,true,true,true,true,69,20/10/15/4/15/5,0,game.feedback.good/bad で行動の正否を提示する; キャラ/モチーフを game.draw.sprite で描く; 背景に game.draw.gradient を使う(黒一色回避)
358,358-bridge-cross.js,bridge-cross,1,ブリッジクロス,ひび割れた飛び石をタップで一歩ずつ渡り、崩れる前に対岸のゴールへ渡り切る,隣の石をタップして跳ぶ（ひび石は踏むと崩れ落下）,川を3回 渡り切る  失敗: 3回 落ちる or 15秒,152,,,camera_run,high,override,15,3,2,1800,3,se_failure se_success se_tap,bgm_main,false,false,false,,false,false,false,false,false,false,TAP THE NEXT STONE TO HOP · CRACKED ONES CRUMBLE,13,48,true,false,,,true,true,true,true,true,69,20/10/15/4/15/5,0,game.feedback.good/bad で行動の正否を提示する; キャラ/モチーフを game.draw.sprite で描く; 背景に game.draw.gradient を使う(黒一色回避)
359,359-neon-snake.js,neon-snake,4,ネオンスネーク,光るヘビをスワイプで操り、壁と自分の体を避けながら光の果実を食べ続ける,スワイプ（またはタップした方向）で進行方向を変える,5個食べる  失敗: 壁か自分に当たる or 20秒,146,,,guide_path,high,override,20,5,1,1800,3,se_failure se_success se_tap,bgm_main,false,false,false,,false,false,false,false,false,false,SWIPE TO TURN · EAT THE GLOWING FRUIT,18,37,true,false,,,true,true,true,true,true,62,13/10/15/4/15/5,0,game.feedback.good/bad で行動の正否を提示する; 全入力ハンドラで即時フィードバック(feedback/fx/audio)を返す; キャラ/モチーフを game.draw.sprite で描く
360,360-magma-surf.js,magma-surf,1,マグマサーフ,3レーンの溶岩流をサーフし、降ってくる岩をタップ/スワイプでレーン移動して避け生き残る,左右スワイプ（またはレーンをタップ）で移動して岩を避ける,10秒生き残る  失敗: 岩に3回ぶつかる,140,,,dodge,high,override,,10,1,1800,3,se_failure se_success se_tap,bgm_main,false,false,false,,false,false,false,false,false,false,SWIPE OR TAP LANES TO DODGE THE ROCKS,13,37,true,false,,,true,true,true,true,true,64,20/10/10/4/15/5,0,game.feedback.good/bad で行動の正否を提示する; キャラ/モチーフを game.draw.sprite で描く; 背景に game.draw.gradient を使う(黒一色回避)
361,361-lock-pick.js,lock-pick,2,ロックピック,揺れる鍵のテンション針が緑ゾーンに来た瞬間にタップしてピンを固定,針が緑ゾーンに重なった瞬間にタップ,制限時間内に 4 つ開ける  失敗: 時間切れ,219,timing_one_shot,ghost,timing_one_shot,high,override,13,4,0,1600,5,se_coin se_failure se_milestone se_success se_tap,,true,false,true,flash,true,true,true,false,false,false,,52,15,true,false,おばけ屋敷に忍び込む霊媒探偵が、呪われた錠前の針を読んでピンを外す,80s NEON,true,false,false,true,true,95,25/20/15/15/15/5,0,
362,362-tile-race.js,tile-race,1,タイルレース,崩れ落ちる床タイルを一段ずつ上へ跳んで進み、崩れる前にゴール列へ渡り切る,上/斜めの隣タイルをタップ（またはスワイプ）で跳ぶ。踏んだタイルは崩れ始める,3回ゴールに渡る  失敗: 3回落ちる or 15秒,148,,,camera_run,high,override,15,3,2,1800,3,se_failure se_success se_tap,bgm_main,false,false,false,,false,false,false,false,false,false,HOP UP THE TILES TO THE GOAL BEFORE THEY FALL,28,45,true,false,,,true,true,true,true,true,62,13/10/15/4/15/5,0,game.feedback.good/bad で行動の正否を提示する; 全入力ハンドラで即時フィードバック(feedback/fx/audio)を返す; キャラ/モチーフを game.draw.sprite で描く
363,363-fruit-slice.js,fruit-slice,3,フルーツスライス,打ち上がるフルーツをスワイプで斬る。黒い爆弾は斬らず、落とさないように,スワイプで斬る（爆弾を斬るとダメージ、フルーツを落とすとミス）,6個 斬る  失敗: 爆弾3回 or フルーツ3個逃す or 15秒,150,,,slice,high,override,15,6,2,1800,3,se_failure se_success se_tap,bgm_main,false,false,false,,false,false,false,false,false,false,SWIPE TO SLICE FRUIT · AVOID THE BOMBS,11,38,true,false,,,true,true,true,true,true,74,20/10/15/9/15/5,0,game.feedback.good/bad で行動の正否を提示する; キャラ/モチーフを game.draw.sprite で描く; 背景に game.draw.gradient を使う(黒一色回避)
364,364-wind-chime.js,wind-chime,1,ウィンドチャイム,番号で示されたメロディの順に、その風鈴の上をスワイプで鳴らして曲を奏でる,目標メロディの順番どおりに風鈴をスワイプして鳴らす,3つのメロディを完成  失敗: 15秒,155,,,spot,high,override,15,3,1,1800,3,se_failure se_success se_tap,bgm_main,false,false,false,,false,false,false,false,false,false,SWIPE THE CHIMES IN THE MELODY ORDER,13,36,true,false,,,true,true,true,true,true,69,20/10/15/4/15/5,0,game.feedback.good/bad で行動の正否を提示する; キャラ/モチーフを game.draw.sprite で描く; 背景に game.draw.gradient を使う(黒一色回避)
365,365-crowd-surf.js,crowd-surf,2,クラウドサーフ,ビートに合わせてタップし、観客の手拍子に乗って前へ流れていくライブ会場,ビートの瞬間にタップして前進（外すと減速して落ちる）,300m前進  失敗: 3回落ちる or 15秒,142,,,camera_run,high,override,15,,1,1800,3,se_failure se_success se_tap,bgm_main,false,false,false,,false,false,false,false,false,false,TAP ON THE BEAT TO RIDE FORWARD,15,31,true,false,,,true,true,false,true,true,69,20/10/15/4/15/5,0,game.feedback.good/bad で行動の正否を提示する; キャラ/モチーフを game.draw.sprite で描く; 背景に game.draw.gradient を使う(黒一色回避)
366,366-magnetic-fish.js,magnetic-fish,1,マグネットフィッシュ,磁石をタップで降ろし、緑の金属魚を吸い付けて巻き上げる。赤い危険魚は釣るな,タップで磁石を降ろす、もう一度タップで巻き上げる,3匹釣る  失敗: 危険魚を3回釣る or 15秒,155,,,timing_one_shot,high,override,15,3,1,1800,3,se_failure se_success se_tap,bgm_main,false,false,false,,false,false,false,false,false,false,"TAP TO DROP · TAP TO REEL · CATCH GREEN, AVOID RED",15,50,true,false,,,true,true,true,true,true,69,20/10/15/4/15/5,0,game.feedback.good/bad で行動の正否を提示する; キャラ/モチーフを game.draw.sprite で描く; 背景に game.draw.gradient を使う(黒一色回避)
367,367-sugar-rush.js,sugar-rush,1,シュガーラッシュ,隣り合うキャンディをタップ/スワイプで入れ替え、同色3つ以上を並べて消すマッチ3,キャンディをタップで選び、隣をタップ（またはスワイプ）で入れ替える,3回そろえる  失敗: 15秒,165,,,pair_match,high,override,15,3,1,1800,3,se_failure se_success se_tap,bgm_main,false,false,false,,false,false,false,false,false,false,SWAP ADJACENT CANDIES · LINE UP 3+ OF A COLOR,14,45,true,false,,,true,true,true,true,true,62,13/10/15/4/15/5,0,game.feedback.good/bad で行動の正否を提示する; 全入力ハンドラで即時フィードバック(feedback/fx/audio)を返す; キャラ/モチーフを game.draw.sprite で描く
368,368-sand-timer.js,sand-timer,6,サンドタイマー,砂時計を傾け、表示された目標秒ぴったりで砂を落としきる体内時計ゲーム,タップで砂時計を逆さにして計測開始、落ちきったタイミングを狙う,3ラウンドこなす  失敗: 18秒,155,,,timing_one_shot,high,override,18,3,1,1800,3,se_failure se_success se_tap,bgm_main,false,false,false,,false,false,false,false,false,false,TAP TO FLIP · STOP THE SAND AT THE TARGET TIME,15,46,true,false,,,true,true,true,true,true,64,20/10/15/4/10/5,0,game.feedback.good/bad で行動の正否を提示する; キャラ/モチーフを game.draw.sprite で描く; 背景に game.draw.gradient を使う(黒一色回避)
369,369-escape-room.js,escape-room,3,エスケープルーム,マスターマインド式ヒントを頼りに3桁の暗証番号を当てて扉を開ける,数字パッドをタップして3桁入力、DELで訂正。黒=位置一致 白=数字のみ一致,2部屋 脱出  失敗: 4回 間違える or 30秒,190,,,judge,high,override,30,,3,1800,3,se_failure se_success se_tap,bgm_main,false,false,false,,false,false,false,false,false,false,CRACK THE 3-DIGIT CODE · BLACK=SPOT  WHITE=DIGIT,16,48,true,false,,,true,true,true,true,true,69,20/10/15/4/15/5,0,game.feedback.good/bad で行動の正否を提示する; キャラ/モチーフを game.draw.sprite で描く; 背景に game.draw.gradient を使う(黒一色回避)
370,370-orbit-dance.js,orbit-dance,1,オービットダンス,軌道を回る惑星をタップ/スワイプで一斉に反転させ、衝突させずに耐える,タップまたはスワイプで全惑星の回転方向を反転,10秒 生き延びる  失敗: 惑星同士が衝突,162,,,dodge,high,override,,,1,1800,3,se_failure se_success se_tap,bgm_main,false,false,false,,false,false,false,false,false,false,TAP OR SWIPE TO REVERSE ALL ORBITS · AVOID CRASHES,12,50,true,false,,,true,true,false,true,true,62,13/10/15/4/15/5,0,game.feedback.good/bad で行動の正否を提示する; 全入力ハンドラで即時フィードバック(feedback/fx/audio)を返す; キャラ/モチーフを game.draw.sprite で描く
371,371-tower-defense-solo.js,tower-defense-solo,2,タワーディフェンス1人,画面下の砲台をタップの方向に撃ち、迫る侵入者を全滅させる,撃ちたい方向をタップして弾を発射（1体につき2発）,6体 倒す  失敗: 3体 通過 or 15秒,147,,,aim_shoot,high,override,15,6,2,1800,3,se_failure se_success se_tap,bgm_main,false,false,false,,false,false,false,false,false,false,TAP TO AIM AND FIRE · WIPE OUT THE INVADERS,10,43,true,false,,,true,true,true,true,true,69,20/10/15/4/15/5,0,game.feedback.good/bad で行動の正否を提示する; キャラ/モチーフを game.draw.sprite で描く; 背景に game.draw.gradient を使う(黒一色回避)
372,372-puddle-jump.js,puddle-jump,1,水たまりジャンプ,雨の路上、3レーンを移動して迫る水たまりを避けながらゴールまで走る,タップ左右／スワイプでレーン移動,80m 前進  失敗: 水たまりを3回 踏む or 12秒,154,,,dodge,high,override,12,,1,1800,3,se_failure se_success se_tap,bgm_main,false,false,false,,false,false,false,false,false,false,MOVE LANES · DODGE THE PUDDLES · REACH THE GOAL,12,47,true,false,,,true,true,false,true,true,62,13/10/15/4/15/5,0,game.feedback.good/bad で行動の正否を提示する; 全入力ハンドラで即時フィードバック(feedback/fx/audio)を返す; キャラ/モチーフを game.draw.sprite で描く
373,373-memory-tiles.js,memory-tiles,1,メモリータイル,光ったタイルの順番を記憶し、同じ順にタップして再現するサイモン式記憶ゲーム,光る順番を覚え、消えたら同じ順にタイルをタップ,レベル3 クリア  失敗: 3回 間違える or 20秒,155,,,memory_sequence,high,override,20,,1,1800,3,se_failure se_success se_tap,bgm_main,false,false,false,,false,false,false,false,false,false,WATCH THE FLASHES · REPEAT THE ORDER,14,36,true,false,,,true,true,true,true,true,69,20/10/15/4/15/5,0,game.feedback.good/bad で行動の正否を提示する; キャラ/モチーフを game.draw.sprite で描く; 背景に game.draw.gradient を使う(黒一色回避)
374,374-rocket-throttle.js,rocket-throttle,1,ロケットスロットル,連打でエンジンを噴かして高度を稼ぎ、燃料が尽きる前に目標高度へ到達する,連打（タップ）でエンジン噴射、離すと重力で落下,目標高度1000mに到達  失敗: 燃料切れで墜落 or 15秒,144,,,mash,high,override,15,,1,1800,3,se_failure se_success se_tap,bgm_main,false,false,false,,false,false,false,false,false,false,TAP FAST TO THRUST · REACH 1000m BEFORE FUEL RUNS OUT,12,53,true,false,,,true,true,true,true,true,69,20/10/15/4/15/5,0,game.feedback.good/bad で行動の正否を提示する; キャラ/モチーフを game.draw.sprite で描く; 背景に game.draw.gradient を使う(黒一色回避)
375,375-noodle-slurp.js,noodle-slurp,1,ヌードルスラープ,器から飛び出す麺を、上スワイプのタイミングで吸い込んで食べる屋台ラーメン,上スワイプで顔の前にある麺を吸い込む,6本 吸い込む  失敗: 3本 逃す or 15秒,157,,,timing_one_shot,high,override,15,6,2,1800,3,se_failure se_success se_tap,bgm_main,false,false,false,,false,false,false,false,false,false,SWIPE UP TO SLURP THE NOODLES BY YOUR FACE,12,42,true,false,,,true,true,true,true,true,69,20/10/15/4/15/5,0,game.feedback.good/bad で行動の正否を提示する; キャラ/モチーフを game.draw.sprite で描く; 背景に game.draw.gradient を使う(黒一色回避)
376,376-domino-push.js,domino-push,2,ドミノ倒し,並んだドミノの先頭を押して、連鎖で最後の1枚まですべて倒しきる,倒したいドミノをタップ（先頭から押さないと手前が残る）,8枚 すべて倒す  失敗: 途中で止まる or 12秒,146,,,timing_one_shot,high,override,12,,1,1800,3,se_failure se_success se_tap,bgm_main,false,false,false,,false,false,false,false,false,false,PUSH THE FIRST DOMINO · TOPPLE THEM ALL,12,39,true,false,,,true,true,true,true,true,69,20/10/15/4/15/5,0,game.feedback.good/bad で行動の正否を提示する; キャラ/モチーフを game.draw.sprite で描く; 背景に game.draw.gradient を使う(黒一色回避)
377,377-color-sort.js,color-sort,2,カラーソート,試験管の液体を注ぎ分け、各試験管を単色にそろえる水そろえパズル,試験管をタップで選び、注ぎ先の試験管をタップ（上の色が同じか空にだけ注げる）,全色そろえる  失敗: 30秒,167,,,drag_sort,high,override,30,,2,1800,3,se_failure se_success se_tap,bgm_main,false,false,false,,false,false,false,false,false,false,POUR TO SORT EACH TUBE INTO A SINGLE COLOR,13,42,true,false,,,true,true,true,true,true,69,20/10/15/4/15/5,0,game.feedback.good/bad で行動の正否を提示する; キャラ/モチーフを game.draw.sprite で描く; 背景に game.draw.gradient を使う(黒一色回避)
378,378-grappling-hook.js,grappling-hook,1,グラップリングフック,足場にフックを打ち込んで振り子で飛び移り、ゴールの星まで登る,タップした方向へフックを射出、もう一度タップでロープを離す,ゴールに 到達  失敗: 3回 落下 or 15秒,160,,,camera_climb,high,override,15,,0,1800,3,se_failure se_success se_tap,bgm_main,false,false,false,,false,false,false,false,false,false,TAP TO FIRE HOOK · TAP AGAIN TO RELEASE · REACH THE STAR,10,56,true,false,,,true,true,true,true,true,69,20/10/15/4/15/5,0,game.feedback.good/bad で行動の正否を提示する; キャラ/モチーフを game.draw.sprite で描く; 背景に game.draw.gradient を使う(黒一色回避)
379,379-leaf-catch.js,leaf-catch,1,落ち葉キャッチ,風に舞って落ちてくる紅葉を、左右に動く籠で受け止める秋の公園,タップ／スワイプで籠を左右に動かす,6枚 受け取る  失敗: 3枚 逃す or 15秒,148,,,drag_follow,high,override,15,6,2,1800,3,se_failure se_success se_tap,bgm_main,false,false,false,,false,false,false,false,false,false,MOVE THE BASKET · CATCH THE FALLING LEAVES,12,42,true,false,,,true,true,true,true,true,62,13/10/15/4/15/5,0,game.feedback.good/bad で行動の正否を提示する; 全入力ハンドラで即時フィードバック(feedback/fx/audio)を返す; キャラ/モチーフを game.draw.sprite で描く
380,380-ink-blot.js,ink-blot,1,インクブロット,用紙の上で広がるインクを、外周リングをはみ出す前にタップで止める,広がるインクをタップして止める（リングを越えるとはみ出し）,4回 止める  失敗: 3回 はみ出す or 15秒,144,,,timing_one_shot,high,override,15,4,1,1800,3,se_failure se_success se_tap,bgm_main,false,false,false,,false,false,false,false,false,false,TAP THE SPREADING INK BEFORE IT CROSSES THE RING,10,48,true,false,,,true,true,true,true,true,69,20/10/15/4/15/5,0,game.feedback.good/bad で行動の正否を提示する; キャラ/モチーフを game.draw.sprite で描く; 背景に game.draw.gradient を使う(黒一色回避)
381,381-circuit-complete.js,circuit-complete,1,回路完成,電源から全ノードへ配線をつなぎ、盤面すべてに電気を通す,隣り合うノード間をスワイプして配線をオン／オフ,3面 完成  失敗: 25秒,159,,,connect,high,override,25,,2,1800,3,se_failure se_success se_tap,bgm_main,false,false,false,,false,false,false,false,false,false,SWIPE BETWEEN NODES TO WIRE POWER TO EVERY NODE,11,47,true,false,,,true,true,true,true,true,69,20/10/15/4/15/5,0,game.feedback.good/bad で行動の正否を提示する; キャラ/モチーフを game.draw.sprite で描く; 背景に game.draw.gradient を使う(黒一色回避)
382,382-sticky-wall.js,sticky-wall,1,スティッキーウォール,左右の壁に交互に張り付きながら跳ね上がり、上へ上へ登っていく,壁に張り付いた状態でタップして反対の壁へジャンプ,600px 登る  失敗: 3回 落下 or 12秒,142,,,camera_climb,high,override,12,,1,1800,3,se_failure se_success se_tap,bgm_main,false,false,false,,false,false,false,false,false,false,STICK TO A WALL · TAP TO JUMP TO THE OTHER SIDE · CLIMB,12,55,true,false,,,true,true,false,true,true,64,20/10/10/4/15/5,0,game.feedback.good/bad で行動の正否を提示する; キャラ/モチーフを game.draw.sprite で描く; 背景に game.draw.gradient を使う(黒一色回避)
383,383-word-bomb.js,word-bomb,1,ワードボム,出題に合う文字を4択から素早く選び、爆弾の導火線が尽きる前に解除する,正しい選択肢をタップ,4問 正解  失敗: 3問 間違える or 15秒,161,,,judge,high,override,15,4,1,1800,3,se_failure se_success se_tap,bgm_main,false,false,false,,false,false,false,false,false,false,TAP THE MATCHING CHOICE BEFORE THE FUSE BURNS OUT,30,49,true,false,,,true,true,true,true,true,64,20/10/10/4/15/5,0,game.feedback.good/bad で行動の正否を提示する; キャラ/モチーフを game.draw.sprite で描く; 背景に game.draw.gradient を使う(黒一色回避)
384,384-pinball-flip.js,pinball-flip,2,ピンボールフリップ,左右のフリッパーでボールを弾き、的とバンパーを叩いて得点を稼ぐ,画面左タップで左フリッパー、右タップで右フリッパー,8点 獲得  失敗: 3回 ボールアウト or 20秒,147,,,timing_one_shot,high,override,20,8,1,1800,3,se_failure se_success se_tap,bgm_main,false,false,false,,false,false,false,false,false,false,TAP LEFT / RIGHT FOR THE FLIPPERS · HIT THE TARGETS,10,51,true,false,,,true,true,true,true,true,74,20/10/15/9/15/5,0,game.feedback.good/bad で行動の正否を提示する; キャラ/モチーフを game.draw.sprite で描く; 背景に game.draw.gradient を使う(黒一色回避)
385,385-snowflake-catch.js,snowflake-catch,1,雪の結晶キャッチ,舌をタップで伸ばし、舞い落ちる雪の結晶をタイミングよく捕まえる,タップで舌を上へ伸ばす（結晶に届けばキャッチ）,6個 キャッチ  失敗: 8個 逃す or 15秒,142,,,timing_one_shot,high,override,15,6,2,1800,3,se_failure se_success se_tap,bgm_main,false,false,false,,false,false,false,false,false,false,TAP TO STICK OUT YOUR TONGUE · CATCH THE FLAKES,11,47,true,false,,,true,true,true,true,true,69,20/10/15/4/15/5,0,game.feedback.good/bad で行動の正否を提示する; キャラ/モチーフを game.draw.sprite で描く; 背景に game.draw.gradient を使う(黒一色回避)
386,386-bubble-drift.js,bubble-drift,1,バブルドリフト,浮かび上がるシャボン玉をタップで左右に押し、落ちてくる針を避けて上空へ運ぶ,タップした側と反対へ泡が逃げる（針に当てないよう左右に誘導）,高度300mに 到達  失敗: 針に3回 触れる or 15秒,146,,,guide_path,high,override,15,,1,1800,3,se_failure se_success se_tap,bgm_main,false,false,false,,false,false,false,false,false,false,TAP TO NUDGE THE BUBBLE · DODGE THE NEEDLES · FLOAT UP,10,54,true,false,,,true,true,false,true,true,69,20/10/15/4/15/5,0,game.feedback.good/bad で行動の正否を提示する; キャラ/モチーフを game.draw.sprite で描く; 背景に game.draw.gradient を使う(黒一色回避)
387,387-morse-tap.js,morse-tap,3,モールスタップ,表示された文字のモールス符号を、左=ドット・右=ダッシュで打ち込んで送信する,画面左タップ=・、右タップ=－、中央タップ=送信（無操作で自動送信）,3文字 正解  失敗: 3回 間違える or 20秒,157,,,judge,high,override,20,3,1,1800,3,se_failure se_success se_tap,bgm_main,false,false,false,,false,false,false,false,false,false,LEFT = DOT  RIGHT = DASH  CENTER = SEND,17,39,true,false,,,true,true,true,true,true,64,20/10/15/4/10/5,0,game.feedback.good/bad で行動の正否を提示する; キャラ/モチーフを game.draw.sprite で描く; 背景に game.draw.gradient を使う(黒一色回避)
388,388-balloon-pop.js,balloon-pop,4,バルーンポップ,膨らむ風船を、緑のちょうどいいサイズになった瞬間にタップで割る,適正サイズ（緑リング点灯中）の風船をタップ。小さすぎ／膨らみすぎに注意,4個 適正で割る  失敗: 3個 破裂させる or 15秒,143,,,spot,high,override,15,4,1,1800,3,se_failure se_success se_tap,bgm_main,false,false,false,,false,false,false,false,false,false,POP EACH BALLOON WHILE IT GLOWS GREEN (JUST RIGHT),10,50,true,false,,,true,true,true,true,true,69,20/10/15/4/15/5,0,game.feedback.good/bad で行動の正否を提示する; キャラ/モチーフを game.draw.sprite で描く; 背景に game.draw.gradient を使う(黒一色回避)
389,389-meteor-shower.js,meteor-shower,3,流星雨,流れ星が飛んだ向きを覚え、消えた後に同じ方向へスワイプして願いを叶える,流星の進行方向と同じ向きにスワイプ,4個 正解  失敗: 3回 間違える or 15秒,151,,,aim_shoot,high,override,15,4,2,1800,3,se_failure se_success se_tap,bgm_main,false,false,false,,false,false,false,false,false,false,SWIPE THE WAY THE METEOR FLEW · MAKE YOUR WISH,20,46,true,false,,,true,true,true,true,true,64,20/10/15/4/10/5,0,game.feedback.good/bad で行動の正否を提示する; キャラ/モチーフを game.draw.sprite で描く; 背景に game.draw.gradient を使う(黒一色回避)
390,390-conductor.js,conductor,1,指揮者,オーケストラのビートに合わせて上下スワイプで指揮し、演奏を止めずに小節を重ねる,ビートの瞬間に上下スワイプ（合えば精度上昇、外すと低下）,4小節 完奏  失敗: 精度が尽きて演奏停止 or 20秒,142,,,rhythm,high,override,20,,1,1800,3,se_failure se_success se_tap,bgm_main,false,false,false,,false,false,false,false,false,false,SWIPE UP/DOWN ON EACH BEAT · KEEP THE ORCHESTRA PLAYING,13,55,true,false,,,true,true,true,true,true,69,20/10/15/4/15/5,0,game.feedback.good/bad で行動の正否を提示する; キャラ/モチーフを game.draw.sprite で描く; 背景に game.draw.gradient を使う(黒一色回避)
391,391-glass-break.js,glass-break,1,ガラス割り,揺れ動くパワーゲージを見極め、ちょうどいい力（緑帯）でタップしてガラスを割る,パワーゲージが緑帯に来た瞬間にタップ。弱すぎ／強すぎは失敗,4回 ちょうどよく割る  失敗: 3回 力を外す or 15秒,145,,,timing_one_shot,high,override,15,4,1,1800,3,se_failure se_success se_tap,bgm_main,false,false,false,,false,false,false,false,false,false,TAP WHEN THE POWER GAUGE IS IN THE GREEN ZONE,17,45,true,false,,,true,true,true,true,true,74,20/10/15/9/15/5,0,game.feedback.good/bad で行動の正否を提示する; キャラ/モチーフを game.draw.sprite で描く; 背景に game.draw.gradient を使う(黒一色回避)
392,392-spinning-tops.js,spinning-tops,1,コマ対決,回転するコマをスワイプで弾き、相手のコマをリングの外へ押し出すバトル,スワイプでコマを弾く方向と強さを決める,相手を3回 場外へ  失敗: 自分が3回 場外 or 20秒,139,,,push_out,high,override,20,3,1,1800,3,se_failure se_success se_tap,bgm_main,false,false,false,,false,false,false,false,false,false,SWIPE TO LAUNCH YOUR TOP · KNOCK THE RIVAL OUT,20,46,true,false,,,true,true,true,true,true,64,20/10/15/4/10/5,0,game.feedback.good/bad で行動の正否を提示する; キャラ/モチーフを game.draw.sprite で描く; 背景に game.draw.gradient を使う(黒一色回避)
393,393-candle-guard.js,candle-guard,1,ろうそく守り,吹き付ける風で炎が傾く。倒れる向きと逆にスワイプして炎を立て直し、消さずに守る,炎が傾く向きと逆にスワイプ（左に傾いたら右へ）,10秒 守り抜く  失敗: 炎が倒れて消える,140,,,balance,high,override,,,1,1800,3,se_failure se_success se_tap,bgm_main,false,false,false,,false,false,false,false,false,false,SWIPE AGAINST THE TILT TO KEEP THE FLAME ALIVE,14,46,true,false,,,true,true,false,true,true,69,20/10/15/4/15/5,0,game.feedback.good/bad で行動の正否を提示する; キャラ/モチーフを game.draw.sprite で描く; 背景に game.draw.gradient を使う(黒一色回避)
394,394-juggle-act.js,juggle-act,1,ジャグリング,落ちてくる3つのボールをタップで打ち上げ続け、1つも床に落とさない大道芸,空中のボールをタップして上へ打ち返す,8回 打ち返す  失敗: 1個でも床に落ちる or 15秒,128,,,timing_one_shot,high,override,15,8,1,1800,3,se_failure se_success se_tap,bgm_main,false,false,false,,false,false,false,false,false,false,TAP THE BALLS TO KEEP THEM UP · DONT LET ANY DROP,10,49,true,false,,,true,true,true,true,true,69,20/10/15/4/15/5,0,game.feedback.good/bad で行動の正否を提示する; キャラ/モチーフを game.draw.sprite で描く; 背景に game.draw.gradient を使う(黒一色回避)
395,395-tide-pool.js,tide-pool,1,タイドプール,満ちてくる潮に流されるヒトデをタップで拾い、岩の上へ避難させて救出する,ヒトデをタップで選び、岩をタップして置く,4匹 救出  失敗: 3匹 流される or 15秒,148,,,gap_fit,high,override,15,4,2,1800,3,se_failure se_success se_tap,bgm_main,false,false,false,,false,false,false,false,false,false,TAP A STARFISH THEN TAP A ROCK TO RESCUE IT,13,43,true,false,,,true,true,true,true,true,69,20/10/15/4/15/5,0,game.feedback.good/bad で行動の正否を提示する; キャラ/モチーフを game.draw.sprite で描く; 背景に game.draw.gradient を使う(黒一色回避)
396,396-laser-bounce.js,laser-bounce,3,レーザー反射,盤上の鏡をタップで45度ずつ回し、レーザーの向きを変えてターゲットに当て続ける,鏡をタップして回転（当たり続けると得点が入る）,3ヒット 決める  失敗: 20秒,155,,,connect,high,override,20,3,1,1800,3,se_failure se_success se_tap,bgm_main,false,false,false,,false,false,false,false,false,false,ROTATE MIRRORS TO STEER THE LASER INTO THE TARGET,11,49,true,false,,,true,true,true,true,true,64,20/10/15/4/10/5,0,game.feedback.good/bad で行動の正否を提示する; キャラ/モチーフを game.draw.sprite で描く; 背景に game.draw.gradient を使う(黒一色回避)
397,397-breath-control.js,breath-control,1,呼吸制御,ゆっくり膨らんで縮む円が、満ちきった瞬間（緑リング点灯）にタップして深呼吸を合わせる,円が最大（緑リング）になった瞬間にタップ。小さいときに押すと失敗,4回 合わせる  失敗: 3回 外す or 15秒,133,,,timing_one_shot,high,override,15,4,2,1800,3,se_failure se_success se_tap,bgm_main,false,false,false,,false,false,false,false,false,false,TAP WHEN THE CIRCLE IS FULL (GREEN RING) · MATCH YOUR BREATH,12,60,true,false,,,true,true,true,true,true,69,20/10/15/4/15/5,0,game.feedback.good/bad で行動の正否を提示する; キャラ/モチーフを game.draw.sprite で描く; 背景に game.draw.gradient を使う(黒一色回避)
398,398-earthquake-drill.js,earthquake-drill,1,地震訓練,揺れる棚から落ちてくる荷物を、左右に動く救助ネットで受け止めて守る,タップ／スワイプでネットを左右に動かす,6個 キャッチ  失敗: 3個 床に落とす or 15秒,145,,,drag_follow,high,override,15,6,2,1800,3,se_failure se_success se_tap,bgm_main,false,false,false,,false,false,false,false,false,false,MOVE THE NET · CATCH THE FALLING ITEMS,12,38,true,false,,,true,true,true,true,true,62,13/10/15/4/15/5,0,game.feedback.good/bad で行動の正否を提示する; 全入力ハンドラで即時フィードバック(feedback/fx/audio)を返す; キャラ/モチーフを game.draw.sprite で描く
399,399-soap-bubble.js,soap-bubble,1,シャボン玉,タップで膨らませ、緑帯のちょうどいいサイズになったらもう一度タップして飛ばす,タップで膨らませ始め、適正サイズ（緑リング）で再タップして離す,4回 きれいに飛ばす  失敗: 3回 割る or 15秒,150,,,timing_one_shot,high,override,15,4,2,1800,3,se_failure se_success se_tap,bgm_main,false,false,false,,false,false,false,false,false,false,TAP TO GROW · RELEASE IN THE GREEN ZONE · DONT OVERBLOW,27,55,true,false,,,true,true,true,true,true,64,20/10/15/4/10/5,0,game.feedback.good/bad で行動の正否を提示する; キャラ/モチーフを game.draw.sprite で描く; 背景に game.draw.gradient を使う(黒一色回避)
400,400-century-mark.js,century-mark,2,センチュリーマーク,記念の盤面。バウンドする光弾を放って、すべての星を点灯させる,タップで弾を発射（向きは自動で回転）、スワイプでその方向へ発射,全30個の星を点灯  失敗: 20秒,141,,,drag_follow,high,override,20,,0,1800,3,se_failure se_success se_tap,bgm_main,false,false,false,,false,false,false,false,false,false,FIRE BOUNCING SHOTS · LIGHT UP EVERY STAR,13,41,true,false,,,true,true,false,true,true,62,13/10/15/4/15/5,0,game.feedback.good/bad で行動の正否を提示する; 全入力ハンドラで即時フィードバック(feedback/fx/audio)を返す; キャラ/モチーフを game.draw.sprite で描く
401,401-kite-flying.js,kite-flying,1,凧揚げ,風に乗せて凧を操り、糸を切らさないよう張力に注意しながら目標高度まで揚げる,スワイプで凧に引く力を加えて操縦（張力が高すぎると糸が切れる）,高度600m 到達  失敗: 糸が切れる or 15秒,150,,,camera_climb,high,override,15,,1,1800,3,se_failure se_success se_tap,bgm_main,false,false,false,,false,false,false,false,false,false,SWIPE TO STEER · WATCH THE STRING TENSION · FLY HIGH,11,52,true,false,,,true,true,false,true,true,69,20/10/15/4/15/5,0,game.feedback.good/bad で行動の正否を提示する; キャラ/モチーフを game.draw.sprite で描く; 背景に game.draw.gradient を使う(黒一色回避)
402,402-echo-rhythm.js,echo-rhythm,1,エコーリズム,光ったビートの順番を記憶し、同じ順にノードをタップして繰り返すサイモン式,光る順番を覚え、消えたら同じ順にノードをタップ,3ラウンド クリア  失敗: 3回 間違える or 20秒,137,,,memory_sequence,high,override,20,3,1,1800,3,se_failure se_success se_tap,bgm_main,false,false,false,,false,false,false,false,false,false,WATCH THE BEATS LIGHT UP · TAP THEM BACK IN ORDER,23,49,true,false,,,true,true,true,true,true,69,20/10/15/4/15/5,0,game.feedback.good/bad で行動の正否を提示する; キャラ/モチーフを game.draw.sprite で描く; 背景に game.draw.gradient を使う(黒一色回避)
403,403-gravity-flip.js,gravity-flip,12,重力反転,タップで重力を上下反転させ、トンネルを流れてくる障害物を避けて走り抜ける,タップで重力を反転（上下の壁と障害物に当たると失敗）,800m 走破  失敗: 衝突 or 15秒,131,,,camera_run,high,override,15,,1,1800,3,se_failure se_success se_tap,bgm_main,false,false,false,,false,false,false,false,false,false,TAP TO FLIP GRAVITY · DODGE THE PILLARS · RUN 800m,10,50,true,false,,,true,true,false,true,true,69,20/10/15/4/15/5,0,game.feedback.good/bad で行動の正否を提示する; キャラ/モチーフを game.draw.sprite で描く; 背景に game.draw.gradient を使う(黒一色回避)
404,404-plant-growth.js,plant-growth,1,植物育成,左タップで水、右タップで日光を与え、水と光を適正ゾーンに保って花を満開まで育てる,画面左タップ=水やり、右タップ=日光,成長100%（満開）  失敗: 枯れる or 20秒,137,,,balance,high,override,20,,0,1800,3,se_failure se_success se_tap,bgm_main,false,false,false,,false,false,false,false,false,false,"TAP LEFT FOR WATER, RIGHT FOR SUN · KEEP BOTH IN THE ZONE",13,57,true,false,,,true,true,true,true,true,69,20/10/15/4/15/5,0,game.feedback.good/bad で行動の正否を提示する; キャラ/モチーフを game.draw.sprite で描く; 背景に game.draw.gradient を使う(黒一色回避)
405,405-crowd-count.js,crowd-count,1,群衆カウント,一瞬映る群衆の人数を目測で記憶し、3択から正しい人数を選ぶ瞬間記憶ゲーム,表示中に人数を数え、隠れたあと正しい数字をタップ,4問 正解  失敗: 3回 大外れ or 20秒,142,,,counting,high,override,20,4,2,1800,3,se_failure se_success se_tap,bgm_main,false,false,false,,false,false,false,false,false,false,COUNT THE CROWD FAST · PICK THE RIGHT NUMBER,23,44,true,false,,,true,true,true,true,true,74,20/10/15/9/15/5,0,game.feedback.good/bad で行動の正否を提示する; キャラ/モチーフを game.draw.sprite で描く; 背景に game.draw.gradient を使う(黒一色回避)
406,406-ice-sculpture.js,ice-sculpture,1,氷彫刻,四角い氷ブロックを上下左右のスワイプで削り、目標シルエットの形に彫り出す,スワイプした向きの端から氷を1マス削る（残すべきマスを削ると削りすぎ）,3体 彫り上げる  失敗: 3回 削りすぎ or 20秒,148,,,rub,high,override,20,3,2,1800,3,se_failure se_success se_tap,bgm_main,false,false,false,,false,false,false,false,false,false,SWIPE TO CARVE THE ICE INTO THE TARGET SHAPE,15,44,true,false,,,true,true,true,true,true,62,13/10/15/4/15/5,0,game.feedback.good/bad で行動の正否を提示する; 全入力ハンドラで即時フィードバック(feedback/fx/audio)を返す; キャラ/モチーフを game.draw.sprite で描く
407,407-speed-reader.js,speed-reader,1,スピードリーダー,一瞬だけ光る単語を読み取り、隠れたあと3択から同じ単語を選ぶ速読ゲーム,フラッシュ中に単語を読み、選択肢から正しいものをタップ,4問 正解  失敗: 3回 ミス or 20秒,141,,,judge,high,override,20,4,1,1800,3,se_failure se_success se_tap,bgm_main,false,false,false,,false,false,false,false,false,false,READ THE FLASH · PICK THE SAME WORD,44,35,true,false,,,true,true,true,true,true,64,20/10/15/4/10/5,0,game.feedback.good/bad で行動の正否を提示する; キャラ/モチーフを game.draw.sprite で描く; 背景に game.draw.gradient を使う(黒一色回避)
408,408-fishing-line.js,fishing-line,1,釣り糸,タップで釣り針の深さを上下に切り替え、泳いでくる魚の層に合わせて引っ掛けて釣る,タップで針を降ろす／上げるを切り替え、魚に重なると釣れる,4匹 釣る  失敗: 3匹 逃す or 15秒,143,,,timing_window,high,override,15,4,1,1800,3,se_failure se_success se_tap,bgm_main,false,false,false,,false,false,false,false,false,false,TAP TO RAISE/LOWER THE HOOK · SNAG THE FISH,12,43,true,false,,,true,true,true,true,true,69,20/10/15/4/15/5,0,game.feedback.good/bad で行動の正否を提示する; キャラ/モチーフを game.draw.sprite で描く; 背景に game.draw.gradient を使う(黒一色回避)
409,409-ramp-jump.js,ramp-jump,1,スロープジャンプ,助走して近づき、ランプの先端でタイミングよくタップして遠くまで飛ぶ,ランプ端（NOW!表示）でタップしてジャンプ。合計飛距離を稼ぐ,合計1200m 飛ぶ  失敗: 15秒,149,,,camera_run,high,override,15,,1,1800,3,se_failure se_success se_tap,bgm_main,false,false,false,,false,false,false,false,false,false,TAP AT THE RAMP EDGE (NOW!) TO LAUNCH FAR,21,41,true,false,,,true,true,false,true,true,69,20/10/15/4/15/5,0,game.feedback.good/bad で行動の正否を提示する; キャラ/モチーフを game.draw.sprite で描く; 背景に game.draw.gradient を使う(黒一色回避)
410,410-voltage-surge.js,voltage-surge,5,電圧サージ,注ぐ数がお題ちょうどになった瞬間に止める。入れ過ぎ厳禁の自制,お題の数ぴったりで鍋への投入を止める(タップ),制限時間内に 4 皿ぴったり仕上げる  失敗: 時間切れ,215,count_exact,kitchen,count_exact,high,override,18,4,0,1600,5,se_coin se_failure se_milestone se_success se_tap,,true,false,true,flash,true,true,true,false,false,false,,62,15,true,false,キッチンの見習いが、レシピ通りちょうどの数だけ具を鍋に入れて止める,2000s ARCADE POP,true,false,false,true,true,95,25/20/15/15/15/5,0,
411,411-ninja-scroll.js,ninja-scroll,1,忍者の巻物,3レーンを瞬時に移動し、降ってくる手裏剣を紙一重でかわして生き延びる,タップした側のレーンへ瞬間移動／スワイプで隣レーンへ,10秒 生き延びる  失敗: 3回 被弾,139,,,dodge,high,override,,,1,1800,3,se_failure se_success se_tap,bgm_main,false,false,false,,false,false,false,false,false,false,TAP OR SWIPE TO SWITCH LANES · DODGE THE SHURIKEN,12,49,true,false,,,true,true,false,true,true,62,13/10/15/4/15/5,0,game.feedback.good/bad で行動の正否を提示する; 全入力ハンドラで即時フィードバック(feedback/fx/audio)を返す; キャラ/モチーフを game.draw.sprite で描く
412,412-bridge-build.js,bridge-build,2,橋を架ける,足場の端から棒を伸ばし、ちょうど届く長さで倒して次の足場へ渡っていく,タップで棒を伸ばし始め、もう一度タップで止めて倒す,3つ 渡る  失敗: 3回 落ちる or 20秒,143,,,hold_charge,high,override,20,3,1,1800,3,se_failure se_success se_tap,bgm_main,false,false,false,,false,false,false,false,false,false,TAP TO GROW THE STICK · TAP AGAIN TO DROP IT · CROSS OVER,27,57,true,false,,,true,true,true,true,true,64,20/10/15/4/10/5,0,game.feedback.good/bad で行動の正否を提示する; キャラ/モチーフを game.draw.sprite で描く; 背景に game.draw.gradient を使う(黒一色回避)
413,413-paint-mix.js,paint-mix,1,ペイントミックス,赤・黄・青の三原色を配合し、見本と同じ色を作って提出する調色ゲーム,R/Y/Bボタンで絵の具を足し、MIXで提出、RESETでやり直し,4色 完成  失敗: 3回 大外れ or 25秒,146,,,gap_fit,high,override,25,4,1,1800,3,se_failure se_success se_tap,bgm_main,false,false,false,,false,false,false,false,false,false,ADD R/Y/B PAINT TO MATCH THE TARGET · MIX TO SUBMIT,16,51,true,false,,,true,true,true,true,true,74,20/10/15/9/15/5,0,game.feedback.good/bad で行動の正否を提示する; キャラ/モチーフを game.draw.sprite で描く; 背景に game.draw.gradient を使う(黒一色回避)
414,414-meteor-dodge.js,meteor-dodge,1,隕石回避,タップした方向へ宇宙船を動かし、降り注ぐ隕石の雨をかわして生き延びる,タップした位置へ移動／スワイプでその方向へダッシュ,10秒 生き延びる  失敗: 隕石に衝突,143,,,dodge,high,override,,,1,1800,3,se_failure se_success se_tap,bgm_main,false,false,false,,false,false,false,false,false,false,TAP OR SWIPE TO STEER THE SHIP · AVOID THE METEORS,14,50,true,false,,,true,true,false,true,true,62,13/10/15/4/15/5,0,game.feedback.good/bad で行動の正否を提示する; 全入力ハンドラで即時フィードバック(feedback/fx/audio)を返す; キャラ/モチーフを game.draw.sprite で描く
415,415-card-flip.js,card-flip,1,カードめくり,最初に一瞬すべての数字を見せられ、伏せた後に1から順にめくり当てる記憶ゲーム,最初に位置を覚え、伏せたら小さい数から順にカードをタップ,2セット 完成  失敗: 3回 間違える or 25秒,144,,,memory_sequence,high,override,25,2,2,1800,3,se_failure se_success se_tap,bgm_main,false,false,false,,false,false,false,false,false,false,"MEMORIZE THE NUMBERS · THEN TAP THEM 1,2,3... IN ORDER",18,54,true,false,,,true,true,true,true,true,69,20/10/15/4/15/5,0,game.feedback.good/bad で行動の正否を提示する; キャラ/モチーフを game.draw.sprite で描く; 背景に game.draw.gradient を使う(黒一色回避)
416,416-tower-stack.js,tower-stack,5,タワー積み,左右に流れるブロックをタップで落とし、下の段に揃えて積み上げる,タップでブロックを落とす（はみ出した分は削れる）,3段 積む  失敗: 3回 大きく外す or 20秒,139,,,stack,high,override,20,3,1,1800,3,se_failure se_success se_tap,bgm_main,false,false,false,,false,false,false,false,false,false,TAP TO DROP THE BLOCK · LINE IT UP WITH THE ONE BELOW,10,53,true,false,,,true,true,true,true,true,69,20/10/15/4/15/5,0,game.feedback.good/bad で行動の正否を提示する; キャラ/モチーフを game.draw.sprite で描く; 背景に game.draw.gradient を使う(黒一色回避)
417,417-signal-boost.js,signal-boost,3,電波増幅,動く最適角度にアンテナを合わせ、強い電波を出し続けて必要な受信時間を稼ぐ,上下スワイプ／画面上下タップでアンテナ角度を調整（緑の狙いに合わせる）,良好受信を合計8秒 貯める  失敗: 15秒,144,,,balance,high,override,15,,1,1800,3,se_failure se_success se_tap,bgm_main,false,false,false,,false,false,false,false,false,false,MATCH THE ANTENNA TO THE GREEN AIM · HOLD A STRONG SIGNAL,12,57,true,false,,,true,true,false,true,true,62,13/10/15/4/15/5,0,game.feedback.good/bad で行動の正否を提示する; 全入力ハンドラで即時フィードバック(feedback/fx/audio)を返す; キャラ/モチーフを game.draw.sprite で描く
418,418-sand-timer.js,sand-timer,6,砂時計,上の砂が落ちきった瞬間から0.5秒以内にタップする、体内時計のジャストタイミング勝負,砂が空になった瞬間にタップ（早すぎ／遅すぎはミス）,3回 ジャストで決める  失敗: 3回 ミス or 20秒,145,,,timing_one_shot,high,override,20,3,1,1800,3,se_failure se_success se_tap,bgm_main,false,false,false,,false,false,false,false,false,false,TAP THE INSTANT THE SAND RUNS OUT · NOT TOO EARLY OR LATE,20,57,true,false,,,true,true,true,true,true,69,20/10/15/4/15/5,0,game.feedback.good/bad で行動の正否を提示する; キャラ/モチーフを game.draw.sprite で描く; 背景に game.draw.gradient を使う(黒一色回避)
419,419-magnet-sort.js,magnet-sort,2,磁石選別,磁石を動かして金属ボールだけを引き寄せ、ゴールへ運ぶ。ガラス玉は入れてはいけない,タップ／スワイプで磁石を移動（金属だけが引き寄せられる）,金属4個を ゴールへ  失敗: ガラス玉3個を 誤投入 or 15秒,145,,,drag_follow,high,override,15,4,1,1800,3,se_failure se_success se_tap,bgm_main,false,false,false,,false,false,false,false,false,false,DRAG THE MAGNET · PULL METAL TO THE GOAL · AVOID GLASS,11,54,true,false,,,true,true,true,true,true,62,13/10/15/4/15/5,0,game.feedback.good/bad で行動の正否を提示する; 全入力ハンドラで即時フィードバック(feedback/fx/audio)を返す; キャラ/モチーフを game.draw.sprite で描く
420,420-coin-stack.js,coin-stack,2,硬貨積み上げ,左右に動くトロフィーを、中心を合わせてタップで落として高く積む,左右に動く皿がタワー中心に重なった瞬間にタップして落とす,制限時間内に 4 段積む  失敗: 時間切れ,225,stack,sports,stack,high,override,18,4,0,1600,5,se_coin se_failure se_milestone se_success se_tap,,true,false,true,flash,true,true,true,false,false,false,,50,15,true,false,スタジアムの表彰係が、優勝トロフィーを崩さぬよう中心を揃えて積み上げる,90s 16bit,true,false,false,true,true,95,25/20/15/15/15/5,0,
421,421-hot-potato.js,hot-potato,5,ホットポテト,燃える玉を持たされた一瞬で、渡す相手の方向へ振り抜く,持ち手から見て、渡す相手のいる方向へスワイプ,6回 渡し切る  失敗: 手の中で燃え尽きる or 10秒,322,swipe_direction,circus,swipe_direction,high,override,10,6,0,1600,5,se_coin se_failure se_milestone se_success se_tap,,true,false,true,burst flash,true,true,true,false,false,false,,68,15,true,false,サーカスの曲芸師3人が、燃える玉を落とさぬよう回し続ける火渡り芸,2000s ARCADE POP,true,false,false,true,true,88,18/20/15/15/15/5,0,全入力ハンドラで即時フィードバック(feedback/fx/audio)を返す
422,422-thread-needle.js,thread-needle,2,糸通し,ゆらゆら揺れる針の穴めがけてタップで糸を打ち込み、狙いすまして通す集中ゲーム,タップで糸を針穴へ射出（穴に通れば成功、外すとミス）,4回 通す  失敗: 3回 ミス or 15秒,139,,,gap_fit,high,override,15,4,1,1800,3,se_failure se_success se_tap,bgm_main,false,false,false,,false,false,false,false,false,false,TAP TO SHOOT THREAD INTO THE SWAYING NEEDLE EYE,10,47,true,false,,,true,true,true,true,true,64,20/10/10/4/15/5,0,game.feedback.good/bad で行動の正否を提示する; キャラ/モチーフを game.draw.sprite で描く; 背景に game.draw.gradient を使う(黒一色回避)
423,423-firework-timing.js,firework-timing,1,花火打ち上げ,打ち上がる花火玉が最高点に達した瞬間にタップして、大輪の花火を咲かせる,花火が頂点（光る輪）に来たらタップ（早すぎ・遅すぎはミス）,4発 咲かせる  失敗: 3回 タイミングミス or 15秒,132,,,timing_one_shot,high,override,15,4,1,1800,3,se_failure se_success se_tap,bgm_main,false,false,false,,false,false,false,false,false,false,TAP WHEN THE SHELL REACHES ITS PEAK · BLOOM THE FIREWORK,10,56,true,false,,,true,true,true,true,true,69,20/10/15/4/15/5,0,game.feedback.good/bad で行動の正否を提示する; キャラ/モチーフを game.draw.sprite で描く; 背景に game.draw.gradient を使う(黒一色回避)
424,424-whirlpool.js,whirlpool,1,渦巻き脱出,中心へ引き込む渦の引力に、スワイプ／タップで逆らって舟を沈めず持ちこたえる,スワイプした方向へ舟を漕ぐ／タップした位置へ加速（中心に吸い込まれると沈没）,10秒 持ちこたえる  失敗: 渦の中心に 吸い込まれる,136,,,dodge,high,override,,,1,1800,3,se_failure se_success se_tap,bgm_main,false,false,false,,false,false,false,false,false,false,PADDLE AGAINST THE PULL · DONT GET SUCKED INTO THE CENTER,14,57,true,false,,,true,true,false,true,true,69,20/10/15/4/15/5,0,game.feedback.good/bad で行動の正否を提示する; キャラ/モチーフを game.draw.sprite で描く; 背景に game.draw.gradient を使う(黒一色回避)
425,425-tile-slide.js,tile-slide,2,タイルスライド,3×3の数字パズル。空きマスへタイルをずらして1〜8を順番どおりに並べる15パズル,空きマスに隣接するタイルをタップしてスライド,パズルを完成させる  失敗: 30秒,128,,,drag_sort,high,override,30,,0,1800,3,se_failure se_success se_tap,bgm_main,false,false,false,,false,false,false,false,false,false,SLIDE TILES INTO THE GAP · ORDER THEM 1-8,11,41,true,false,,,true,true,true,true,true,69,20/10/15/4/15/5,0,game.feedback.good/bad で行動の正否を提示する; キャラ/モチーフを game.draw.sprite で描く; 背景に game.draw.gradient を使う(黒一色回避)
426,426-light-switch.js,light-switch,2,電灯パズル,ライツアウト。タップすると自分と上下左右の灯りが反転。すべて消灯させる,マスをタップ（自分と隣接4マスが点灯／消灯を反転する）,全消灯する  失敗: 25秒,126,,,memory_sequence,high,override,25,,1,1800,3,se_failure se_success se_tap,bgm_main,false,false,false,,false,false,false,false,false,false,TAP A CELL TO FLIP IT AND ITS NEIGHBORS · TURN ALL OFF,11,54,true,false,,,true,true,true,true,true,69,20/10/15/4/15/5,0,game.feedback.good/bad で行動の正否を提示する; キャラ/モチーフを game.draw.sprite で描く; 背景に game.draw.gradient を使う(黒一色回避)
427,427-pendulum-swing.js,pendulum-swing,2,振り子飛び越え,大きく揺れる鉄球が近づく瞬間、タップでジャンプして飛び越える,鉄球が来るタイミングでタップしてジャンプ（当たると被弾）,4回 飛び越える  失敗: 3回 衝突 or 15秒,139,,,timing_one_shot,high,override,15,4,1,1800,3,se_failure se_success se_tap,bgm_main,false,false,false,,false,false,false,false,false,false,TAP TO JUMP OVER THE SWINGING WRECKING BALL,10,43,true,false,,,true,true,true,true,true,69,20/10/15/4/15/5,0,game.feedback.good/bad で行動の正否を提示する; キャラ/モチーフを game.draw.sprite で描く; 背景に game.draw.gradient を使う(黒一色回避)
428,428-mirror-maze.js,mirror-maze,2,鏡の迷路,盤上の鏡をタップで「／」「＼」に切り替え、光源のビームを反射させてターゲットに当てる,鏡をタップして向きを反転（ビームがゴールに届けばクリア）,2面 クリア  失敗: 25秒,148,,,connect,high,override,25,2,1,1800,3,se_failure se_success se_tap,bgm_main,false,false,false,,false,false,false,false,false,false,TAP MIRRORS TO STEER THE BEAM INTO THE TARGET,13,45,true,false,,,true,true,true,true,true,69,20/10/15/4/15/5,0,game.feedback.good/bad で行動の正否を提示する; キャラ/モチーフを game.draw.sprite で描く; 背景に game.draw.gradient を使う(黒一色回避)
429,429-sumo-push.js,sumo-push,2,相撲押し出し,左右交互に素早くタップしてパワーを溜め、相手力士を土俵の外へ押し出す,画面左右を交互に連打（テンポよく交互に押すほどコンボで強く押せる）,相手を2回 押し出す  失敗: 自分が2回 押し出される or 20秒,143,,,mash,high,override,20,2,1,1800,3,se_failure se_success se_tap,bgm_main,false,false,false,,false,false,false,false,false,false,TAP LEFT-RIGHT ALTERNATELY TO BUILD POWER · SHOVE THE RIVAL OUT,14,63,true,false,,,true,true,true,true,true,69,20/10/15/4/15/5,0,game.feedback.good/bad で行動の正否を提示する; キャラ/モチーフを game.draw.sprite で描く; 背景に game.draw.gradient を使う(黒一色回避)
430,430-fruit-catch.js,fruit-catch,1,フルーツキャッチ,落ちてくる果物をバスケットで受け止める。黒い爆弾は避けること,タップした位置へバスケットが移動／スワイプで左右に寄せる,果物6個 キャッチ  失敗: 爆弾3回 or 15秒,148,,,drag_follow,high,override,15,6,1,1800,3,se_failure se_success se_tap,bgm_main,false,false,false,,false,false,false,false,false,false,MOVE THE BASKET · CATCH FRUIT · AVOID THE BOMBS,12,47,true,false,,,true,true,true,true,true,67,13/10/15/9/15/5,0,game.feedback.good/bad で行動の正否を提示する; 全入力ハンドラで即時フィードバック(feedback/fx/audio)を返す; キャラ/モチーフを game.draw.sprite で描く
431,431-orbit-lock.js,orbit-lock,1,軌道ロック,外周を回る衛星をタップで内周へ引き込み、回転するドックにタイミングよくロックする,衛星をタップして内側へ降下。ドック位置に合うと成功、外すと弾かれる,衛星3基を ドッキング  失敗: 3回 失敗 or 15秒,152,,,timing_one_shot,high,override,15,3,1,1800,3,se_failure se_success se_tap,bgm_main,false,false,false,,false,false,false,false,false,false,TAP A SATELLITE TO DOCK IT INTO THE ROTATING SLOT,10,49,true,false,,,true,true,true,true,true,69,20/10/15/4/15/5,0,game.feedback.good/bad で行動の正否を提示する; キャラ/モチーフを game.draw.sprite で描く; 背景に game.draw.gradient を使う(黒一色回避)
432,432-sprout-care.js,sprout-care,1,芽吹きの世話,左タップで水、右タップで日光。水と日光のバランスを保って苗を満開まで育てる,画面左タップ=近い苗に水やり、右タップ=全体に日光,3本 満開にする  失敗: 1本でも枯れる or 20秒,140,,,balance,high,override,20,,1,1800,3,se_failure se_success se_tap,bgm_main,false,false,false,,false,false,false,false,false,false,"TAP LEFT FOR WATER, RIGHT FOR SUN · BALANCE BOTH TO BLOOM",12,57,true,false,,,true,true,true,true,true,69,20/10/15/4/15/5,0,game.feedback.good/bad で行動の正否を提示する; キャラ/モチーフを game.draw.sprite で描く; 背景に game.draw.gradient を使う(黒一色回避)
433,433-drum-machine.js,drum-machine,2,ドラムマシン,お手本で流れる4ステップの叩き順を覚え、同じ順にパッドを叩いて再現する,HAT/SNARE/KICK/CRASHの4パッドを、お手本と同じ順にタップ,3パターン 再現  失敗: 3回 ミス or 20秒,141,,,rhythm,high,override,20,3,2,1800,3,se_failure se_success se_tap,bgm_main,false,false,false,,false,false,false,false,false,false,WATCH THE PADS LIGHT UP · TAP THEM BACK IN ORDER,27,48,true,false,,,true,true,true,true,true,69,20/10/15/4/15/5,0,game.feedback.good/bad で行動の正否を提示する; キャラ/モチーフを game.draw.sprite で描く; 背景に game.draw.gradient を使う(黒一色回避)
434,434-arrow-rain.js,arrow-rain,1,矢の雨,降ってきて止まった矢が指す向きを見て、同じ方向へ素早くスワイプして払う,矢が指す方向にスワイプ（上下左右）,5回 正解  失敗: 3回 間違い or 15秒,144,,,swipe_direction,high,override,15,5,1,1800,3,se_failure se_success se_tap,bgm_main,false,false,false,,false,false,false,false,false,false,SWIPE THE WAY EACH ARROW POINTS,21,31,true,false,,,true,true,true,true,true,69,20/10/15/4/15/5,0,game.feedback.good/bad で行動の正否を提示する; キャラ/モチーフを game.draw.sprite で描く; 背景に game.draw.gradient を使う(黒一色回避)
435,435-petal-fall.js,petal-fall,1,花びらの舞,風に舞って落ちてくる桜の花びらを、地面に落ちる前にタップして受け止める,落ちてくる花びらをタップ（地面に落ちるとミス）,6枚 キャッチ  失敗: 3枚 落とす or 15秒,133,,,aim_shoot,high,override,15,6,2,1800,3,se_failure se_success se_tap,bgm_main,false,false,false,,false,false,false,false,false,false,TAP THE FALLING PETALS BEFORE THEY HIT THE GROUND,10,49,true,false,,,true,true,true,true,true,69,20/10/15/4/15/5,0,game.feedback.good/bad で行動の正否を提示する; キャラ/モチーフを game.draw.sprite で描く; 背景に game.draw.gradient を使う(黒一色回避)
436,436-code-lock.js,code-lock,1,暗号錠,一瞬光る3桁の暗証番号を記憶し、ダイヤルを合わせて金庫を解錠する,上下スワイプで数字を変更、左右スワイプ／タップでダイヤル移動、UNLOCKをタップで確定,2回 解錠  失敗: 3回 ミス or 30秒,145,,,memory_sequence,high,override,30,2,2,1800,3,se_failure se_success se_tap,bgm_main,false,false,false,,false,false,false,false,false,false,MEMORIZE THE 3-DIGIT CODE · DIAL IT IN · UNLOCK,30,47,true,false,,,true,true,true,true,true,64,20/10/15/4/10/5,0,game.feedback.good/bad で行動の正否を提示する; キャラ/モチーフを game.draw.sprite で描く; 背景に game.draw.gradient を使う(黒一色回避)
437,437-tug-war.js,tug-war,1,綱引き,連打でパワーを溜め、綱の中心マーカーを自分側のラインまで引き込む力比べ,素早く連打してロープを引く（相手も引き返してくる）,自分側ラインまで 引き込む  失敗: 相手側に 引き込まれる or 15秒,136,,,mash,high,override,15,,0,1800,3,se_failure se_success se_tap,bgm_main,false,false,false,,false,false,false,false,false,false,TAP FAST TO PULL THE ROPE TO YOUR SIDE,12,38,true,false,,,true,true,true,true,true,69,20/10/15/4/15/5,0,game.feedback.good/bad で行動の正否を提示する; キャラ/モチーフを game.draw.sprite で描く; 背景に game.draw.gradient を使う(黒一色回避)
438,438-spin-bottle.js,spin-bottle,1,ボトルスピン,回るボトルが止まる向きを、周囲8つのゾーンから予測してタップで賭ける,止まると思うゾーンをタップ（ボトルが回転して結果が出る）,3回 的中  失敗: 3回 外す or 20秒,137,,,judge,high,override,20,3,1,1800,3,se_failure se_success se_tap,bgm_main,false,false,false,,false,false,false,false,false,false,GUESS WHERE THE BOTTLE STOPS · TAP A ZONE,20,41,true,false,,,true,true,true,true,true,59,20/10/10/4/10/5,0,game.feedback.good/bad で行動の正否を提示する; キャラ/モチーフを game.draw.sprite で描く; 背景に game.draw.gradient を使う(黒一色回避)
439,439-ice-slide.js,ice-slide,7,氷上スライド,スワイプした方向へペンギンが滑り出し、壁にぶつかるまで止まらない。ゴールへ導く,スワイプ（上下左右）でペンギンを滑らせる。壁で止まる特性を使ってゴールへ,2面 クリア  失敗: 30秒,143,,,guide_path,high,override,30,2,1,1800,3,se_failure se_success se_tap,bgm_main,false,false,false,,false,false,false,false,false,false,SWIPE TO SLIDE THE PENGUIN · IT STOPS AT WALLS · REACH THE GOAL,15,63,true,false,,,true,true,true,true,true,62,13/10/15/4/15/5,0,game.feedback.good/bad で行動の正否を提示する; 全入力ハンドラで即時フィードバック(feedback/fx/audio)を返す; キャラ/モチーフを game.draw.sprite で描く
440,440-treasure-dig.js,treasure-dig,1,宝掘り,熱感知（近いほど赤）を頼りに、限られた回数でマスを掘って埋もれた宝を掘り当てる,マスをタップして掘る（掘った跡の色が宝への近さ＝赤いほど近い）,宝2個 発見  失敗: 掘削10回 使い切る or 20秒,133,,,spot,high,override,20,,0,1800,3,se_failure se_success se_tap,bgm_main,false,false,false,,false,false,false,false,false,false,DIG WITH THE HEAT SENSOR (RED=CLOSE) · FIND THE TREASURE,13,56,true,false,,,true,true,true,true,true,74,20/10/15/9/15/5,0,game.feedback.good/bad で行動の正否を提示する; キャラ/モチーフを game.draw.sprite で描く; 背景に game.draw.gradient を使う(黒一色回避)
441,441-neon-catcher.js,neon-catcher,1,ネオンキャッチ,画面を高速で跳ね回るネオン球を、狙ってタップで次々にキャッチする,光の球をタップして捕まえる（連続で取るとコンボ）,8個 キャッチ  失敗: 15秒,131,,,chase,high,override,15,8,1,1800,3,se_failure se_success se_tap,bgm_main,false,false,false,,false,false,false,false,false,false,TAP THE BOUNCING NEON ORBS TO CATCH THEM,11,40,true,false,,,true,true,true,true,true,64,20/10/10/4/15/5,0,game.feedback.good/bad で行動の正否を提示する; キャラ/モチーフを game.draw.sprite で描く; 背景に game.draw.gradient を使う(黒一色回避)
442,442-memory-path.js,memory-path,2,記憶の道,順に点滅するマスの並びを覚え、消えたあと同じ順にタップして道をたどる,点滅の順番を覚え、入力フェーズで同じ順にマスをタップ,2本の道を たどる  失敗: 3回 ミス or 25秒,133,,,memory_sequence,high,override,25,2,2,1800,3,se_failure se_success se_tap,bgm_main,false,false,false,,false,false,false,false,false,false,WATCH THE PATH FLASH · THEN TAP THE CELLS IN ORDER,18,50,true,false,,,true,true,true,true,true,69,20/10/15/4/15/5,0,game.feedback.good/bad で行動の正否を提示する; キャラ/モチーフを game.draw.sprite で描く; 背景に game.draw.gradient を使う(黒一色回避)
443,443-balloon-pop.js,balloon-pop,4,風船割り,浮かび上がりながら膨らむ風船を、破裂する前にタップで割る。膨らみすぎると爆発,風船をタップして割る（限界サイズ＝赤いリングになる前に）,6個 割る  失敗: 3回 爆発 or 15秒,136,,,spot,high,override,15,6,2,1800,3,se_failure se_success se_tap,bgm_main,false,false,false,,false,false,false,false,false,false,POP THE RISING BALLOONS BEFORE THEY OVER-INFLATE,10,48,true,false,,,true,true,true,true,true,69,20/10/15/4/15/5,0,game.feedback.good/bad で行動の正否を提示する; キャラ/モチーフを game.draw.sprite で描く; 背景に game.draw.gradient を使う(黒一色回避)
444,444-rythm-tap.js,rythm-tap,1,リズムタップ,4レーンを流れ落ちるノーツが判定ラインに重なる瞬間、そのレーンをタップする音ゲー,ノーツが下のライン（丸）に来た瞬間、そのレーンをタップ,8ノーツ ヒット  失敗: 3ミス or 15秒,131,,,rhythm,high,override,15,8,2,1800,3,se_failure se_success se_tap,bgm_main,false,false,false,,false,false,false,false,false,false,TAP EACH LANE WHEN THE NOTE HITS THE LINE,16,41,true,false,,,true,true,true,true,true,69,20/10/15/4/15/5,0,game.feedback.good/bad で行動の正否を提示する; キャラ/モチーフを game.draw.sprite で描く; 背景に game.draw.gradient を使う(黒一色回避)
445,445-crystal-crack.js,crystal-crack,2,クリスタル割り,クリスタルの弱点（黄色マーカー）の方向へスワイプしてハンマーを叩き込み砕く,弱点マーカーが指す向きへスワイプ（角度が合えば割れる）,3個 割る  失敗: 3回 外す or 20秒,142,,,swipe_direction,high,override,20,3,1,1800,3,se_failure se_success se_tap,bgm_main,false,false,false,,false,false,false,false,false,false,SWIPE TOWARD THE YELLOW WEAK POINT TO SMASH THE CRYSTAL,19,55,true,false,,,true,true,true,true,true,59,20/10/10/4/10/5,0,game.feedback.good/bad で行動の正否を提示する; キャラ/モチーフを game.draw.sprite で描く; 背景に game.draw.gradient を使う(黒一色回避)
446,446-space-gravity.js,space-gravity,1,宇宙重力,惑星の重力で探査機の軌道が曲がる。それを見越して発射し、光る目標にヒットさせる,目標のいる方向をタップして探査機を発射（惑星に落ちると失敗）,目標3個 捕捉  失敗: 3回 外す or 20秒,144,,,trajectory,high,override,20,3,2,1800,3,se_failure se_success se_tap,bgm_main,false,false,false,,false,false,false,false,false,false,TAP TO LAUNCH · GRAVITY CURVES THE PROBE · HIT THE STAR,11,55,true,false,,,true,true,true,true,true,59,20/10/10/4/10/5,0,game.feedback.good/bad で行動の正否を提示する; キャラ/モチーフを game.draw.sprite で描く; 背景に game.draw.gradient を使う(黒一色回避)
447,447-chain-reaction.js,chain-reaction,9,連鎖爆発,たった1発のタップで球を爆発させ、爆風が次々に球へ連鎖する大連鎖を狙う,球を1つタップして起爆（爆風に触れた球も連鎖爆発する）,8連鎖 以上を2回  失敗: 3回 届かず or 20秒,140,,,timing_one_shot,high,override,20,2,2,1800,3,se_failure se_success se_tap,bgm_main,false,false,false,,false,false,false,false,false,false,TAP ONE BALL · THE BLAST CHAINS · GO FOR 8+,20,43,true,false,,,true,true,true,true,true,69,20/10/15/4/15/5,0,game.feedback.good/bad で行動の正否を提示する; キャラ/モチーフを game.draw.sprite で描く; 背景に game.draw.gradient を使う(黒一色回避)
448,448-wire-connect.js,wire-connect,2,配線パズル,回路の断線（「!」マーク）をタップで繋ぎ、電源から出口まで電流を通す,断線したタイル（!）をすべてタップして回路を復旧（通常タイルを叩くとミス）,2回路 復旧  失敗: 3ミス or 25秒,217,,,connect,high,override,25,2,2,1800,3,se_failure se_success se_tap,bgm_main,false,false,false,,false,false,false,false,false,false,TAP THE BROKEN TILES (!) TO RESTORE THE CIRCUIT,16,47,true,false,,,true,true,true,true,true,64,20/10/15/4/10/5,0,game.feedback.good/bad で行動の正否を提示する; キャラ/モチーフを game.draw.sprite で描く; 背景に game.draw.gradient を使う(黒一色回避)
449,449-color-wave.js,color-wave,4,カラーウェーブ,流れ落ちる色の波の色（＝方向）に合わせてスワイプする,波が示す矢印の向きへスワイプ（シアン=上/赤=下/緑=左/橙=右）,8回 的中  失敗: 3ミス or 15秒,159,,,dodge,high,override,15,8,2,1800,3,se_failure se_success se_tap,bgm_main,false,false,false,,false,false,false,false,false,false,SWIPE THE WAY THE WAVE POINTS,20,29,true,false,,,true,true,true,true,true,69,20/10/15/4/15/5,0,game.feedback.good/bad で行動の正否を提示する; キャラ/モチーフを game.draw.sprite で描く; 背景に game.draw.gradient を使う(黒一色回避)
450,450-bubble-sort.js,bubble-sort,2,バブルソート,隣り合う数字の泡をタップで入れ替えて昇順に並べる,隣接する2つの泡を続けてタップして入れ替え（離れた泡を選ぶとミス）,2列 完成  失敗: 3ミス or 25秒,164,,,drag_sort,high,override,25,2,2,1800,3,se_failure se_success se_tap,bgm_main,false,false,false,,false,false,false,false,false,false,TAP TWO ADJACENT BUBBLES TO SWAP · SORT LOW TO HIGH,11,51,true,false,,,true,true,true,true,true,64,20/10/15/4/10/5,0,game.feedback.good/bad で行動の正否を提示する; キャラ/モチーフを game.draw.sprite で描く; 背景に game.draw.gradient を使う(黒一色回避)
451,451-steer-ship.js,steer-ship,1,舵取り,うねる海流の中で船を左右に操舵し、ブイを通過して岩礁を避ける,左右スワイプで舵を切る（惰性あり）。オレンジのブイに船を重ねて通過,4個 のブイ通過  失敗: 3回 座礁 or 20秒,173,,,guide_path,high,override,20,4,1,1800,3,se_failure se_success se_tap,bgm_main,false,false,false,,false,false,false,false,false,false,SWIPE LEFT / RIGHT TO STEER · PASS THE BUOYS · DODGE ROCKS,12,58,true,false,,,true,true,true,true,true,64,20/10/10/4/15/5,0,game.feedback.good/bad で行動の正否を提示する; キャラ/モチーフを game.draw.sprite で描く; 背景に game.draw.gradient を使う(黒一色回避)
452,452-sniper-scope.js,sniper-scope,1,スナイパースコープ,揺れる暗視スコープを安定させ、動く標的を撃ち抜く,タップで照準を固定（LOCK）、もう一度タップで発射（FIRE）,3体 撃破  失敗: 3回 外す or 20秒,162,,,aim_shoot,high,override,20,3,2,1800,3,se_failure se_success se_tap,bgm_main,false,false,false,,false,false,false,false,false,false,TAP TO LOCK THE CROSSHAIR · TAP AGAIN TO FIRE,27,45,true,false,,,true,true,true,true,true,64,20/10/10/4/15/5,0,game.feedback.good/bad で行動の正否を提示する; キャラ/モチーフを game.draw.sprite で描く; 背景に game.draw.gradient を使う(黒一色回避)
453,453-beat-punch.js,beat-punch,1,ビートパンチ,ビートの瞬間にタップして敵にパンチを叩き込む格闘リズムゲーム,光る輪が中心に重なる瞬間にタップ（PERFECTで大ダメージ）,敵のHPを0に  失敗: 自分のHPが0 or 15秒,148,,,rhythm,high,override,15,,1,1800,3,se_failure se_success se_tap,bgm_main,false,false,false,,false,false,false,false,false,false,TAP ON THE BEAT · PERFECT HITS DEAL BIG DAMAGE,16,46,true,false,,,true,true,true,true,true,69,20/10/15/4/15/5,0,game.feedback.good/bad で行動の正否を提示する; キャラ/モチーフを game.draw.sprite で描く; 背景に game.draw.gradient を使う(黒一色回避)
454,454-lava-jump.js,lava-jump,3,溶岩ジャンプ,上昇する溶岩から逃げ、自動で跳ねる主人公を左右に操ってプラットフォームを登る,画面の左半分/右半分をタップで着地時に左右へ移動（接地すると自動ジャンプ）,高さ600m 到達  失敗: 溶岩に飲まれる or 20秒,161,,,camera_climb,high,override,20,,1,1800,3,se_failure se_success se_tap,bgm_main,false,false,false,,false,false,false,false,false,false,TAP LEFT / RIGHT TO STEER · AUTO-JUMP · CLIMB AWAY FROM THE LAVA,10,64,true,false,,,true,true,true,true,true,69,20/10/15/4/15/5,0,game.feedback.good/bad で行動の正否を提示する; キャラ/モチーフを game.draw.sprite で描く; 背景に game.draw.gradient を使う(黒一色回避)
455,455-antennae-match.js,antennae-match,1,アンテナ合わせ,電波塔と同じ角度に自分のアンテナを回して電波を受信する,画面の左半分/右半分タップでアンテナを左右に回転。角度が合ったら保持,4回 受信  失敗: 3回 外す or 20秒,156,,,rotate_gesture,high,override,20,4,2,1800,3,se_failure se_success se_tap,bgm_main,false,false,false,,false,false,false,false,false,false,TAP LEFT / RIGHT TO ROTATE · HOLD THE MATCHING ANGLE,11,52,true,false,,,true,true,true,true,true,64,20/10/10/4/15/5,0,game.feedback.good/bad で行動の正否を提示する; キャラ/モチーフを game.draw.sprite で描く; 背景に game.draw.gradient を使う(黒一色回避)
456,456-domino-fall.js,domino-fall,3,ドミノ倒し,並んだドミノの先頭をタップして押し倒し、最後まで連鎖させる,タップで先頭のドミノを倒す（間隔が空きすぎると連鎖が止まる）,2列 完全連鎖  失敗: 3回 連鎖ストップ or 20秒,163,,,timing_one_shot,high,override,20,2,1,1800,3,se_failure se_success se_tap,bgm_main,false,false,false,,false,false,false,false,false,false,TAP TO TOPPLE THE FIRST DOMINO · KEEP THE CHAIN GOING,19,53,true,false,,,true,true,true,true,true,64,20/10/15/4/10/5,0,game.feedback.good/bad で行動の正否を提示する; キャラ/モチーフを game.draw.sprite で描く; 背景に game.draw.gradient を使う(黒一色回避)
457,457-shadow-puppet.js,shadow-puppet,5,影絵合わせ,スクリーンに映るシルエットと同じポーズを、スワイプで作って再現する,上/下=左腕を上下、左=右腕を上げる、右=足の開閉。お手本と同じ形で保持,3ポーズ 再現  失敗: 25秒 タイムアップ,172,,,judge,high,override,25,3,1,1800,3,se_failure se_success se_tap,bgm_main,false,false,false,,false,false,false,false,false,false,SWIPE TO POSE · MATCH THE SILHOUETTE · UP/DN L-ARM · LEFT R-ARM · RIGHT LEGS,23,76,true,false,,,true,true,true,true,true,64,20/10/15/4/10/5,0,game.feedback.good/bad で行動の正否を提示する; キャラ/モチーフを game.draw.sprite で描く; 背景に game.draw.gradient を使う(黒一色回避)
458,458-laser-mirror.js,laser-mirror,1,レーザーミラー,盤上のミラーをタップで45度回し、レーザーを受信機まで導く,ミラーをタップして「/」と「\」を切り替え、光路を受信機へ通す,2面 クリア  失敗: 30秒 タイムアップ,186,,,connect,high,override,30,2,1,1800,3,se_failure se_success se_tap,bgm_main,false,false,false,,false,false,false,false,false,false,TAP MIRRORS TO ROTATE · GUIDE THE BEAM TO THE RECEIVER,19,54,true,false,,,true,true,true,true,true,74,20/10/15/9/15/5,0,game.feedback.good/bad で行動の正否を提示する; キャラ/モチーフを game.draw.sprite で描く; 背景に game.draw.gradient を使う(黒一色回避)
459,459-number-sprint.js,number-sprint,1,数字スプリント,散らばった数字を1から順番に素早くタップして全消し,1→2→3…と順にタップ（時間切れになると1回ミス）,2列 完走  失敗: 3回 時間切れ or 25秒,161,,,spot,high,override,25,2,2,1800,3,se_failure se_success se_tap,bgm_main,false,false,false,,false,false,false,false,false,false,TAP THE NUMBERS 1 TO 9 IN ORDER · BEAT THE CLOCK,11,48,true,false,,,true,true,true,true,true,69,20/10/15/4/15/5,0,game.feedback.good/bad で行動の正否を提示する; キャラ/モチーフを game.draw.sprite で描く; 背景に game.draw.gradient を使う(黒一色回避)
460,460-clock-stop.js,clock-stop,1,時計停止,ぐるぐる回る秒針が12時ちょうどを指した瞬間にタップして止める,タップで秒針を止める（真上=12時にぴったり合わせる）,3回 成功  失敗: 3回 ミス or 20秒,146,,,timing_one_shot,high,override,20,3,2,1800,3,se_failure se_success se_tap,bgm_main,false,false,false,,false,false,false,false,false,false,TAP WHEN THE SECOND HAND POINTS STRAIGHT UP AT 12,13,49,true,false,,,true,true,true,true,true,64,20/10/10/4/15/5,0,game.feedback.good/bad で行動の正否を提示する; キャラ/モチーフを game.draw.sprite で描く; 背景に game.draw.gradient を使う(黒一色回避)
461,461-meteor-catch.js,meteor-catch,1,隕石キャッチ,落下する隕石の軌道を読み、下部タップでバケツを置いて受け止める,画面下部をタップしてバケツの位置を決める（隕石が入れば成功）,6個 キャッチ  失敗: 3個 落下 or 15秒,148,,,drag_follow,high,override,15,6,2,1800,3,se_failure se_success se_tap,bgm_main,false,false,false,,false,false,false,false,false,false,TAP THE LOWER AREA TO POSITION THE BUCKET,11,41,true,false,,,true,true,true,true,true,64,20/10/15/4/10/5,0,game.feedback.good/bad で行動の正否を提示する; キャラ/モチーフを game.draw.sprite で描く; 背景に game.draw.gradient を使う(黒一色回避)
462,462-stack-overflow.js,stack-overflow,2,スタックオーバーフロー,積み上がるデータブロックを、溢れる前にスワイプで列ごと削除,上下スワイプ=最も高い列を削除、左右スワイプ=左端/右端の列を削除,30ブロック 処理  失敗: どれかの列が満杯 or 20秒,161,,,stack,high,override,20,30,1,1800,3,se_failure se_success se_tap,bgm_main,false,false,false,,false,false,false,false,false,false,SWIPE UP/DN CLEARS TALLEST · LEFT/RIGHT CLEARS EDGE COLUMN,20,58,true,false,,,true,true,true,true,true,64,20/10/15/4/10/5,0,game.feedback.good/bad で行動の正否を提示する; キャラ/モチーフを game.draw.sprite で描く; 背景に game.draw.gradient を使う(黒一色回避)
463,463-gravity-flip.js,gravity-flip,12,重力反転,タップで重力の上下を切り替え、迫る壁の隙間を通り抜けて進む,タップで重力を反転（上下の壁や障害物に当たると失敗）,500m 到達  失敗: 壁に激突 or 20秒,151,,,camera_run,high,override,20,,1,1800,3,se_failure se_success se_tap,bgm_main,false,false,false,,false,false,false,false,false,false,TAP TO FLIP GRAVITY · THREAD THE GAPS,10,37,true,false,,,true,true,true,true,true,64,20/10/10/4/15/5,0,game.feedback.good/bad で行動の正否を提示する; キャラ/モチーフを game.draw.sprite で描く; 背景に game.draw.gradient を使う(黒一色回避)
464,464-word-chain.js,word-chain,2,しりとり連鎖,表示された単語の「最後の文字」を3択から選び、しりとりを繋ぐ,3つのボタンから正しい末尾の文字（かな）をタップ,5回 正解  失敗: 3ミス or 20秒,163,,,judge,high,override,20,5,2,1800,3,se_failure se_success se_tap,bgm_main,false,false,false,,false,false,false,false,false,false,PICK THE LAST KANA OF THE WORD,25,30,true,false,,,true,true,true,true,true,64,20/10/15/4/10/5,0,game.feedback.good/bad で行動の正否を提示する; キャラ/モチーフを game.draw.sprite で描く; 背景に game.draw.gradient を使う(黒一色回避)
465,465-pinball-tap.js,pinball-tap,3,ピンボールタップ,落ちてくるボールをフリッパーで打ち返し、バンパーに当てて得点する,画面左タップ=左フリッパー、右タップ=右フリッパー（ボールを落とさない）,8点 獲得  失敗: 3回 落下 or 20秒,161,,,timing_one_shot,high,override,20,8,2,1800,3,se_failure se_success se_tap,bgm_main,false,false,false,,false,false,false,false,false,false,TAP LEFT / RIGHT TO FIRE THE FLIPPERS · HIT THE BUMPERS,10,55,true,false,,,true,true,true,true,true,69,20/10/15/4/15/5,0,game.feedback.good/bad で行動の正否を提示する; キャラ/モチーフを game.draw.sprite で描く; 背景に game.draw.gradient を使う(黒一色回避)
466,466-reel-stop.js,reel-stop,1,リール停止,スロットの3本のリールを1本ずつタップで止め、同じ絵柄を揃える,タップで回転中のリールを左から順に止める（3つ揃えば当たり）,2回 揃える  失敗: 3回 外す or 20秒,159,,,timing_one_shot,high,override,20,2,2,1800,3,se_failure se_success se_tap,bgm_main,false,false,false,,false,false,false,false,false,false,TAP TO STOP EACH REEL · LINE UP 3 MATCHING SYMBOLS,19,50,true,false,,,true,true,true,true,true,64,20/10/15/4/10/5,0,game.feedback.good/bad で行動の正否を提示する; キャラ/モチーフを game.draw.sprite で描く; 背景に game.draw.gradient を使う(黒一色回避)
467,467-pipe-dream.js,pipe-dream,1,パイプドリーム,与えられるパイプを置いて水路をつなぎ、水を右端まで流す,盤面タップで次のパイプを配置（水が行き止まると溢れて失敗）,10マス 流す  失敗: 水が溢れる or 25秒,177,,,connect,high,override,25,10,1,1800,3,se_failure se_success se_tap,bgm_main,false,false,false,,false,false,false,false,false,false,TAP CELLS TO PLACE PIPES · KEEP THE WATER FLOWING,43,49,true,false,,,true,true,true,true,true,69,20/10/15/4/15/5,0,game.feedback.good/bad で行動の正否を提示する; キャラ/モチーフを game.draw.sprite で描く; 背景に game.draw.gradient を使う(黒一色回避)
468,468-typing-rain.js,typing-rain,1,タイピング雨,降ってくる文字を、色（＝方向）に合わせてスワイプで打ち返す,文字の色に対応した向きへスワイプ（上=あ行 下=か行 左=さ行 右=た行）,8文字 処理  失敗: 3個 取りこぼし or 15秒,146,,,swipe_direction,high,override,15,8,2,1800,3,se_failure se_success se_tap,bgm_main,false,false,false,,false,false,false,false,false,false,SWIPE THE WAY THE FALLING LETTER GLOWS,17,38,true,false,,,true,true,true,true,true,69,20/10/15/4/15/5,0,game.feedback.good/bad で行動の正否を提示する; キャラ/モチーフを game.draw.sprite で描く; 背景に game.draw.gradient を使う(黒一色回避)
469,469-earthquake-balance.js,earthquake-balance,1,地震バランス,地震で揺れる台を左右タップで傾け、上の荷物を落とさず耐える,画面左タップ=左に傾ける、右タップ=右に傾ける（重心を保つ）,10秒 持ちこたえる  失敗: 3個 落下 or 20秒,158,,,balance,high,override,20,,2,1800,3,se_failure se_success se_tap,bgm_main,false,false,false,,false,false,false,false,false,false,TAP LEFT / RIGHT TO TILT THE PLATFORM · DON\,13,61,true,false,,,true,true,true,true,true,69,20/10/15/4/15/5,0,game.feedback.good/bad で行動の正否を提示する; キャラ/モチーフを game.draw.sprite で描く; 背景に game.draw.gradient を使う(黒一色回避)
470,470-firefly-catch.js,firefly-catch,4,ホタル捕獲,暗闇でほんの一瞬だけ光るホタルを、光っている間にタップして捕まえる,光った瞬間のホタルをタップ（光っていない間は捕まえられない）,6匹 捕獲  失敗: 3匹 逃がす or 15秒,141,,,chase,high,override,15,6,2,1800,3,se_failure se_success se_tap,bgm_main,false,false,false,,false,false,false,false,false,false,TAP THE FIREFLIES ONLY WHILE THEY GLOW,10,38,true,false,,,true,true,true,true,true,69,20/10/15/4/15/5,0,game.feedback.good/bad で行動の正否を提示する; キャラ/モチーフを game.draw.sprite で描く; 背景に game.draw.gradient を使う(黒一色回避)
471,471-speed-typer.js,speed-typer,1,残像タイパー,一瞬表示される数字の配置を記憶し、消えた後に1→2→…の順でタップ,記憶した位置を 1 から順にタップ（順番を間違えるとミス）,3ラウンド クリア  失敗: 3ミス or 25秒,158,,,memory_sequence,high,override,25,3,2,1800,3,se_failure se_success se_tap,bgm_main,false,false,false,,false,false,false,false,false,false,MEMORIZE THE GRID · THEN TAP 1 TO 9 IN ORDER,21,44,true,false,,,true,true,true,true,true,69,20/10/15/4/15/5,0,game.feedback.good/bad で行動の正否を提示する; キャラ/モチーフを game.draw.sprite で描く; 背景に game.draw.gradient を使う(黒一色回避)
472,472-thread-needle.js,thread-needle,2,糸通し,左右に揺れ動く針穴のタイミングに合わせ、タップで糸を送り込んで通す,穴が中央に来た瞬間にタップして糸を前進させる（針の胴に当たると失敗）,3回 通す  失敗: 3回 外す or 20秒,162,,,gap_fit,high,override,20,3,2,1800,3,se_failure se_success se_tap,bgm_main,false,false,false,,false,false,false,false,false,false,TAP WHEN THE EYE LINES UP WITH THE CENTER,14,41,true,false,,,true,true,true,true,true,64,20/10/10/4/15/5,0,game.feedback.good/bad で行動の正否を提示する; キャラ/モチーフを game.draw.sprite で描く; 背景に game.draw.gradient を使う(黒一色回避)
473,473-sand-timer.js,sand-timer,6,砂時計反転,砂が上のチェンバーから落ちきる前にタップで反転させ、時間を稼ぎ続ける,タップで砂時計を反転（上の砂が空になると失敗）,10秒 耐える  失敗: 砂が落ちきる or 15秒,145,,,timing_one_shot,high,override,15,,1,1800,3,se_failure se_success se_tap,bgm_main,false,false,false,,false,false,false,false,false,false,TAP TO FLIP BEFORE THE TOP RUNS DRY,11,35,true,false,,,true,true,true,true,true,69,20/10/15/4/15/5,0,game.feedback.good/bad で行動の正否を提示する; キャラ/モチーフを game.draw.sprite で描く; 背景に game.draw.gradient を使う(黒一色回避)
474,474-fruit-slicer.js,fruit-slicer,1,フルーツスライサー,スワイプで飛んでくるフルーツを切り、爆弾（黒）は切らずに避ける,フルーツをスワイプでスライス（爆弾を切る or 取りこぼすとペナルティ）,8個 スライス  失敗: 爆弾3回 or 3個 逃す or 15秒,155,,,slice,high,override,15,8,2,1800,3,se_failure se_success se_tap,bgm_main,false,false,false,,false,false,false,false,false,false,SWIPE TO SLICE FRUIT · DO NOT CUT THE BLACK BOMBS,10,49,true,false,,,true,true,true,true,true,64,20/10/10/4/15/5,0,game.feedback.good/bad で行動の正否を提示する; キャラ/モチーフを game.draw.sprite で描く; 背景に game.draw.gradient を使う(黒一色回避)
475,475-train-switch.js,train-switch,1,列車の分岐,分岐スイッチをタップで切り替え、列車を色の合うホームへ導く,3つのスイッチ（丸）をタップして進路を切替（色違いのホームに入ると脱線）,5本 正しく到着  失敗: 3本 脱線 or 25秒,157,,,guide_path,high,override,25,5,1,1800,3,se_failure se_success se_tap,bgm_main,false,false,false,,false,false,false,false,false,false,TAP THE SWITCHES TO ROUTE EACH TRAIN TO ITS COLOR,10,49,true,false,,,true,true,true,true,true,69,20/10/15/4/15/5,0,game.feedback.good/bad で行動の正否を提示する; キャラ/モチーフを game.draw.sprite で描く; 背景に game.draw.gradient を使う(黒一色回避)
476,476-ink-spread.js,ink-spread,3,インク広がり,タップで落としたネオンインクが四方へ滲み広がる。制限時間内に盤面を塗る,未塗りのマスをタップしてインクを落とす（複数落として素早く塗り広げる）,盤面の60%を塗る  失敗: 15秒 タイムアップ,147,,,judge,high,override,15,,1,1800,3,se_failure se_success se_tap,bgm_main,false,false,false,,false,false,false,false,false,false,TAP TO DROP INK · SPREAD IT ACROSS THE BOARD,11,44,true,false,,,true,true,true,true,true,69,20/10/15/4/15/5,0,game.feedback.good/bad で行動の正否を提示する; キャラ/モチーフを game.draw.sprite で描く; 背景に game.draw.gradient を使う(黒一色回避)
477,477-morse-tap.js,morse-tap,3,モールス符号,お手本の符号を見ながら、DOT/DASHボタンをタップして正しく打電する,画面左半分タップ=DOT(.)、右半分タップ=DASH(-)。文字数分だけ入力すると自動判定,4文字 送信  失敗: 3ミス or 20秒,142,,,judge,high,override,20,4,2,1800,3,se_failure se_success se_tap,bgm_main,false,false,false,,false,false,false,false,false,false,LEFT = DOT (.)   RIGHT = DASH (-)   MATCH THE CODE,26,50,true,false,,,true,true,true,true,true,69,20/10/15/4/15/5,0,game.feedback.good/bad で行動の正否を提示する; キャラ/モチーフを game.draw.sprite で描く; 背景に game.draw.gradient を使う(黒一色回避)
478,478-orbit-catch.js,orbit-catch,7,軌道キャッチ,惑星の周回軌道を回るボールを、タップの磁力で引き寄せて捕獲する,ボールの近くをタップして磁力を発動（引き寄せてキャッチ）,8個 キャッチ  失敗: 3個 逃す or 15秒,147,,,timing_one_shot,high,override,15,8,2,1800,3,se_failure se_success se_tap,bgm_main,false,false,false,,false,false,false,false,false,false,TAP NEAR AN ORBITING BALL TO MAGNET IT IN,10,41,true,false,,,true,true,true,true,true,64,20/10/10/4/15/5,0,game.feedback.good/bad で行動の正否を提示する; キャラ/モチーフを game.draw.sprite で描く; 背景に game.draw.gradient を使う(黒一色回避)
479,479-crystal-growth.js,crystal-growth,1,結晶成長,スワイプした向きへ結晶を一斉に伸ばし、盤上の宝石を取り込んでいく,上下左右スワイプで結晶を成長（岩ブロックは通れない・手数に限りあり）,6個 の宝石を取り込む  失敗: 15手 使い切る or 25秒,157,,,guide_path,high,override,25,6,2,1800,3,se_failure se_success se_tap,bgm_main,false,false,false,,false,false,false,false,false,false,SWIPE TO GROW THE CRYSTAL · ABSORB THE GEMS,15,43,true,false,,,true,true,true,true,true,62,13/10/15/4/15/5,0,game.feedback.good/bad で行動の正否を提示する; 全入力ハンドラで即時フィードバック(feedback/fx/audio)を返す; キャラ/モチーフを game.draw.sprite で描く
480,480-voltage-surge.js,voltage-surge,5,電圧サージ,急上昇する電圧計が安全ゾーン（緑）に入った瞬間、指示された向きへスワイプして放電,針が緑ゾーンにある間に、表示された矢印の向きへスワイプ（早すぎ/過負荷は失敗）,5回 放電  失敗: 3回 爆発 or 20秒,152,,,count_exact,high,override,20,5,2,1800,3,se_failure se_success se_tap,bgm_main,false,false,false,,false,false,false,false,false,false,SWIPE THE ARROW WHILE THE NEEDLE IS IN THE GREEN ZONE,22,53,true,false,,,true,true,true,true,true,69,20/10/15/4/15/5,0,game.feedback.good/bad で行動の正否を提示する; キャラ/モチーフを game.draw.sprite で描く; 背景に game.draw.gradient を使う(黒一色回避)
481,481-rhythm-drums.js,rhythm-drums,1,リズムドラム,ビートに合わせて光る4つのドラムを、消える前にタップで叩く音ゲー,光ったドラムをタップ（光っていないドラムを叩く or 見逃すとミス）,10ヒット  失敗: 3ミス or 15秒,146,,,rhythm,high,override,15,10,2,1800,3,se_failure se_success se_tap,bgm_main,false,false,false,,false,false,false,false,false,false,TAP EACH DRUM WHILE IT GLOWS,10,28,true,false,,,true,true,true,true,true,69,20/10/15/4/15/5,0,game.feedback.good/bad で行動の正否を提示する; キャラ/モチーフを game.draw.sprite で描く; 背景に game.draw.gradient を使う(黒一色回避)
482,482-tile-flip.js,tile-flip,8,タイル反転,タップで十字状（上下左右）のタイルも一緒に反転させ、全タイルを同色に揃える,タイルをタップ（自分＋隣接4マスが反転）。手数内に全面を揃える,2面 クリア  失敗: 3回 手数切れ or 25秒,156,,,judge,high,override,25,2,1,1800,3,se_failure se_success se_tap,bgm_main,false,false,false,,false,false,false,false,false,false,TAP TO FLIP A TILE AND ITS 4 NEIGHBORS · MAKE ONE COLOR,11,55,true,false,,,true,true,true,true,true,69,20/10/15/4/15/5,0,game.feedback.good/bad で行動の正否を提示する; キャラ/モチーフを game.draw.sprite で描く; 背景に game.draw.gradient を使う(黒一色回避)
483,483-target-lock.js,target-lock,3,ターゲットロック,レーダー上を動き回る機影をタップして撃破する,動くターゲットを直接タップで撃破（画面外へ逃がすとミス）,6機 撃破  失敗: 3機 逃す or 15秒,158,,,aim_shoot,high,override,15,6,2,1800,3,se_failure se_success se_tap,bgm_main,false,false,false,,false,false,false,false,false,false,TAP THE MOVING BLIPS TO DESTROY THEM,10,36,true,false,,,true,true,true,true,true,69,20/10/15/4/15/5,0,game.feedback.good/bad で行動の正否を提示する; キャラ/モチーフを game.draw.sprite で描く; 背景に game.draw.gradient を使う(黒一色回避)
484,484-rope-cut.js,rope-cut,4,ロープカット,吊り下がった星のロープをスワイプで切り、左右に動く籠へ落とし込む,スワイプでロープを切断（星が落ちる）。籠で受け止める,5個 の星をキャッチ  失敗: 3個 落とす or 15秒,158,,,spot,high,override,15,5,2,1800,3,se_failure se_success se_tap,bgm_main,false,false,false,,false,false,false,false,false,false,SWIPE TO CUT THE ROPES · CATCH THE STARS IN THE BASKET,10,54,true,false,,,true,true,true,true,true,69,20/10/15/4/15/5,0,game.feedback.good/bad で行動の正否を提示する; キャラ/モチーフを game.draw.sprite で描く; 背景に game.draw.gradient を使う(黒一色回避)
485,485-lantern-float.js,lantern-float,1,ランタン浮遊,タップした場所へ漂うランタンを、迫るトゲ障害物から避けつつ高く昇らせる,昇らせたい方向をタップ（ランタンがそこへ引き寄せられる）。トゲに触れると爆発,高度500m 到達  失敗: 3回 爆発 or 20秒,160,,,guide_path,high,override,20,,1,1800,3,se_failure se_success se_tap,bgm_main,false,false,false,,false,false,false,false,false,false,TAP TO PULL THE LANTERN · DODGE THE SPIKES · RISE HIGH,10,54,true,false,,,true,true,true,true,true,69,20/10/15/4/15/5,0,game.feedback.good/bad で行動の正否を提示する; キャラ/モチーフを game.draw.sprite で描く; 背景に game.draw.gradient を使う(黒一色回避)
486,486-color-blend.js,color-blend,2,色調合,2色の絵の具の配合をスワイプで調整し、お手本の色を作り出す,左右スワイプで配合比を調整、上スワイプ or 下部タップで確定,4色 一致  失敗: 3ミス or 20秒,163,,,gap_fit,high,override,20,4,2,1800,3,se_failure se_success se_tap,bgm_main,false,false,false,,false,false,false,false,false,false,SWIPE L/R TO BLEND · SWIPE UP OR TAP LOW TO LOCK,18,48,true,false,,,true,true,true,true,true,74,20/10/15/9/15/5,0,game.feedback.good/bad で行動の正否を提示する; キャラ/モチーフを game.draw.sprite で描く; 背景に game.draw.gradient を使う(黒一色回避)
487,487-wave-surfer.js,wave-surfer,1,波乗りサーファー,押し寄せる波のクレストがサーファーに重なる瞬間、上スワイプでライドする,波の白い波頭が来たら上スワイプ（早すぎ/遅すぎると転落）,5回 ライド  失敗: 3回 転落 or 15秒,153,,,timing_one_shot,high,override,15,5,2,1800,3,se_failure se_success se_tap,bgm_main,false,false,false,,false,false,false,false,false,false,SWIPE UP WHEN THE FOAMY CREST REACHES THE SURFER,13,48,true,false,,,true,true,true,true,true,69,20/10/15/4/15/5,0,game.feedback.good/bad で行動の正否を提示する; キャラ/モチーフを game.draw.sprite で描く; 背景に game.draw.gradient を使う(黒一色回避)
488,488-puzzle-slide.js,puzzle-slide,1,スライドパズル,3x3の数字パネルを空きマスへずらし、1〜8を正しい順に並べる,空きマスに隣接したパネルをタップ（またはスワイプ）して移動,2面 完成  失敗: 30秒 タイムアップ,165,,,drag_sort,high,override,30,2,1,1800,3,se_failure se_success se_tap,bgm_main,false,false,false,,false,false,false,false,false,false,TAP A TILE NEXT TO THE GAP · ARRANGE 1 TO 8,23,43,true,false,,,true,true,true,true,true,62,13/10/15/4/15/5,0,game.feedback.good/bad で行動の正否を提示する; 全入力ハンドラで即時フィードバック(feedback/fx/audio)を返す; キャラ/モチーフを game.draw.sprite で描く
489,489-dodge-thunder.js,dodge-thunder,1,雷避け,空から落ちる雷を、左右スワイプ（またはタップ位置移動）で避け続ける,左右スワイプ or タップした位置へ移動。落雷の予兆線を見て逃げる,10秒 生き延びる  失敗: 3回 被雷 or 15秒,161,,,dodge,high,override,15,,1,1800,3,se_failure se_success se_tap,bgm_main,false,false,false,,false,false,false,false,false,false,SWIPE OR TAP TO MOVE · DODGE THE LIGHTNING,12,42,true,false,,,true,true,true,true,true,64,20/10/10/4/15/5,0,game.feedback.good/bad で行動の正否を提示する; キャラ/モチーフを game.draw.sprite で描く; 背景に game.draw.gradient を使う(黒一色回避)
490,490-tower-build.js,tower-build,1,タワービルド,左右に流れるブロックをタップで落とし、真下のブロックと重ねて高く積む,タップでブロックを落下（重なった部分だけ残る・完全に外すとミス）,8段 積む  失敗: 3回 全外し or 20秒,150,,,stack,high,override,20,,2,1800,3,se_failure se_success se_tap,bgm_main,false,false,false,,false,false,false,false,false,false,TAP TO DROP THE BLOCK · STACK IT ON THE ONE BELOW,10,49,true,false,,,true,true,true,true,true,69,20/10/15/4/15/5,0,game.feedback.good/bad で行動の正否を提示する; キャラ/モチーフを game.draw.sprite で描く; 背景に game.draw.gradient を使う(黒一色回避)
491,491-antenna-signal.js,antenna-signal,2,アンテナ信号,揺れ動く電波強度メーターを見て、ピーク（緑の閾値超え）でタップする,信号が最大付近に来た瞬間にタップ（弱い所で押すとミス）,5回 キャッチ  失敗: 3回 弱押し or 15秒,142,,,timing_one_shot,high,override,15,5,2,1800,3,se_failure se_success se_tap,bgm_main,false,false,false,,false,false,false,false,false,false,TAP WHEN THE SIGNAL PEAKS ABOVE THE GREEN LINE,15,46,true,false,,,true,true,true,true,true,69,20/10/15/4/15/5,0,game.feedback.good/bad で行動の正否を提示する; キャラ/モチーフを game.draw.sprite で描く; 背景に game.draw.gradient を使う(黒一色回避)
492,492-gem-match.js,gem-match,2,宝石マッチ,隣り合う宝石をスワイプ/タップで入れ替え、同色3つ以上を揃えて消す,宝石を2つ続けてタップ、または宝石をスワイプで隣と交換,15個 消す  失敗: 20秒 タイムアップ,166,,,pair_match,high,override,20,15,1,1800,3,se_failure se_success se_tap,bgm_main,false,false,false,,false,false,false,false,false,false,SWAP ADJACENT GEMS · LINE UP 3 OR MORE OF A COLOR,14,49,true,false,,,true,true,true,true,true,67,13/10/15/9/15/5,0,game.feedback.good/bad で行動の正否を提示する; 全入力ハンドラで即時フィードバック(feedback/fx/audio)を返す; キャラ/モチーフを game.draw.sprite で描く
493,493-bubble-pop.js,bubble-pop,8,バブルポップ,膨らみながら浮かぶシャボン玉を、最大サイズ付近でタップして割る,バブルが十分大きくなった瞬間にタップ（小さいうちは得点にならない）,6個 割る  失敗: 3個 逃す or 15秒,142,,,aim_shoot,high,override,15,6,2,1800,3,se_failure se_success se_tap,bgm_main,false,false,false,,false,false,false,false,false,false,TAP EACH BUBBLE WHEN IT SWELLS TO FULL SIZE,10,43,true,false,,,true,true,true,true,true,69,20/10/15/4/15/5,0,game.feedback.good/bad で行動の正否を提示する; キャラ/モチーフを game.draw.sprite で描く; 背景に game.draw.gradient を使う(黒一色回避)
494,494-mirror-match.js,mirror-match,2,ミラーマッチ,左のお手本パターンの「鏡像」を、右のグリッドにスワイプ/タップで再現する,右半分のマスをタップで塗り替え or スワイプでなぞって塗る（左右反転で一致させる）,3パターン 完成  失敗: 30秒 タイムアップ,151,,,judge,high,override,30,3,1,1800,3,se_failure se_success se_tap,bgm_main,false,false,false,,false,false,false,false,false,false,PAINT THE RIGHT GRID AS A MIRROR OF THE LEFT,12,44,true,false,,,true,true,true,true,true,67,13/10/15/9/15/5,0,game.feedback.good/bad で行動の正否を提示する; 全入力ハンドラで即時フィードバック(feedback/fx/audio)を返す; キャラ/モチーフを game.draw.sprite で描く
495,495-ice-slide.js,ice-slide,7,アイススライド,氷上を滑り出したら壁に当たるまで止まらない。穴を避けてゴールの星へ,スワイプ or タップで進む向きを指定（壁で停止・穴に落ちると失敗）,3ステージ クリア  失敗: 3回 落下 or 30秒,178,,,guide_path,high,override,30,3,1,1800,3,se_failure se_success se_tap,bgm_main,false,false,false,,false,false,false,false,false,false,SWIPE TO SLIDE UNTIL YOU HIT A WALL · REACH THE STAR,18,52,true,false,,,true,true,true,true,true,62,13/10/15/4/15/5,0,game.feedback.good/bad で行動の正否を提示する; 全入力ハンドラで即時フィードバック(feedback/fx/audio)を返す; キャラ/モチーフを game.draw.sprite で描く
496,496-chef-order.js,chef-order,1,シェフオーダー,順番に光る具材を記憶し、消えた後に同じ順でボタンをタップして注文を仕上げる,提示された順番どおりに具材ボタンをタップ（記憶ゲーム）,3オーダー 達成  失敗: 3ミス or 25秒,148,,,memory_sequence,high,override,25,3,2,1800,3,se_failure se_success se_tap,bgm_main,false,false,false,,false,false,false,false,false,false,WATCH THE ORDER · THEN TAP THE INGREDIENTS IN SEQUENCE,27,54,true,false,,,true,true,true,true,true,64,20/10/10/4/15/5,0,game.feedback.good/bad で行動の正否を提示する; キャラ/モチーフを game.draw.sprite で描く; 背景に game.draw.gradient を使う(黒一色回避)
497,497-coin-spin.js,coin-spin,2,コインスピン,くるくる回るコインが「表(H)」を向いた瞬間をタップして捕まえる,コインが表を向いた一瞬にタップ（裏で押す・見逃すとミス）,6回 表キャッチ  失敗: 3回 ミス or 15秒,144,,,timing_one_shot,high,override,15,6,2,1800,3,se_failure se_success se_tap,bgm_main,false,false,false,,false,false,false,false,false,false,TAP EACH COIN THE INSTANT IT FLIPS TO HEADS (H),14,47,true,false,,,true,true,true,true,true,69,20/10/15/4/15/5,0,game.feedback.good/bad で行動の正否を提示する; キャラ/モチーフを game.draw.sprite で描く; 背景に game.draw.gradient を使う(黒一色回避)
498,498-laser-bounce.js,laser-bounce,3,レーザーバウンス,中央ミラーの角度をスワイプ/タップで変え、反射光をターゲットに当て続ける,上スワイプ/上タップでミラーを反時計、下で時計に回す。ビームを的に固定して破壊,4基 破壊  失敗: 25秒 タイムアップ,160,,,connect,high,override,25,4,1,1800,3,se_failure se_success se_tap,bgm_main,false,false,false,,false,false,false,false,false,false,ROTATE THE MIRROR · HOLD THE BEAM ON THE TARGET,12,47,true,false,,,true,true,true,true,true,74,20/10/15/9/15/5,0,game.feedback.good/bad で行動の正否を提示する; キャラ/モチーフを game.draw.sprite で描く; 背景に game.draw.gradient を使う(黒一色回避)
499,499-number-crunch.js,number-crunch,1,ナンバークランチ,散らばった数字を大きい順に素早くタップして1セットを片付ける,大→小の順に数字をタップ（順番を間違えるとミス）,4セット 完成  失敗: 3ミス or 20秒,158,,,spot,high,override,20,4,3,1800,3,se_failure se_success se_tap,bgm_main,false,false,false,,false,false,false,false,false,false,TAP THE NUMBERS FROM HIGHEST TO LOWEST,12,38,true,false,,,true,true,true,true,true,69,20/10/15/4/15/5,0,game.feedback.good/bad で行動の正否を提示する; キャラ/モチーフを game.draw.sprite で描く; 背景に game.draw.gradient を使う(黒一色回避)
500,500-space-dock.js,space-dock,2,スペースドック,慣性で漂う宇宙船をスワイプ/タップで推進し、緑のポートへ低速で着岸する,スワイプで推進（上下左右）、タップした方向へ微調整。ゆっくり接触でドッキング成功,3回 ドッキング  失敗: 3回 クラッシュ or 25秒,155,,,guide_path,high,override,25,3,1,1800,3,se_failure se_success se_tap,bgm_main,false,false,false,,false,false,false,false,false,false,SWIPE TO THRUST · DOCK SLOWLY INTO THE GREEN PORT,18,49,true,false,,,true,true,true,true,true,69,20/10/15/4/15/5,0,game.feedback.good/bad で行動の正否を提示する; キャラ/モチーフを game.draw.sprite で描く; 背景に game.draw.gradient を使う(黒一色回避)
501,501-chain-reaction.js,chain-reaction,9,チェーンリアクション,たった1タップで爆発を起こし、爆風が球へ次々連鎖する大連鎖を狙う,好きな位置をタップして起爆（爆風に触れた球も連鎖爆発する）,累計20個 破壊  失敗: 3回 試行 or 20秒,145,,,timing_one_shot,high,override,20,20,1,1800,3,se_failure se_success se_tap,bgm_main,false,false,false,,false,false,false,false,false,false,TAP ANYWHERE TO IGNITE · THE BLAST CHAINS ACROSS THE BALLS,17,58,true,false,,,true,true,true,true,true,64,20/10/15/4/10/5,0,game.feedback.good/bad で行動の正否を提示する; キャラ/モチーフを game.draw.sprite で描く; 背景に game.draw.gradient を使う(黒一色回避)
502,502-balance-scale.js,balance-scale,3,バランス天秤,落ちてくる重りを左右どちらかの皿に投げ入れ、両皿を釣り合わせる,左右スワイプ（またはタップ位置）で重りを左皿/右皿へ。差が1以内で釣り合い,4回 釣り合わせる  失敗: 3回 傾きすぎ or 25秒,153,,,count_exact,high,override,25,4,2,1800,3,se_failure se_success se_tap,bgm_main,false,false,false,,false,false,false,false,false,false,DROP WEIGHTS LEFT / RIGHT · KEEP BOTH PANS EVEN,20,47,true,false,,,true,true,true,true,true,62,13/10/15/4/15/5,0,game.feedback.good/bad で行動の正否を提示する; 全入力ハンドラで即時フィードバック(feedback/fx/audio)を返す; キャラ/モチーフを game.draw.sprite で描く
503,503-pixel-paint.js,pixel-paint,7,ピクセルペイント,左のお手本ドット絵を見て、右のグリッドをなぞって同じ絵を塗る,右半分のマスをタップで塗り替え or スワイプでなぞって塗る（90%一致で完成）,2枚 完成  失敗: 30秒 タイムアップ,157,,,trace,high,override,30,2,1,1800,3,se_failure se_success se_tap,bgm_main,false,false,false,,false,false,false,false,false,false,PAINT THE RIGHT GRID TO MATCH THE MODEL (90%),12,45,true,false,,,true,true,true,true,true,67,13/10/15/9/15/5,0,game.feedback.good/bad で行動の正否を提示する; 全入力ハンドラで即時フィードバック(feedback/fx/audio)を返す; キャラ/モチーフを game.draw.sprite で描く
504,504-jump-rope.js,jump-rope,1,なわとび,回ってくる縄が足元を通る瞬間にタップでジャンプして跳び越える,縄が地面に来るタイミングでタップ（早すぎ/遅すぎると引っかかる）,8回 連続で跳ぶ  失敗: 3回 引っかかる or 15秒,137,,,timing_window,high,override,15,8,2,1800,3,se_failure se_success se_tap,bgm_main,false,false,false,,false,false,false,false,false,false,TAP TO JUMP JUST AS THE ROPE SWEEPS THE GROUND,12,46,true,false,,,true,true,true,true,true,69,20/10/15/4/15/5,0,game.feedback.good/bad で行動の正否を提示する; キャラ/モチーフを game.draw.sprite で描く; 背景に game.draw.gradient を使う(黒一色回避)
505,505-magnet-pull.js,magnet-pull,4,マグネットプル,タップした場所に磁場を発生させ、散らばる金属片を引き寄せて基地に回収する,タップで磁場を発動（近くの金属片が引き寄せられる）。緑の基地に触れると回収,8個 回収  失敗: 20秒 タイムアップ,139,,,guide_path,high,override,20,8,1,1800,3,se_failure se_success se_tap,bgm_main,false,false,false,,false,false,false,false,false,false,TAP TO PULSE A MAGNET FIELD · GATHER SCRAP TO THE BASE,11,54,true,false,,,true,true,true,true,true,69,20/10/15/9/10/5,0,game.feedback.good/bad で行動の正否を提示する; キャラ/モチーフを game.draw.sprite で描く; 背景に game.draw.gradient を使う(黒一色回避)
506,506-hoop-shot.js,hoop-shot,1,フープシュート,左右に揺れるバスケットゴールへ、スワイプの向きと強さでボールを投げ入れる,スワイプで投げる（向き＝方向、長さ＝強さ）。リングを通せば得点,4本 決める  失敗: 3本 外す or 20秒,143,,,flick_launch,high,override,20,4,2,1800,3,se_failure se_success se_tap,bgm_main,false,false,false,,false,false,false,false,false,false,SWIPE TO SHOOT · DIRECTION AND LENGTH = AIM AND POWER,13,53,true,false,,,true,true,true,true,true,64,20/10/15/4/10/5,0,game.feedback.good/bad で行動の正否を提示する; キャラ/モチーフを game.draw.sprite で描く; 背景に game.draw.gradient を使う(黒一色回避)
507,507-clock-hand.js,clock-hand,1,クロックハンド,ぐるぐる回る時計の針が、指定された時刻マーカーを指した瞬間にタップする,針が黄色いターゲットに重なった瞬間にタップ（ズレるとミス）,5回 的中  失敗: 3回 ミス or 20秒,142,,,timing_one_shot,high,override,20,5,2,1800,3,se_failure se_success se_tap,bgm_main,false,false,false,,false,false,false,false,false,false,TAP WHEN THE HAND POINTS AT THE YELLOW TARGET,14,45,true,false,,,true,true,true,true,true,64,20/10/10/4/15/5,0,game.feedback.good/bad で行動の正否を提示する; キャラ/モチーフを game.draw.sprite で描く; 背景に game.draw.gradient を使う(黒一色回避)
508,508-maze-runner.js,maze-runner,2,迷路ランナー,自動生成された迷路をスワイプで進み、光るゴールへ最短で脱出する,上下左右スワイプ（または隣マスタップ）で移動（壁は通れない）,2つ の迷路を脱出  失敗: 30秒 タイムアップ,166,,,guide_path,high,override,30,2,1,1800,3,se_failure se_success se_tap,bgm_main,false,false,false,,false,false,false,false,false,false,SWIPE TO MOVE THROUGH THE MAZE · REACH THE GOLD GOAL,13,52,true,false,,,true,true,true,true,true,62,13/10/15/4/15/5,0,game.feedback.good/bad で行動の正否を提示する; 全入力ハンドラで即時フィードバック(feedback/fx/audio)を返す; キャラ/モチーフを game.draw.sprite で描く
509,509-water-fill.js,water-fill,1,ウォーターフィル,上部タップで注ぎ、スワイプで傾けて排水し、水位を目標ラインに合わせる,画面上部タップで注水、左右スワイプで傾けて減らす、グラスをタップで確定,4回 ピタリと合わせる  失敗: 3回 あふれる or 20秒,141,,,gap_fit,high,override,20,4,2,1800,3,se_failure se_success se_tap,bgm_main,false,false,false,,false,false,false,false,false,false,TAP TOP TO POUR · SWIPE TO TILT & DRAIN · TAP GLASS TO LOCK,16,59,true,false,,,true,true,true,true,true,69,20/10/15/9/10/5,0,game.feedback.good/bad で行動の正否を提示する; キャラ/モチーフを game.draw.sprite で描く; 背景に game.draw.gradient を使う(黒一色回避)
510,510-domino-fall.js,domino-fall,3,ドミノ倒し,並んだドミノの先頭をタップで倒し、連鎖で最後まで倒しきる,タップで先頭ドミノを倒す（間隔が空きすぎると連鎖が途切れる）,2列 完全連鎖  失敗: 3回 連鎖ストップ or 20秒,152,,,timing_one_shot,high,override,20,2,1,1800,3,se_failure se_success se_tap,bgm_main,false,false,false,,false,false,false,false,false,false,TAP TO TOPPLE THE FIRST DOMINO · CHAIN THEM ALL DOWN,19,52,true,false,,,true,true,true,true,true,64,20/10/15/4/10/5,0,game.feedback.good/bad で行動の正否を提示する; キャラ/モチーフを game.draw.sprite で描く; 背景に game.draw.gradient を使う(黒一色回避)
511,511-arrow-dodge.js,arrow-dodge,1,アロードッジ,四方から飛んでくる矢を、スワイプ/タップで移動してかわし続ける,スワイプで素早く移動、またはタップした位置へ瞬間移動して回避,10秒 生き延びる  失敗: 3回 被弾 or 15秒,158,,,dodge,high,override,15,,2,1800,3,se_failure se_success se_tap,bgm_main,false,false,false,,false,false,false,false,false,false,SWIPE OR TAP TO MOVE · DODGE THE INCOMING ARROWS,13,48,true,false,,,true,true,true,true,true,69,20/10/15/4/15/5,0,game.feedback.good/bad で行動の正否を提示する; キャラ/モチーフを game.draw.sprite で描く; 背景に game.draw.gradient を使う(黒一色回避)
512,512-shape-sort.js,shape-sort,1,シェイプソート,落ちてくる図形を、同じ形の穴の上に左右スワイプで動かして落とし込む,左右スワイプ（またはタップ）で落下中の図形を同じ形の穴へ寄せる,8個 正しく仕分け  失敗: 3個 ミス or 15秒,153,,,gap_fit,high,override,15,8,2,1800,3,se_failure se_success se_tap,bgm_main,false,false,false,,false,false,false,false,false,false,SWIPE THE FALLING SHAPE OVER THE MATCHING HOLE,19,46,true,false,,,true,true,true,true,true,69,20/10/15/4/15/5,0,game.feedback.good/bad で行動の正否を提示する; キャラ/モチーフを game.draw.sprite で描く; 背景に game.draw.gradient を使う(黒一色回避)
513,513-penguin-slide.js,penguin-slide,1,ペンギンスライド,氷の坂を滑るペンギンを、上スワイプでジャンプ/下スワイプでしゃがませ障害物を避ける,上スワイプ/上半分タップ=ジャンプ（低い障害物）、下スワイプ/下半分タップ=しゃがむ（高い障害物）,300m 走破  失敗: 3回 衝突 or 20秒,144,,,camera_run,high,override,20,,1,1800,3,se_failure se_success se_tap,bgm_main,false,false,false,,false,false,false,false,false,false,SWIPE UP TO JUMP · SWIPE DOWN TO DUCK · DODGE OBSTACLES,12,55,true,false,,,true,true,true,true,true,62,13/10/15/4/15/5,0,game.feedback.good/bad で行動の正否を提示する; 全入力ハンドラで即時フィードバック(feedback/fx/audio)を返す; キャラ/モチーフを game.draw.sprite で描く
514,514-time-bomb.js,time-bomb,2,タイムボム,カウントダウン中の爆弾を、指示された順番でワイヤーボタンをタップして解除する,「CUT ORDER」の色の順にワイヤーボタンをタップ（順番を間違えると即爆発）,3個 解除  失敗: 1回でも誤爆 or 30秒,149,,,judge,high,override,30,3,1,1800,3,se_failure se_success se_tap,bgm_main,false,false,false,,false,false,false,false,false,false,CUT THE WIRES IN THE ORDER SHOWN · ONE MISTAKE AND BOOM,17,55,true,false,,,true,true,true,true,true,69,20/10/15/4/15/5,0,game.feedback.good/bad で行動の正否を提示する; キャラ/モチーフを game.draw.sprite で描く; 背景に game.draw.gradient を使う(黒一色回避)
515,515-meteor-shield.js,meteor-shield,6,メテオシールド,落ちてくる隕石の落下地点をタップしてシールドを張り、基地を守る,隕石が来る位置をタップしてシールドを展開（触れた隕石を弾く）,8個 防ぐ  失敗: 3個 通過 or 15秒,136,,,swipe_direction,high,override,15,8,2,1800,3,se_failure se_success se_tap,bgm_main,false,false,false,,false,false,false,false,false,false,TAP WHERE A METEOR FALLS TO RAISE A SHIELD,10,42,true,false,,,true,true,true,true,true,64,20/10/10/4/15/5,0,game.feedback.good/bad で行動の正否を提示する; キャラ/モチーフを game.draw.sprite で描く; 背景に game.draw.gradient を使う(黒一色回避)
516,516-grid-light.js,grid-light,1,グリッドライト,順番に点灯するセルを記憶し、消えた後に同じセルをタップして再現する,光ったセルを覚え、RECALLフェーズで同じセルをタップ（間違えるとミス）,3ラウンド クリア  失敗: 3ミス or 25秒,142,,,memory_sequence,high,override,25,3,2,1800,3,se_failure se_success se_tap,bgm_main,false,false,false,,false,false,false,false,false,false,MEMORIZE THE LIT CELLS · THEN TAP THEM ALL BACK,20,47,true,false,,,true,true,true,true,true,69,20/10/15/4/15/5,0,game.feedback.good/bad で行動の正否を提示する; キャラ/モチーフを game.draw.sprite で描く; 背景に game.draw.gradient を使う(黒一色回避)
517,517-color-blend.js,color-blend,2,カラーブレンド,5色の絵の具ボタンを混ぜて、お手本の色に近づけてから決定する,色ボタンをタップして混色、RESETでやり直し、SUBMITで判定,3色 一致  失敗: 3ミス or 25秒,137,,,gap_fit,high,override,25,3,2,1800,3,se_failure se_success se_tap,bgm_main,false,false,false,,false,false,false,false,false,false,TAP PAINTS TO MIX · RESET TO REDO · SUBMIT WHEN CLOSE,24,53,true,false,,,true,true,true,true,true,74,20/10/15/9/15/5,0,game.feedback.good/bad で行動の正否を提示する; キャラ/モチーフを game.draw.sprite で描く; 背景に game.draw.gradient を使う(黒一色回避)
518,518-spinning-top.js,spinning-top,1,スピニングトップ,回転力が落ちて傾きが増すコマを、タップで回し続けて倒さず維持する,傾きが大きくなる前にタップして回転を補充（傾き0.35〜0.55でタップするとPERFECT）,10秒 回し続ける  失敗: 倒れる or 15秒,142,,,balance,high,override,15,,1,1800,3,se_failure se_success se_tap,bgm_main,false,false,false,,false,false,false,false,false,false,TAP TO RE-SPIN BEFORE THE TOP TIPS OVER,12,39,true,false,,,true,true,true,true,true,69,20/10/15/4/15/5,0,game.feedback.good/bad で行動の正否を提示する; キャラ/モチーフを game.draw.sprite で描く; 背景に game.draw.gradient を使う(黒一色回避)
519,519-firefly-catch.js,firefly-catch,4,ホタル捕獲,暗闇でふわふわ舞うホタルが光った瞬間にタップして捕まえる,光っているホタルをタップ（暗い間は捕まえられない・逃がすとミス）,6匹 捕獲  失敗: 3匹 逃す or 15秒,131,,,chase,high,override,15,6,2,1800,3,se_failure se_success se_tap,bgm_main,false,false,false,,false,false,false,false,false,false,TAP EACH FIREFLY ONLY WHILE IT GLOWS,10,36,true,false,,,true,true,true,true,true,69,20/10/15/4/15/5,0,game.feedback.good/bad で行動の正否を提示する; キャラ/モチーフを game.draw.sprite で描く; 背景に game.draw.gradient を使う(黒一色回避)
520,520-beat-tap.js,beat-tap,2,ビートタップ,一定のリズムに合わせて、拍の瞬間ぴったりにタップする音ゲー,中央の輪が脈打つビートに合わせてタップ（ジャストでPERFECT）,8ビート 的中  失敗: 3ミス or 15秒,134,,,rhythm,high,override,15,8,2,1800,3,se_failure se_success se_tap,bgm_main,false,false,false,,false,false,false,false,false,false,TAP ON THE BEAT AS THE RING PULSES,15,34,true,false,,,true,true,true,true,true,69,20/10/15/4/15/5,0,game.feedback.good/bad で行動の正否を提示する; キャラ/モチーフを game.draw.sprite で描く; 背景に game.draw.gradient を使う(黒一色回避)
521,521-word-trace.js,word-trace,1,ワードトレース,光る点を順番になぞって、お手本の形をひと筆書きで完成させる,次に光る点をタップ or スワイプで通過して、形を最後までなぞる,3形 完成  失敗: 25秒 タイムアップ,144,,,trace,high,override,25,3,1,1800,3,se_failure se_success se_tap,bgm_main,false,false,false,,false,false,false,false,false,false,TOUCH EACH GLOWING DOT IN ORDER TO DRAW THE SHAPE,15,49,true,false,,,true,true,true,true,true,67,13/10/15/9/15/5,0,game.feedback.good/bad で行動の正否を提示する; 全入力ハンドラで即時フィードバック(feedback/fx/audio)を返す; キャラ/モチーフを game.draw.sprite で描く
522,522-gravity-flip.js,gravity-flip,12,グラビティフリップ,タップで重力を反転し、天井と床を行き来してコインを集めトゲを避ける,タップで重力を上下反転（壁の内側に激突 or トゲに触れるとダメージ）,8コイン 収集  失敗: 3回 衝突 or 15秒,142,,,camera_run,high,override,15,8,1,1800,3,se_failure se_success se_tap,bgm_main,false,false,false,,false,false,false,false,false,false,TAP TO FLIP GRAVITY · GRAB COINS · DODGE SPIKES,10,47,true,false,,,true,true,true,true,true,64,20/10/10/4/15/5,0,game.feedback.good/bad で行動の正否を提示する; キャラ/モチーフを game.draw.sprite で描く; 背景に game.draw.gradient を使う(黒一色回避)
523,523-plate-spin.js,plate-spin,1,プレートスピン,棒の上で傾く皿を、左右タップで棒を動かしてバランスを保ち落とさない,皿が傾いた側と同じ側をタップして支える（画面左タップ=左、右タップ=右）,10秒 維持  失敗: 皿が落ちる or 15秒,137,,,balance,high,override,15,,1,1800,3,se_failure se_success se_tap,bgm_main,false,false,false,,false,false,false,false,false,false,TAP THE SIDE THE PLATE LEANS TO · KEEP IT BALANCED,13,50,true,false,,,true,true,true,true,true,69,20/10/15/4/15/5,0,game.feedback.good/bad で行動の正否を提示する; キャラ/モチーフを game.draw.sprite で描く; 背景に game.draw.gradient を使う(黒一色回避)
524,524-signal-intercept.js,signal-intercept,1,シグナルインターセプト,流れ落ちるコード列の中から、指定パターンだけを素早くタップで抜き取る,上部に表示された TARGET パターンと一致するセルをタップ（違うセルを押すとミス）,6個 傍受  失敗: 3ミス or 15秒,140,,,spot,high,override,15,6,2,1800,3,se_failure se_success se_tap,bgm_main,false,false,false,,false,false,false,false,false,false,TAP ONLY THE CELLS MATCHING THE TARGET PATTERN,18,46,true,false,,,true,true,true,true,true,59,20/10/5/4/15/5,0,game.feedback.good/bad で行動の正否を提示する; キャラ/モチーフを game.draw.sprite で描く; 背景に game.draw.gradient を使う(黒一色回避)
525,525-air-hockey.js,air-hockey,1,エアホッケー,縦型コートで自陣のマレットをスワイプで操り、パックを相手ゴールへ叩き込む,自陣（下半分）をスワイプ/タップでマレットを動かしてパックを打つ,3点 先取  失敗: 相手が3点 or 25秒,140,,,push_out,high,override,25,3,1,1800,3,se_failure se_success se_tap,bgm_main,false,false,false,,false,false,false,false,false,false,SWIPE YOUR MALLET (LOWER HALF) TO STRIKE THE PUCK,10,49,true,false,,,true,true,false,true,true,74,20/10/15/9/15/5,0,game.feedback.good/bad で行動の正否を提示する; キャラ/モチーフを game.draw.sprite で描く; 背景に game.draw.gradient を使う(黒一色回避)
526,526-memory-path.js,memory-path,2,メモリパス,順番に光る道すじを記憶し、消えた後に同じ順序でセルをタップして再現する,光った経路を覚え、RECALLで先頭から順にセルをタップ（順番違いはミス）,3ラウンド クリア  失敗: 3ミス or 25秒,147,,,memory_sequence,high,override,25,3,2,1800,3,se_failure se_success se_tap,bgm_main,false,false,false,,false,false,false,false,false,false,WATCH THE GLOWING PATH · THEN TAP THE CELLS IN ORDER,25,52,true,false,,,true,true,true,true,true,69,20/10/15/4/15/5,0,game.feedback.good/bad で行動の正否を提示する; キャラ/モチーフを game.draw.sprite で描く; 背景に game.draw.gradient を使う(黒一色回避)
527,527-flood-fill.js,flood-fill,1,フラッドフィル,左上から広がる洪水を、パレットの色で塗り替えて全マス同色にする,下のカラーパレットをタップ、左上マスからその色が連結領域に広がる,6マス盤を規定手数以内に全マス同色  失敗: 手数超過 or 25秒,163,,,judge,high,override,25,,2,1800,3,se_failure se_success se_tap,bgm_main,false,false,false,,false,false,false,false,false,false,TAP A COLOR · FLOOD FROM TOP-LEFT · FILL THE WHOLE BOARD,12,56,true,false,,,true,true,true,true,true,69,20/10/15/4/15/5,0,game.feedback.good/bad で行動の正否を提示する; キャラ/モチーフを game.draw.sprite で描く; 背景に game.draw.gradient を使う(黒一色回避)
528,528-snake-rush.js,snake-rush,1,スネークラッシュ,加速する蛇をスワイプで操り、リンゴを食べて伸ばす。壁と自分に激突厳禁,スワイプで進行方向転換（画面4分割タップでも可）,リンゴ 8個 収集  失敗: 壁/自分に衝突 or 20秒,172,,,guide_path,high,override,20,8,1,1800,3,se_failure se_success se_tap,bgm_main,false,false,false,,false,false,false,false,false,false,SWIPE TO TURN · EAT APPLES · AVOID WALLS & YOURSELF,14,51,true,false,,,true,true,true,true,true,62,13/10/15/4/15/5,0,game.feedback.good/bad で行動の正否を提示する; 全入力ハンドラで即時フィードバック(feedback/fx/audio)を返す; キャラ/モチーフを game.draw.sprite で描く
529,529-bubble-level.js,bubble-level,3,バブルレベル,傾く水準器の気泡をタップで押し戻し、中央にキープし続ける,タップで気泡を押す（画面左タップ=右へ / 右タップ=左へ）中央に一定時間留めて得点,中央キープ 6回  失敗: 3回はみ出す or 20秒,162,,,balance,high,override,20,6,2,1800,3,se_failure se_success se_tap,bgm_main,false,false,false,,false,false,false,false,false,false,TAP TO NUDGE THE BUBBLE · HOLD IT IN THE CENTER,10,47,true,false,,,true,true,true,true,true,69,20/10/15/4/15/5,0,game.feedback.good/bad で行動の正否を提示する; キャラ/モチーフを game.draw.sprite で描く; 背景に game.draw.gradient を使う(黒一色回避)
530,530-safe-crack.js,safe-crack,2,金庫破り,ダイヤルをスワイプで回し、正しい数字でタップ確定。3桁そろえて解錠する,右スワイプ=時計回り / 左スワイプ=反時計回り / タップ=その数字で確定（±1許容）,金庫 2個 解錠  失敗: 3回ミス or 20秒,164,,,rotate_gesture,high,override,20,2,2,1800,3,se_failure se_success se_tap,bgm_main,false,false,false,,false,false,false,false,false,false,SWIPE TO SPIN THE DIAL · TAP TO LOCK IN EACH DIGIT,13,50,true,false,,,true,true,true,true,true,69,20/10/15/4/15/5,0,game.feedback.good/bad で行動の正否を提示する; キャラ/モチーフを game.draw.sprite で描く; 背景に game.draw.gradient を使う(黒一色回避)
531,531-pinball-tap.js,pinball-tap,3,ピンボールタップ,跳ね回るボールを下部フリッパーで打ち返し、ターゲットを壊す,画面左タップ=左フリッパー / 右タップ=右フリッパー,ターゲット 5個 破壊  失敗: 3回 ボール落下 or 20秒,170,,,timing_one_shot,high,override,20,5,2,1800,3,se_failure se_success se_tap,bgm_main,false,false,false,,false,false,false,false,false,false,TAP LEFT / RIGHT TO FLIP · SMASH THE TARGETS,10,44,true,false,,,true,true,true,true,true,69,20/10/15/4/15/5,0,game.feedback.good/bad で行動の正否を提示する; キャラ/モチーフを game.draw.sprite で描く; 背景に game.draw.gradient を使う(黒一色回避)
532,532-torch-relay.js,torch-relay,1,トーチリレー,炎を絶やさずにランナーへ渡し、全員をゴールまで運ぶ,タップで走者を加速＆炎を煽る / 右スワイプで次の走者へ炎を渡す（接近時）,走者 3人 全員ゴール  失敗: 炎が消える or 15秒,178,,,camera_run,high,override,15,3,1,1800,3,se_failure se_success se_tap,bgm_main,false,false,false,,false,false,false,false,false,false,TAP TO BOOST & FAN THE FLAME · SWIPE RIGHT TO PASS THE TORCH,15,60,true,false,,,true,true,true,true,true,69,20/10/15/4/15/5,0,game.feedback.good/bad で行動の正否を提示する; キャラ/モチーフを game.draw.sprite で描く; 背景に game.draw.gradient を使う(黒一色回避)
533,533-planet-orbit.js,planet-orbit,1,プラネットオービット,軌道を回る宇宙船を、タップで接線方向へ射出し次の惑星にキャッチさせる,タップで宇宙船を今の惑星から射出。別の惑星に触れると乗り換え成功、画面外に出るとミス,惑星 5個 到達  失敗: 3回ミス or 15秒,155,,,timing_one_shot,high,override,15,5,1,1800,3,se_failure se_success se_tap,bgm_main,false,false,false,,false,false,false,false,false,false,TAP TO LAUNCH THE SHIP · LAND ON THE NEXT PLANET,10,48,true,false,,,true,true,true,true,true,69,20/10/15/4/15/5,0,game.feedback.good/bad で行動の正否を提示する; キャラ/モチーフを game.draw.sprite で描く; 背景に game.draw.gradient を使う(黒一色回避)
534,534-typewriter.js,typewriter,2,タイプライター,指定された文字（かな）を素早く探してキーをタップし、原稿を打ち上げる,中央に光る指定文字を、下のかなキーボードから探してタップ（違うキーはミス）,8文字 正確入力  失敗: 3ミス or 20秒,160,,,judge,high,override,20,8,2,1800,3,se_failure se_success se_tap,bgm_main,false,false,false,,false,false,false,false,false,false,FIND THE GLOWING KANA ON THE KEYBOARD · TAP IT FAST,10,51,true,false,,,true,true,true,true,true,69,20/10/15/4/15/5,0,game.feedback.good/bad で行動の正否を提示する; キャラ/モチーフを game.draw.sprite で描く; 背景に game.draw.gradient を使う(黒一色回避)
535,535-chain-link.js,chain-link,1,チェーンリンク,隣り合う同色の球を、なぞってつなげて消す。3個以上でまとめて消滅,同色の球を連続タップ/スワイプでつなぐ → 空白タップ or 4個目タップで確定して消す,18個 消去  失敗: 20秒経過,162,,,connect,high,override,20,18,1,1800,3,se_failure se_success se_tap,bgm_main,false,false,false,,false,false,false,false,false,false,CONNECT 3+ SAME-COLOR ORBS · TAP EMPTY SPACE TO CLEAR,12,53,true,false,,,true,true,true,true,true,67,13/10/15/9/15/5,0,game.feedback.good/bad で行動の正否を提示する; 全入力ハンドラで即時フィードバック(feedback/fx/audio)を返す; キャラ/モチーフを game.draw.sprite で描く
536,536-sandstorm.js,sandstorm,1,サンドストーム,渦巻く砂粒を避けながら砂漠を横断し、右端のゴールへ走り抜ける,スワイプで移動 / タップでダッシュ（ダッシュ中は砂に当たらない・クールダウンあり）,ゴール 2回 到達  失敗: 3回 砂に巻き込まれる or 15秒,158,,,dodge,high,override,15,2,2,1800,3,se_failure se_success se_tap,bgm_main,false,false,false,,false,false,false,false,false,false,SWIPE TO MOVE · TAP TO DASH THROUGH THE SAND · REACH THE GOAL,16,61,true,false,,,true,true,true,true,true,69,20/10/15/4/15/5,0,game.feedback.good/bad で行動の正否を提示する; キャラ/モチーフを game.draw.sprite で描く; 背景に game.draw.gradient を使う(黒一色回避)
537,537-rhythm-fall.js,rhythm-fall,1,リズムフォール,4レーンを落ちてくるノートを、判定ラインでレーンをタップして叩く,画面を縦4分割、落ちるノートがラインに来た瞬間その列をタップ,12ヒット  失敗: 5ミス or 20秒,143,,,rhythm,high,override,20,12,2,1800,3,se_failure se_success se_tap,bgm_main,false,false,false,,false,false,false,false,false,false,TAP THE LANE WHEN ITS NOTE HITS THE JUDGE LINE,13,46,true,false,,,true,true,true,true,true,69,20/10/10/9/15/5,0,game.feedback.good/bad で行動の正否を提示する; キャラ/モチーフを game.draw.sprite で描く; 背景に game.draw.gradient を使う(黒一色回避)
538,538-tile-slide.js,tile-slide,2,タイルスライド,8パズル（3x3スライドパズル）を、空白の隣タイルをずらして揃える,空白マスに隣接するタイルをタップして滑り込ませる,パズル 1面 完成  失敗: 80手超過 or 30秒,153,,,drag_sort,high,override,30,1,3,1800,3,se_failure se_success se_tap,bgm_main,false,false,false,,false,false,false,false,false,false,TAP A TILE NEXT TO THE GAP TO SLIDE IT · ORDER 1-8,11,50,true,false,,,true,true,true,true,true,69,20/10/15/4/15/5,0,game.feedback.good/bad で行動の正否を提示する; キャラ/モチーフを game.draw.sprite で描く; 背景に game.draw.gradient を使う(黒一色回避)
539,539-voltage-spike.js,voltage-spike,3,ボルテージスパイク,監視波形が閾値を突き抜けて跳ね上がる瞬間だけをタップで検出する,電圧が閾値ライン（上）を超えて赤くスパイクしたらタップ。平常時に押すと誤検知,スパイク 6回 検出  失敗: 3回 見逃し/誤検知 or 18秒,148,,,balance,high,override,18,6,2,1800,3,se_failure se_success se_tap,bgm_main,false,false,false,,false,false,false,false,false,false,TAP ONLY WHEN THE WAVE SPIKES PAST THE THRESHOLD LINE,28,53,true,false,,,true,true,true,true,true,69,20/10/15/4/15/5,0,game.feedback.good/bad で行動の正否を提示する; キャラ/モチーフを game.draw.sprite で描く; 背景に game.draw.gradient を使う(黒一色回避)
540,540-basket-catch.js,basket-catch,1,バスケットキャッチ,落ちてくるボールを、左右に動くバスケットで受け止める,左右スワイプでバスケットを動かす（タップした位置へも寄せられる）紫は2点,8個 キャッチ  失敗: 3個 落球 or 18秒,149,,,drag_follow,high,override,18,8,2,1800,3,se_failure se_success se_tap,bgm_main,false,false,false,,false,false,false,false,false,false,SWIPE TO MOVE THE BASKET · CATCH FALLING BALLS · PURPLE = 2PT,12,61,true,false,,,true,true,true,true,true,69,20/10/15/4/15/5,0,game.feedback.good/bad で行動の正否を提示する; キャラ/モチーフを game.draw.sprite で描く; 背景に game.draw.gradient を使う(黒一色回避)
541,541-laser-bounce.js,laser-bounce,3,レーザーバウンス,盤上の鏡をタップで傾け、左から入るレーザーをターゲットへ導く,鏡（斜線）をタップして「＼」⇄「／」を切り替え、反射経路を作る,ターゲット 4回 命中  失敗: 25秒経過,161,,,connect,high,override,25,4,1,1800,3,se_failure se_success se_tap,bgm_main,false,false,false,,false,false,false,false,false,false,TAP MIRRORS TO ROTATE · GUIDE THE BEAM INTO THE TARGET,10,54,true,false,,,true,true,true,true,true,74,20/10/15/9/15/5,0,game.feedback.good/bad で行動の正否を提示する; キャラ/モチーフを game.draw.sprite で描く; 背景に game.draw.gradient を使う(黒一色回避)
542,542-mud-stomp.js,mud-stomp,1,マッドストンプ,穴から飛び出すモグラを、引っ込む前に素早くタップで叩く,顔を出したモグラをタップ（星付きの紫モグラは2点）,8匹 撃破  失敗: 3匹 逃がす or 18秒,161,,,chase,high,override,18,8,2,1800,3,se_failure se_success se_tap,bgm_main,false,false,false,,false,false,false,false,false,false,TAP THE MOLES BEFORE THEY DUCK BACK · STAR MOLE = 2PT,17,53,true,false,,,true,true,true,true,true,69,20/10/15/4/15/5,0,game.feedback.good/bad で行動の正否を提示する; キャラ/モチーフを game.draw.sprite で描く; 背景に game.draw.gradient を使う(黒一色回避)
543,543-eclipse-align.js,eclipse-align,1,エクリプスアライン,地球と月の公転速度をタップで切り替え、太陽と一直線に並べて日食を起こす,地球をタップで地球の速度切替、月をタップで月の速度切替（3天体が整列すると成功）,整列 3回  失敗: 25秒経過,148,,,timing_one_shot,high,override,25,3,1,1800,3,se_failure se_success se_tap,bgm_main,false,false,false,,false,false,false,false,false,false,TAP EARTH / MOON TO CHANGE THEIR ORBIT SPEED · LINE THEM UP,11,59,true,false,,,true,true,true,true,true,69,20/10/15/4/15/5,0,game.feedback.good/bad で行動の正否を提示する; キャラ/モチーフを game.draw.sprite で描く; 背景に game.draw.gradient を使う(黒一色回避)
544,544-domino-push.js,domino-push,2,ドミノプッシュ,先頭のドミノを倒し、連鎖が最後まで走るのを見届ける。隙間はタップで橋渡し,タップで連鎖開始。倒れていく途中、紫の隙間ドミノをタップして連鎖を繋ぐ,2ラウンド 完全連鎖  失敗: 3ラウンド 連鎖断絶 or 18秒,154,,,timing_one_shot,high,override,18,2,1,1800,3,se_failure se_success se_tap,bgm_main,false,false,false,,false,false,false,false,false,false,TAP TO START THE CHAIN · TAP PURPLE GAPS TO BRIDGE THEM,20,55,true,false,,,true,true,true,true,true,69,20/10/15/9/10/5,0,game.feedback.good/bad で行動の正否を提示する; キャラ/モチーフを game.draw.sprite で描く; 背景に game.draw.gradient を使う(黒一色回避)
545,545-pulse-catch.js,pulse-catch,1,パルスキャッチ,中心から拡大するリングが、白いターゲット円と重なる瞬間にタップで止める,広がるリングがターゲットサイズに来た瞬間タップ（誤差小=PERFECT / 大きく外すとMISS）,6回 キャッチ  失敗: 3回 外し or 18秒,140,,,timing_one_shot,high,override,18,6,2,1800,3,se_failure se_success se_tap,bgm_main,false,false,false,,false,false,false,false,false,false,TAP WHEN THE EXPANDING RING MATCHES THE TARGET CIRCLE,21,53,true,false,,,true,true,true,true,true,69,20/10/15/4/15/5,0,game.feedback.good/bad で行動の正否を提示する; キャラ/モチーフを game.draw.sprite で描く; 背景に game.draw.gradient を使う(黒一色回避)
546,546-ice-skater.js,ice-skater,1,アイススケーター,摩擦の少ない氷上をスワイプで滑らせ、旗を集める。壁への激突は厳禁,スワイプで加速（氷なので滑り続ける）/ タップした方向へも軽く押せる,旗 6本 収集  失敗: 壁に 3回 激突 or 18秒,158,,,guide_path,high,override,18,6,2,1800,3,se_failure se_success se_tap,bgm_main,false,false,false,,false,false,false,false,false,false,SWIPE TO GLIDE ON THE ICE · GRAB FLAGS · DODGE THE WALLS,14,56,true,false,,,true,true,true,true,true,69,20/10/15/4/15/5,0,game.feedback.good/bad で行動の正否を提示する; キャラ/モチーフを game.draw.sprite で描く; 背景に game.draw.gradient を使う(黒一色回避)
547,547-paper-fold.js,paper-fold,1,ペーパーフォールド,上部に示された折り順を覚え、その方向へ順番にスワイプして折り上げる,指示された矢印の方向へスワイプ（順番通りに折る、間違えるとエラー）,2ラウンド 完成  失敗: 3回 誤り or 18秒,161,,,memory_sequence,high,override,18,2,2,1800,3,se_failure se_success se_tap,bgm_main,false,false,false,,false,false,false,false,false,false,MEMORIZE THE FOLD ORDER · SWIPE EACH ARROW DIRECTION IN TURN,30,60,true,false,,,true,true,true,true,true,64,20/10/15/4/10/5,0,game.feedback.good/bad で行動の正否を提示する; キャラ/モチーフを game.draw.sprite で描く; 背景に game.draw.gradient を使う(黒一色回避)
548,548-neon-dash.js,neon-dash,2,ネオンダッシュ,3レーンを走るネオンランナー。スワイプでレーン変更、タップ/上スワイプでジャンプ,左右スワイプでレーン移動 / タップ・上スワイプでジャンプ（低い障害物は跳び越せる）,150m 走破  失敗: 3回 激突 or 18秒,162,,,camera_run,high,override,18,,1,1800,3,se_failure se_success se_tap,bgm_main,false,false,false,,false,false,false,false,false,false,SWIPE TO CHANGE LANE · TAP / SWIPE UP TO JUMP OVER LOW WALLS,13,60,true,false,,,true,true,true,true,true,69,20/10/15/4/15/5,0,game.feedback.good/bad で行動の正否を提示する; キャラ/モチーフを game.draw.sprite で描く; 背景に game.draw.gradient を使う(黒一色回避)
549,549-crystal-sort.js,crystal-sort,1,クリスタルソート,試験管間でクリスタルを移し替え、各試験管を同色でそろえる（水ソートパズル）,試験管をタップで選択 → 別の試験管をタップで上のクリスタルを移動（同色/空にのみ）,全試験管を同色にそろえる  失敗: 手詰まり or 30秒,155,,,drag_sort,high,override,30,,0,1800,3,se_failure se_success se_tap,bgm_main,false,false,false,,false,false,false,false,false,false,TAP A TUBE TO PICK · TAP ANOTHER TO POUR · MATCH EACH TUBE,12,58,true,false,,,true,true,true,true,true,69,20/10/15/4/15/5,0,game.feedback.good/bad で行動の正否を提示する; キャラ/モチーフを game.draw.sprite で描く; 背景に game.draw.gradient を使う(黒一色回避)
550,550-spring-jump.js,spring-jump,2,スプリングジャンプ,バネの溜めを調整してボールを打ち上げ、光るプラットフォームに着地させる,タップで溜め開始→もう一度タップで発射（溜め時間で高さ、狙いは自動で次の足場へ）,6回 着地  失敗: 3回 落下 or 18秒,155,,,mash,high,override,18,6,2,1800,3,se_failure se_success se_tap,bgm_main,false,false,false,,false,false,false,false,false,false,TAP TO CHARGE THE SPRING · TAP AGAIN TO LAUNCH ONTO THE PLATFORM,12,64,true,false,,,true,true,true,true,true,64,20/10/15/4/10/5,0,game.feedback.good/bad で行動の正否を提示する; キャラ/モチーフを game.draw.sprite で描く; 背景に game.draw.gradient を使う(黒一色回避)
551,551-wire-cross.js,wire-cross,2,ワイヤークロス,交差点に迫るショートを、指示（ON/OFF）通りに交差点をタップ切替して防ぐ,光る交差点をタップして接点を ON/OFF 切替。指示と一致した状態でタイマー0にすれば防止,6回 ショート防止  失敗: 3回 ショート or 18秒,162,,,judge,high,override,18,6,2,1800,3,se_failure se_success se_tap,bgm_main,false,false,false,,false,false,false,false,false,false,TAP JUNCTIONS TO MATCH ON/OFF · STOP THE SHORT BEFORE TIME RUNS OUT,12,67,true,false,,,true,true,true,true,true,69,20/10/15/4/15/5,0,game.feedback.good/bad で行動の正否を提示する; キャラ/モチーフを game.draw.sprite で描く; 背景に game.draw.gradient を使う(黒一色回避)
552,552-blob-merge.js,blob-merge,1,ブロブマージ,同色のブロブをタップで選んで合体させ、大きく育て切るとポップして消える,ブロブをタップで選択 → 同色の別ブロブをタップで合体（規定サイズ超でポップ＝1消去）,5回 ポップ消去  失敗: 画面がブロブで埋まる or 18秒,160,,,pair_match,high,override,18,5,2,1800,3,se_failure se_success se_tap,bgm_main,false,false,false,,false,false,false,false,false,false,TAP A BLOB THEN A SAME-COLOR BLOB TO MERGE · GROW IT TO POP,11,59,true,false,,,true,true,true,true,true,69,20/10/15/4/15/5,0,game.feedback.good/bad で行動の正否を提示する; キャラ/モチーフを game.draw.sprite で描く; 背景に game.draw.gradient を使う(黒一色回避)
553,553-gear-lock.js,gear-lock,1,ギアロック,回り続けるギアをタップで停止し、全ギアの歯を噛み合わせた状態でロックを解く,各ギアをタップして停止（もう一度で解除）。全ギア停止＆噛み合いが揃えばロック解除,ロック解除 3回  失敗: 20秒経過,175,,,timing_one_shot,high,override,20,3,1,1800,3,se_failure se_success se_tap,bgm_main,false,false,false,,false,false,false,false,false,false,TAP GEARS TO FREEZE THEM · MESH ALL FOUR TO RELEASE THE LOCK,12,60,true,false,,,true,true,true,true,true,64,20/10/15/4/10/5,0,game.feedback.good/bad で行動の正否を提示する; キャラ/モチーフを game.draw.sprite で描く; 背景に game.draw.gradient を使う(黒一色回避)
554,554-meteor-shield.js,meteor-shield,6,メテオシールド,惑星に降りそそぐ流星を、タップで展開するシールドで受け止め守り抜く,惑星の外側をタップするとその方向にシールドを展開（同時3枚・各2.5秒で消滅）,12秒 生き残る  失敗: 惑星に 3回 被弾,140,,,swipe_direction,high,override,12,,1,1800,3,se_failure se_success se_tap,bgm_main,false,false,false,,false,false,false,false,false,false,TAP AROUND THE PLANET TO RAISE SHIELDS · BLOCK THE METEORS,11,58,true,false,,,true,true,true,true,true,69,20/10/15/4/15/5,0,game.feedback.good/bad で行動の正否を提示する; キャラ/モチーフを game.draw.sprite で描く; 背景に game.draw.gradient を使う(黒一色回避)
555,555-dice-duel.js,dice-duel,1,ダイスデュエル,転がるサイコロをタップで止め、目標値に近い出目でCPUに勝つ,タップで自分のサイコロを止める（CPUは自動で止まる。目標に近い方が勝ち）,3勝 先取  失敗: CPUが3勝 or 20秒,149,,,timing_one_shot,high,override,20,,1,1800,3,se_failure se_success se_tap,bgm_main,false,false,false,,false,false,false,false,false,false,TAP TO STOP YOUR DIE · LAND CLOSEST TO THE TARGET TO WIN,26,56,true,false,,,true,true,true,true,true,74,20/10/15/9/15/5,0,game.feedback.good/bad で行動の正否を提示する; キャラ/モチーフを game.draw.sprite で描く; 背景に game.draw.gradient を使う(黒一色回避)
556,556-forest-fire.js,forest-fire,1,フォレストファイア,燃え広がる山火事を、タップで放水して消し止め、森を守り抜く,タップした場所（3x3）に放水して延焼を消火。制限時間まで森林を一定以上残せば成功,12秒 経過時に森林 30%以上  失敗: 森林が 20%未満に,152,,,chase,high,override,12,,0,1800,3,se_failure se_success se_tap,bgm_main,false,false,false,,false,false,false,false,false,false,TAP TO SPRAY WATER (3x3) · KEEP THE FOREST FROM BURNING DOWN,11,60,true,false,,,true,true,true,true,true,69,20/10/15/4/15/5,0,game.feedback.good/bad で行動の正否を提示する; キャラ/モチーフを game.draw.sprite で描く; 背景に game.draw.gradient を使う(黒一色回避)
557,557-antenna-boost.js,antenna-boost,1,アンテナブースト,揺らぐ信号強度を見て、閾値を超えて跳ね上がった瞬間にタップでブースト,信号バーが上のTAP ZONEに入った瞬間タップ（平常時に押すとミス）,ブースト 6回 成功  失敗: 3回 ミス or 18秒,140,,,timing_window,high,override,18,6,2,1800,3,se_failure se_success se_tap,bgm_main,false,false,false,,false,false,false,false,false,false,TAP WHEN THE SIGNAL SPIKES ABOVE THE TAP ZONE LINE,25,50,true,false,,,true,true,true,true,true,69,20/10/15/4/15/5,0,game.feedback.good/bad で行動の正否を提示する; キャラ/モチーフを game.draw.sprite で描く; 背景に game.draw.gradient を使う(黒一色回避)
558,558-coin-stack.js,coin-stack,2,コインスタック,左右に揺れるアームからタイミングよくコインを落とし、ずれずに積み上げる,タップでコインを落とす（真上あたりで落とすとまっすぐ乗る。ずれ過ぎると崩壊）,8枚 タワー完成  失敗: 3回 崩壊 or 20秒,145,,,stack,high,override,20,,2,1800,3,se_failure se_success se_tap,bgm_main,false,false,false,,false,false,false,false,false,false,TAP TO DROP A COIN FROM THE SWINGING ARM · STACK IT STRAIGHT,12,60,true,false,,,true,true,true,true,true,69,20/10/15/4/15/5,0,game.feedback.good/bad で行動の正否を提示する; キャラ/モチーフを game.draw.sprite で描く; 背景に game.draw.gradient を使う(黒一色回避)
559,559-radar-sweep.js,radar-sweep,1,レーダースイープ,回転ビームに照らされて浮かぶ光点を、消える前にタップで識別する,スイープが通過して現れた光点（ブリップ）をタップ。消えると見逃し,6目標 識別  失敗: 3回 見逃し or 18秒,149,,,spot,high,override,18,6,2,1800,3,se_failure se_success se_tap,bgm_main,false,false,false,,false,false,false,false,false,false,TAP THE BLIPS LIT BY THE SWEEP BEFORE THEY FADE OUT,14,51,true,false,,,true,true,true,true,true,69,20/10/15/4/15/5,0,game.feedback.good/bad で行動の正否を提示する; キャラ/モチーフを game.draw.sprite で描く; 背景に game.draw.gradient を使う(黒一色回避)
560,560-bouncy-wall.js,bouncy-wall,1,バウンシーウォール,壁で跳ね返るボールをスワイプで投げ、上部のターゲットを撃ち抜く,スワイプで投げる方向と強さを決める（タップした方向へも投げられる）壁で反射,ターゲット 6個 破壊  失敗: ボール 5球 使い切る or 18秒,155,,,trajectory,high,override,18,6,2,1800,3,se_failure se_success se_tap,bgm_main,false,false,false,,false,false,false,false,false,false,SWIPE TO THROW THE BALL · IT BOUNCES OFF WALLS · HIT TARGETS,11,60,true,false,,,true,true,true,true,true,52,13/10/10/4/10/5,0,game.feedback.good/bad で行動の正否を提示する; 全入力ハンドラで即時フィードバック(feedback/fx/audio)を返す; キャラ/モチーフを game.draw.sprite で描く
561,561-spark-chain.js,spark-chain,1,スパークチェーン,上端のスタートから下端のゴールまで、正しいノードを順にタップして回路を繋ぐ,スタート（橙）から隣接ノードを辿ってゴール（緑）へ。正解ルートと一致すればスパーク走行,ルート 3回 完成  失敗: 3回 誤配線 or 20秒,168,,,connect,high,override,20,3,2,1800,3,se_failure se_success se_tap,bgm_main,false,false,false,,false,false,false,false,false,false,TRACE FROM START (ORANGE) TO GOAL (GREEN) ALONG THE RIGHT ROUTE,16,63,true,false,,,true,true,true,true,true,69,20/10/15/4/15/5,0,game.feedback.good/bad で行動の正否を提示する; キャラ/モチーフを game.draw.sprite で描く; 背景に game.draw.gradient を使う(黒一色回避)
562,562-sumo-push.js,sumo-push,2,スモウプッシュ,土俵でスワイプして体当たりし、相手力士を俵の外へ押し出す,スワイプで自分（青）を押し込む方向を決める（タップした方向へも突進）,相手を 2回 押し出す  失敗: 自分が 3回 出る or 18秒,148,,,mash,high,override,18,2,2,1800,3,se_failure se_success se_tap,bgm_main,false,false,false,,false,false,false,false,false,false,SWIPE TO CHARGE · SHOVE THE RED WRESTLER OUT OF THE RING,24,56,true,false,,,true,true,true,true,true,74,20/10/15/9/15/5,0,game.feedback.good/bad で行動の正否を提示する; キャラ/モチーフを game.draw.sprite で描く; 背景に game.draw.gradient を使う(黒一色回避)
563,563-tile-paint.js,tile-paint,1,タイルペイント,各マスの指定色（薄く表示）に合わせ、ブラシをスワイプ/タップで塗り上げる,上のパレットで色を選び、盤面をスワイプ/タップで塗る。全体の一致率90%で完成,盤面 1面 完成（90%一致）  失敗: 25秒経過,145,,,trace,high,override,25,,0,1800,3,se_failure se_success se_tap,bgm_main,false,false,false,,false,false,false,false,false,false,PICK A COLOR · SWIPE/TAP TO PAINT EACH TILE TO ITS TARGET · 90% WINS,10,68,true,false,,,true,true,true,true,true,74,20/10/15/9/15/5,0,game.feedback.good/bad で行動の正否を提示する; キャラ/モチーフを game.draw.sprite で描く; 背景に game.draw.gradient を使う(黒一色回避)
564,564-shadow-chase.js,shadow-chase,2,シャドウチェイス,上に浮かぶ影と同じ形・同じ位置に、自分をスワイプで動かして重ねる,スワイプで移動、タップで形を切り替え。影のシルエットに形と位置を合わせると一致,一致 3回  失敗: 18秒経過,153,,,dodge,high,override,18,3,1,1800,3,se_failure se_success se_tap,bgm_main,false,false,false,,false,false,false,false,false,false,SWIPE TO MOVE · TAP TO CHANGE SHAPE · OVERLAP THE SHADOW,19,56,true,false,,,true,true,true,true,true,74,20/10/15/9/15/5,0,game.feedback.good/bad で行動の正否を提示する; キャラ/モチーフを game.draw.sprite で描く; 背景に game.draw.gradient を使う(黒一色回避)
565,565-pipe-burst.js,pipe-burst,1,パイプバースト,6本のパイプの水圧が上昇。破裂寸前のパイプをタップして圧を抜き、耐え抜く,圧の高いパイプをタップして減圧（満タンになると破裂）,12秒 生き残る  失敗: パイプ 3本 破裂,142,,,chase,high,override,12,,1,1800,3,se_failure se_success se_tap,bgm_main,false,false,false,,false,false,false,false,false,false,TAP HIGH-PRESSURE PIPES TO RELEASE · HOLD OUT UNTIL TIME,13,56,true,false,,,true,true,true,true,true,69,20/10/15/4/15/5,0,game.feedback.good/bad で行動の正否を提示する; キャラ/モチーフを game.draw.sprite で描く; 背景に game.draw.gradient を使う(黒一色回避)
566,566-mirror-maze.js,mirror-maze,2,ミラーメイズ,入口から入るレーザーが鏡（斜線）で反射する経路を読み、出口マスを当てる,レーザーがどのマスから出るか予想して、そのマスをタップ（正解で経路が光る）,3問 正解  失敗: 3問 不正解 or 20秒,172,,,connect,high,override,20,3,2,1800,3,se_failure se_success se_tap,bgm_main,false,false,false,,false,false,false,false,false,false,READ THE MIRRORS · TAP THE CELL WHERE THE LASER EXITS,22,53,true,false,,,true,true,true,true,true,64,20/10/15/4/10/5,0,game.feedback.good/bad で行動の正否を提示する; キャラ/モチーフを game.draw.sprite で描く; 背景に game.draw.gradient を使う(黒一色回避)
567,567-orbit-catch.js,orbit-catch,7,オービットキャッチ,惑星を周回するアイテムを、タップで引力をON/OFFして引き寄せ捕獲する,タップで惑星の引力をON/OFF切替（ONで軌道アイテムが内側へ、OFFで外へ流れる）,8個 キャッチ  失敗: 3個 取り逃す or 18秒,135,,,timing_one_shot,high,override,18,8,2,1800,3,se_failure se_success se_tap,bgm_main,false,false,false,,false,false,false,false,false,false,TAP TO TOGGLE GRAVITY · PULL ORBITING ITEMS INTO THE PLANET,12,59,true,false,,,true,true,true,true,true,69,20/10/15/4/15/5,0,game.feedback.good/bad で行動の正否を提示する; キャラ/モチーフを game.draw.sprite で描く; 背景に game.draw.gradient を使う(黒一色回避)
568,568-gravity-flip.js,gravity-flip,12,グラビティフリップ,タップで重力を上下反転し、天井と床を行き来してコインを拾い障害を避ける,タップで重力の向きを反転（壁に強く激突 or 障害に接触でダメージ）,コイン 8枚 収集  失敗: 3回 衝突 or 15秒,138,,,camera_run,high,override,15,8,2,1800,3,se_failure se_success se_tap,bgm_main,false,false,false,,false,false,false,false,false,false,TAP TO FLIP GRAVITY · GRAB COINS · DODGE THE SPIKES,10,51,true,false,,,true,true,true,true,true,69,20/10/15/4/15/5,0,game.feedback.good/bad で行動の正否を提示する; キャラ/モチーフを game.draw.sprite で描く; 背景に game.draw.gradient を使う(黒一色回避)
569,569-color-flood.js,color-flood,6,カラーフラッド,左上から広がる連結領域を、パレット色で塗り替えて盤面を全同色にする,下のパレットをタップ（盤面のマスをタップしてその色を選んでもOK）で色を選ぶ,規定手数以内に全マス同色  失敗: 手数超過 or 25秒,144,,,judge,high,override,25,,0,1800,3,se_failure se_success se_tap,bgm_main,false,false,false,,false,false,false,false,false,false,PICK A COLOR TO FLOOD FROM TOP-LEFT · FILL THE BOARD IN TIME,11,60,true,false,,,true,true,true,true,true,69,20/10/15/4/15/5,0,game.feedback.good/bad で行動の正否を提示する; キャラ/モチーフを game.draw.sprite で描く; 背景に game.draw.gradient を使う(黒一色回避)
570,570-sand-drop.js,sand-drop,1,サンドドロップ,各カラムにタップで砂を落として積み上げ、緑のターゲットラインを越えさせる,カラムをタップして砂を投下（スワイプで複数カラムにまとめて撒ける）,3列 でラインを越える  失敗: 18秒経過,146,,,stack,high,override,18,,1,1800,3,se_failure se_success se_tap,bgm_main,false,false,false,,false,false,false,false,false,false,TAP A COLUMN TO POUR SAND · RAISE 3 COLUMNS OVER THE GREEN LINE,12,63,true,false,,,true,true,true,true,true,67,13/10/15/9/15/5,0,game.feedback.good/bad で行動の正否を提示する; 全入力ハンドラで即時フィードバック(feedback/fx/audio)を返す; キャラ/モチーフを game.draw.sprite で描く
571,571-pixel-sketch.js,pixel-sketch,1,ピクセルスケッチ,薄く示されたお題の形に沿って、スワイプ/タップでドットを置いて絵を完成させる,下のパレットで色を選び、盤面をスワイプ/タップで塗る。お題マスの80%を塗れば完成,一致率 80% 達成  失敗: 30秒経過,149,,,trace,high,override,30,,0,1800,3,se_failure se_success se_tap,bgm_main,false,false,false,,false,false,false,false,false,false,PICK A COLOR · PAINT THE FADED SHAPE · FILL 80% OF ITS CELLS,10,60,true,false,,,true,true,true,true,true,74,20/10/15/9/15/5,0,game.feedback.good/bad で行動の正否を提示する; キャラ/モチーフを game.draw.sprite で描く; 背景に game.draw.gradient を使う(黒一色回避)
572,572-balloon-pop.js,balloon-pop,4,封印選び,壁に浮かぶ無数の印から、掲げられた1つだけを見つけて潰す,上に掲げられた印と同じ印をタップ,8個 見つける  失敗: 3回 別の印を潰す or 13秒,289,spot,dungeon,spot,high,override,13,8,0,1600,5,se_coin se_failure se_milestone se_success se_tap,,true,false,true,burst flash,true,true,true,false,false,false,,46,15,true,false,遺跡の封印室。壁に浮く偽の印に触れると松明が1つ落ちる,70s MONO,true,false,false,true,true,95,25/20/15/15/15/5,0,
573,573-lock-pick.js,lock-pick,2,ロックピック,鍵穴のピンを探針で押し上げ、セット位置で右スワイプして固定し開錠する,上下スワイプで探針を動かし、ピンをセット帯に合わせて「右スワイプ」で固定。テンション超過で戻る,錠前 2個 開錠  失敗: 3回 失敗 or 25秒,152,,,timing_one_shot,high,override,25,2,2,1800,3,se_failure se_success se_tap,bgm_main,false,false,false,,false,false,false,false,false,false,SWIPE TO PROBE PINS · ALIGN TO THE SET ZONE · SWIPE RIGHT TO SET,14,64,true,false,,,true,true,true,true,true,69,20/10/15/4/15/5,0,game.feedback.good/bad で行動の正否を提示する; キャラ/モチーフを game.draw.sprite で描く; 背景に game.draw.gradient を使う(黒一色回避)
574,574-magnet-sort.js,magnet-sort,2,マグネットソート,タップで磁石をN/S反転し、引力/斥力で球を動かして同色ゾーンへ集める,タップで磁極反転＆その位置に磁場発生（同色ゾーンへ球を寄せる）スワイプで磁場移動,全9球をそれぞれの同色ゾーンへ  失敗: 25秒経過,143,,,drag_follow,high,override,25,,0,1800,3,se_failure se_success se_tap,bgm_main,false,false,false,,false,false,false,false,false,false,TAP TO FLIP THE MAGNET & PULL/PUSH BALLS INTO THEIR COLOR ZONES,12,63,true,false,,,true,true,true,true,true,69,20/10/10/9/15/5,0,game.feedback.good/bad で行動の正否を提示する; キャラ/モチーフを game.draw.sprite で描く; 背景に game.draw.gradient を使う(黒一色回避)
575,575-icicle-drop.js,icicle-drop,1,アイシクルドロップ,天井から落ちてくる氷柱を、タップ/スワイプで左右に動いて避け続ける,タップした位置へ移動（スワイプでも移動）。落下前に警告が光る氷柱を見て回避,12秒 生き残る  失敗: 氷柱に 3回 直撃,142,,,dodge,high,override,12,,0,1800,3,se_failure se_success se_tap,bgm_main,false,false,false,,false,false,false,false,false,false,TAP / SWIPE TO DODGE · WATCH THE WARNING GLOW BEFORE THEY FALL,10,62,true,false,,,true,true,true,true,true,64,20/10/10/4/15/5,0,game.feedback.good/bad で行動の正否を提示する; キャラ/モチーフを game.draw.sprite で描く; 背景に game.draw.gradient を使う(黒一色回避)
576,576-number-snake.js,number-snake,1,ナンバースネーク,盤面に散った数字を、1から順に隣接マスをなぞって繋いでいく,スワイプ（またはタップ）で 1→2→3… と隣り合う数字を順番になぞる。順番違いはミス,3問 完成  失敗: 3回 ミス or 20秒,161,,,spot,high,override,20,3,2,1800,3,se_failure se_success se_tap,bgm_main,false,false,false,,false,false,false,false,false,false,TRACE 1-2-3... THROUGH ADJACENT NUMBERS IN ORDER,11,48,true,false,,,true,true,true,true,true,62,13/10/15/4/15/5,0,game.feedback.good/bad で行動の正否を提示する; 全入力ハンドラで即時フィードバック(feedback/fx/audio)を返す; キャラ/モチーフを game.draw.sprite で描く
577,577-tower-stack.js,tower-stack,5,タワースタック,左右に揺れるブロックを、下の塔の真上に来た瞬間タップで落として積む,タップでブロックを落とす（重なった幅だけ残る。全く重ならないとミス）,6段 積む  失敗: 3回 はみ出し or 20秒,149,,,stack,high,override,20,,1,1800,3,se_failure se_success se_tap,bgm_main,false,false,false,,false,false,false,false,false,false,TAP TO DROP THE SWINGING BLOCK ONTO THE TOWER · STAY ALIGNED,11,60,true,false,,,true,true,true,true,true,69,20/10/15/4/15/5,0,game.feedback.good/bad で行動の正否を提示する; キャラ/モチーフを game.draw.sprite で描く; 背景に game.draw.gradient を使う(黒一色回避)
578,578-heat-gauge.js,heat-gauge,1,ヒートゲージ,タップで温度を上げ、放置で下がる。針を緑のゾーン内に一定時間キープする,タップで加熱（連打で上昇、放置で自然冷却）ゲージを目標ゾーンに保つ,ゾーン内 累計8秒 キープ  失敗: 18秒経過,136,,,balance,high,override,18,,1,1800,3,se_failure se_success se_tap,bgm_main,false,false,false,,false,false,false,false,false,false,TAP TO HEAT · IT COOLS ON ITS OWN · HOLD THE NEEDLE IN THE ZONE,15,63,true,false,,,true,true,true,true,true,64,20/10/15/4/10/5,0,game.feedback.good/bad で行動の正否を提示する; キャラ/モチーフを game.draw.sprite で描く; 背景に game.draw.gradient を使う(黒一色回避)
579,579-web-spin.js,web-spin,1,ウェブスピン,クモの巣に捕まった虫を、スワイプで弾いて巣の外へ逃がす。時間切れ前に助ける,虫の上からスワイプした方向へ弾き飛ばす（巣の外に出れば救出、放置で奥へ逃げる）,虫 6匹 救出  失敗: 3匹 逃がす or 18秒,151,,,flick_launch,high,override,18,6,2,1800,3,se_failure se_success se_tap,bgm_main,false,false,false,,false,false,false,false,false,false,SWIPE A TRAPPED BUG OUTWARD TO FLING IT FREE OF THE WEB,10,55,true,false,,,true,true,true,true,true,69,20/10/15/4/15/5,0,game.feedback.good/bad で行動の正否を提示する; キャラ/モチーフを game.draw.sprite で描く; 背景に game.draw.gradient を使う(黒一色回避)
580,580-morse-tap.js,morse-tap,3,モールスタップ,表示された文字のモールス符号（・とー）を、左右タップ/スワイプで順に入力する,画面左タップ/下スワイプ=・(dot) / 右タップ/上スワイプ=ー(dash) 符号の長さ分そろえる,3文字 正解  失敗: 3文字 ミス or 25秒,150,,,judge,high,override,25,3,2,1800,3,se_failure se_success se_tap,bgm_main,false,false,false,,false,false,false,false,false,false,TAP LEFT / SWIPE DOWN = DOT · TAP RIGHT / SWIPE UP = DASH,26,57,true,false,,,true,true,true,true,true,62,13/10/15/4/15/5,0,game.feedback.good/bad で行動の正否を提示する; 全入力ハンドラで即時フィードバック(feedback/fx/audio)を返す; キャラ/モチーフを game.draw.sprite で描く
581,581-rocket-fuel.js,rocket-fuel,1,ロケットフュール,燃料を管理しながら噴射を切り替え、ロケットを目標高度ゾーンに留める,タップで噴射のON/OFFを切替（噴射で上昇・燃料消費、放置で落下）目標ゾーンに一定時間留める,目標到達 2回  失敗: 3回 墜落 or 18秒,143,,,balance,high,override,18,2,1,1800,3,se_failure se_success se_tap,bgm_main,false,false,false,,false,false,false,false,false,false,TAP TO TOGGLE THRUST · MANAGE FUEL · HOLD IN THE TARGET ZONE,12,60,true,false,,,true,true,true,true,true,69,20/10/15/4/15/5,0,game.feedback.good/bad で行動の正否を提示する; キャラ/モチーフを game.draw.sprite で描く; 背景に game.draw.gradient を使う(黒一色回避)
582,582-crystal-grow.js,crystal-grow,2,クリスタルグロウ,自動で膨らむ結晶を、緑のターゲットリング内サイズに達した瞬間タップで止める,タップで成長を停止（ターゲットの内輪〜外輪の間で止めれば成功、行き過ぎ・早すぎはミス）,4個 ぴったり  失敗: 3回 外し or 18秒,141,,,count_exact,high,override,18,4,2,1800,3,se_failure se_success se_tap,bgm_main,false,false,false,,false,false,false,false,false,false,TAP TO STOP THE GROWING CRYSTAL INSIDE THE TARGET RING,15,54,true,false,,,true,true,true,true,true,64,20/10/15/4/10/5,0,game.feedback.good/bad で行動の正否を提示する; キャラ/モチーフを game.draw.sprite で描く; 背景に game.draw.gradient を使う(黒一色回避)
583,583-echo-sonar.js,echo-sonar,1,エコーソナー,各列に音波を打ち、返ってくるエコーで宝の有無を読み、宝のある列をドリルで掘る,海面側（上）をタップで音波発射→エコーが出た列を海底側（下）タップでドリル,宝 3個 発見  失敗: 3回 空掘り or 25秒,145,,,spot,high,override,25,3,2,1800,3,se_failure se_success se_tap,bgm_main,false,false,false,,false,false,false,false,false,false,TAP UPPER TO PING · READ THE ECHO · TAP LOWER TO DRILL A TREASURE,11,65,true,false,,,true,true,true,true,true,69,20/10/15/4/15/5,0,game.feedback.good/bad で行動の正否を提示する; キャラ/モチーフを game.draw.sprite で描く; 背景に game.draw.gradient を使う(黒一色回避)
584,584-spike-dodge.js,spike-dodge,1,スパイクドッジ,上下から降ってくるスパイクを、レーンを左右に移動して隙間で回避し続ける,左右スワイプ（またはタップした列へ）でレーン移動。スパイクの当たらない列へ逃げる,12秒 生き残る  失敗: 3回 被弾,139,,,dodge,high,override,12,,0,1800,3,se_failure se_success se_tap,bgm_main,false,false,false,,false,false,false,false,false,false,SWIPE / TAP TO CHANGE LANE · SLIP THROUGH THE SPIKE GAPS,12,56,true,false,,,true,true,true,true,true,59,20/10/5/4/15/5,0,game.feedback.good/bad で行動の正否を提示する; キャラ/モチーフを game.draw.sprite で描く; 背景に game.draw.gradient を使う(黒一色回避)
585,585-chain-reaction.js,chain-reaction,9,チェーンリアクション,1回のタップで爆弾を起爆し、爆風の連鎖で盤面の爆弾を巻き込み尽くす,爆弾群のどこか1点をタップして起爆（爆風が近くの爆弾を誘爆→連鎖）位置取りが鍵,爆弾の60%以上を連鎖爆発  失敗: 3回 挑戦しても未達 or 20秒,154,,,timing_one_shot,high,override,20,,2,1800,3,se_failure se_success se_tap,bgm_main,false,false,false,,false,false,false,false,false,false,TAP ONE BOMB TO IGNITE · BLASTS CHAIN TO NEARBY BOMBS · 60% WINS,27,64,true,false,,,true,true,true,true,true,64,20/10/15/4/10/5,0,game.feedback.good/bad で行動の正否を提示する; キャラ/モチーフを game.draw.sprite で描く; 背景に game.draw.gradient を使う(黒一色回避)
586,586-light-paths.js,light-paths,1,ライトパス,暗い迷路を、通った先だけ数秒だけ光る手がかりを頼りにスワイプで出口へ進む,上下左右スワイプで移動（壁があると進めず迷子カウント）。タップで現在地を再点灯,出口 3回 到達  失敗: 3回 迷子 or 25秒,185,,,guide_path,high,override,25,3,2,1800,3,se_failure se_success se_tap,bgm_main,false,false,false,,false,false,false,false,false,false,SWIPE TO MOVE THROUGH THE DARK MAZE · REACH THE GLOWING EXIT,23,60,true,false,,,true,true,true,true,true,69,20/10/15/4/15/5,0,game.feedback.good/bad で行動の正否を提示する; キャラ/モチーフを game.draw.sprite で描く; 背景に game.draw.gradient を使う(黒一色回避)
587,587-pulse-jump.js,pulse-jump,1,パルスジャンプ,一定リズムで刻まれるビートに合わせ、判定バーが中央を通る瞬間にタップで跳ぶ,タップ（またはスワイプ）でジャンプ。ビートぴったりでPERFECT、少しズレてGOOD、外すとMISS,ビート 8回 成功  失敗: 3回 ミス or 18秒,138,,,rhythm,high,override,18,8,2,1800,3,se_failure se_success se_tap,bgm_main,false,false,false,,false,false,false,false,false,false,TAP WHEN THE MARKER CROSSES THE CENTER · HIT THE BEAT,13,53,true,false,,,true,true,true,true,true,57,13/10/10/4/15/5,0,game.feedback.good/bad で行動の正否を提示する; 全入力ハンドラで即時フィードバック(feedback/fx/audio)を返す; キャラ/モチーフを game.draw.sprite で描く
588,588-void-collector.js,void-collector,1,ヴォイドコレクター,広がる虚無の穴に飲まれる前に、漂う光の欠片をタップで回収する,光の欠片の近くをタップして吸収（穴に触れた欠片は失われる）穴は時間で拡大,欠片 8個 回収  失敗: 3個 飲まれる or 18秒,136,,,chase,high,override,18,8,2,1800,3,se_failure se_success se_tap,bgm_main,false,false,false,,false,false,false,false,false,false,TAP NEAR LIGHT SHARDS TO ABSORB THEM · AVOID THE GROWING VOIDS,10,62,true,false,,,true,true,true,true,true,69,20/10/15/4/15/5,0,game.feedback.good/bad で行動の正否を提示する; キャラ/モチーフを game.draw.sprite で描く; 背景に game.draw.gradient を使う(黒一色回避)
589,589-wire-cross.js,wire-cross,2,ワイヤークロス,左右に並ぶ端子から同色のペアをタップで選び、交差した配線を繋ぎ直す,端子をタップで選択 → 同じ色の反対側の端子をタップで接続（色違い/同じ側はミス）,回路 3面 完成  失敗: 3回 誤配線 or 20秒,145,,,judge,high,override,20,3,2,1800,3,se_failure se_success se_tap,bgm_main,false,false,false,,false,false,false,false,false,false,TAP A TERMINAL THEN ITS SAME-COLOR PARTNER TO WIRE THE CIRCUIT,12,62,true,false,,,true,true,true,true,true,69,20/10/15/4/15/5,0,game.feedback.good/bad で行動の正否を提示する; キャラ/モチーフを game.draw.sprite で描く; 背景に game.draw.gradient を使う(黒一色回避)
590,590-freeze-ray.js,freeze-ray,1,フリーズレイ,動き回る敵をタップで凍らせ、凍っているうちにもう一度タップして処理する,敵をタップで凍結（一定時間で溶ける）→ 凍った敵を再タップで処理。画面外へ逃すと失点,敵 8体 処理  失敗: 3体 逃走 or 18秒,143,,,chase,high,override,18,8,2,1800,3,se_failure se_success se_tap,bgm_main,false,false,false,,false,false,false,false,false,false,TAP TO FREEZE ENEMIES · TAP A FROZEN ONE AGAIN TO PROCESS IT,10,60,true,false,,,true,true,true,true,true,69,20/10/15/4/15/5,0,game.feedback.good/bad で行動の正否を提示する; キャラ/モチーフを game.draw.sprite で描く; 背景に game.draw.gradient を使う(黒一色回避)
591,591-stack-overflow.js,stack-overflow,2,スタックオーバーフロー,せり上がるブロックの列を、上端の同色連続をタップで消し天井到達を防ぐ,列をタップするとその列の一番上の色と同じ連続ブロックがまとめて消える。連続消しでコンボ,15ブロック 消去  失敗: 天井に到達 or 20秒,144,,,stack,high,override,20,15,1,1800,3,se_failure se_success se_tap,bgm_main,false,false,false,,false,false,false,false,false,false,TAP A COLUMN TO CLEAR ITS TOP MATCHING RUN · CHAIN FOR COMBOS,11,61,true,false,,,true,true,true,true,true,69,20/10/15/4/15/5,0,game.feedback.good/bad で行動の正否を提示する; キャラ/モチーフを game.draw.sprite で描く; 背景に game.draw.gradient を使う(黒一色回避)
592,592-drift-racer.js,drift-racer,1,ドリフトレーサー,自動で加速する車をステアリングでコーナリングし、コースを外れずに周回する,左右スワイプ/タップでステアリング、下スワイプでブレーキ。コースアウトでクラッシュ,3ラップ 完走  失敗: 3回 コースアウト or 25秒,149,,,guide_path,high,override,25,3,1,1800,3,se_failure se_success se_tap,bgm_main,false,false,false,,false,false,false,false,false,false,SWIPE / TAP TO STEER · SWIPE DOWN TO BRAKE · STAY ON THE TRACK,15,62,true,false,,,true,true,true,true,true,62,13/10/15/4/15/5,0,game.feedback.good/bad で行動の正否を提示する; 全入力ハンドラで即時フィードバック(feedback/fx/audio)を返す; キャラ/モチーフを game.draw.sprite で描く
593,593-mirror-tap.js,mirror-tap,2,ミラータップ,上半分に現れるターゲットをタップ。下半分には鏡像が映る空間認識ゲーム,上半分（実像）に光るターゲットをタップ（消える前に）。下の鏡像エリアを押すと無効,6回 命中  失敗: 3回 外し/見逃し or 18秒,146,,,judge,high,override,18,6,2,1800,3,se_failure se_success se_tap,bgm_main,false,false,false,,false,false,false,false,false,false,TAP TARGETS IN THE TOP HALF · THE BOTTOM IS ONLY A MIRROR,13,57,true,false,,,true,true,true,true,true,64,20/10/10/4/15/5,0,game.feedback.good/bad で行動の正否を提示する; キャラ/モチーフを game.draw.sprite で描く; 背景に game.draw.gradient を使う(黒一色回避)
594,594-hive-mind.js,hive-mind,1,ハイブマインド,六角セルの巣へ最短で這い寄る侵入者を、セルをタップで叩き潰して守り抜く,侵入者のいるセルをタップで撃退。空セルをタップで壁を設置/解除して進路を塞ぐ,侵入者 8匹 撃退  失敗: 3匹 巣に到達 or 20秒,154,,,chase,high,override,20,8,2,1800,3,se_failure se_success se_tap,bgm_main,false,false,false,,false,false,false,false,false,false,TAP AN INTRUDER TO SMASH IT · TAP AN EMPTY CELL TO WALL IT OFF,18,62,true,false,,,true,true,true,true,true,69,20/10/15/4/15/5,0,game.feedback.good/bad で行動の正否を提示する; キャラ/モチーフを game.draw.sprite で描く; 背景に game.draw.gradient を使う(黒一色回避)
595,595-shimmer-catch.js,shimmer-catch,1,シマーキャッチ,水面のゆらぎに隠れて泳ぐ魚の光る影を、位置を読んでタップで網ですくう,魚のシマー（青い光の影）をタップして網を投げる。ズレるとハズレ,6匹 捕獲  失敗: 3回 空振り or 18秒,146,,,chase,high,override,18,6,2,1800,3,se_failure se_success se_tap,bgm_main,false,false,false,,false,false,false,false,false,false,TAP THE GLOWING SHIMMER TO NET THE FISH HIDDEN UNDER THE WATER,12,62,true,false,,,true,true,true,true,true,69,20/10/15/4/15/5,0,game.feedback.good/bad で行動の正否を提示する; キャラ/モチーフを game.draw.sprite で描く; 背景に game.draw.gradient を使う(黒一色回避)
596,596-pendulum-slice.js,pendulum-slice,1,ペンデュラムスライス,振り子を左右スワイプで振り、勢いよく通り抜けざまにターゲットを切る,左右スワイプ/タップで振り子を加速。十分な速度でターゲットを通過するとスライス成功,6カット  失敗: 3回 見逃し or 18秒,146,,,slice,high,override,18,6,2,1800,3,se_failure se_success se_tap,bgm_main,false,false,false,,false,false,false,false,false,false,SWIPE / TAP LEFT-RIGHT TO SWING · SLICE TARGETS AT FULL SPEED,14,61,true,false,,,true,true,true,true,true,69,20/10/15/4/15/5,0,game.feedback.good/bad で行動の正否を提示する; キャラ/モチーフを game.draw.sprite で描く; 背景に game.draw.gradient を使う(黒一色回避)
597,597-signal-sort.js,signal-sort,2,シグナルソート,浮かぶ信号の波形を見極め、下段の同じ波形チャンネルへスワイプで振り分ける,信号をつかんで（スワイプ開始）下の一致するチャンネル帯へスワイプで放り込む,8本 仕分け  失敗: 3本 誤仕分け or 18秒,150,,,swipe_direction,high,override,18,8,2,1800,3,se_failure se_success se_tap,bgm_main,false,false,false,,false,false,false,false,false,false,MATCH EACH SIGNAL WAVEFORM · SWIPE IT INTO ITS CHANNEL BAND,12,59,true,false,,,true,true,true,true,true,69,20/10/15/4/15/5,0,game.feedback.good/bad で行動の正否を提示する; キャラ/モチーフを game.draw.sprite で描く; 背景に game.draw.gradient を使う(黒一色回避)
598,598-fog-of-war.js,fog-of-war,1,フォグオブウォー,霧に覆われた盤を1マスずつ進んで視界を開き、敵陣（拠点）を制圧する,隣接マスをタップで移動（視界内の敵をタップで撃退）。敵と同じマスに入ると奇襲される,拠点 3個 制圧  失敗: 3回 奇襲 or 20秒,148,,,guide_path,high,override,20,3,2,1800,3,se_failure se_success se_tap,bgm_main,false,false,false,,false,false,false,false,false,false,TAP ADJACENT CELLS TO ADVANCE · CAPTURE BASES · TAP ENEMIES IN SIGHT,10,68,true,false,,,true,true,true,true,true,69,20/10/15/4/15/5,0,game.feedback.good/bad で行動の正否を提示する; キャラ/モチーフを game.draw.sprite で描く; 背景に game.draw.gradient を使う(黒一色回避)
599,599-comet-surf.js,comet-surf,1,コメットサーフ,画面を横切る彗星の尾に乗り、スワイプで前後位置を変えて宇宙の破片を避ける,左右スワイプ/タップで尾の上の乗る位置を前後に移動。飛来する破片に当たらないよう回避,12秒 生き残る  失敗: 破片に 3回 衝突,137,,,dodge,high,override,12,,0,1800,3,se_failure se_success se_tap,bgm_main,false,false,false,,false,false,false,false,false,false,SWIPE / TAP TO SLIDE ALONG THE COMET TAIL · DODGE THE DEBRIS,12,60,true,false,,,true,true,true,true,true,69,20/10/15/4/15/5,0,game.feedback.good/bad で行動の正否を提示する; キャラ/モチーフを game.draw.sprite で描く; 背景に game.draw.gradient を使う(黒一色回避)
600,600-memory-maze.js,memory-maze,1,メモリーメイズ,数秒だけ壁が見える迷路を記憶し、暗くなった後にスワイプでゴールまで歩く,記憶タイム中に壁を覚える → 暗転後、上下左右スワイプで移動（壁にぶつかるとミス）,迷路 3回 脱出  失敗: 3回 壁に激突 or 25秒,163,,,memory_sequence,high,override,25,3,2,1800,3,se_failure se_success se_tap,bgm_main,false,false,false,,false,false,false,false,false,false,MEMORIZE THE WALLS · THEN SWIPE TO REACH THE EXIT IN THE DARK,23,61,true,false,,,true,true,true,true,true,69,20/10/15/4/15/5,0,game.feedback.good/bad で行動の正否を提示する; キャラ/モチーフを game.draw.sprite で描く; 背景に game.draw.gradient を使う(黒一色回避)
601,601-gem-burst.js,gem-burst,1,ジェムバースト,上から落ちてくる宝石を、床に届く前にタップで砕く。同色連続でコンボ加点,落下中の宝石をタップして砕く。同じ色を続けて砕くとコンボ、取りこぼすと失点,宝石 12個 破壊  失敗: 3個 落球 or 18秒,144,,,aim_shoot,high,override,18,12,2,1800,3,se_failure se_success se_tap,bgm_main,false,false,false,,false,false,false,false,false,false,TAP FALLING GEMS TO SHATTER THEM · CHAIN SAME COLORS FOR COMBOS,11,63,true,false,,,true,true,true,true,true,69,20/10/15/4/15/5,0,game.feedback.good/bad で行動の正否を提示する; キャラ/モチーフを game.draw.sprite で描く; 背景に game.draw.gradient を使う(黒一色回避)
602,602-river-flow.js,river-flow,1,リバーフロー,水路のゲートをタップで切り替え、落とす水を正しいゴールへ導く,格子のゲートをタップで左右反転 → 上の開始ボタンをタップで水を流す,3回 正解ゴールへ誘導  失敗: 3回 外れゴール or 25秒,195,,,connect,high,override,25,3,2,1800,3,se_failure se_success se_tap,bgm_main,false,false,false,,false,false,false,false,false,false,TAP GATES TO FLIP THEM · THEN DROP THE WATER INTO THE GREEN GOAL,20,64,true,false,,,true,true,true,true,true,69,20/10/15/4/15/5,0,game.feedback.good/bad で行動の正否を提示する; キャラ/モチーフを game.draw.sprite で描く; 背景に game.draw.gradient を使う(黒一色回避)
603,603-earthquake.js,earthquake,1,アースクエイク,揺れて傾く足場の上で、反対側へ体重移動してバランスを保つ,傾いた方向と逆へ左右スワイプ/タップで踏ん張る（端まで滑ると転落）,15秒 生き残る  失敗: 3回 転落 or 15秒,172,,,balance,high,override,15,,1,1800,3,se_failure se_success se_tap,bgm_main,false,false,false,,false,false,false,false,false,false,SWIPE / TAP AGAINST THE TILT TO KEEP YOUR BALANCE · DO NOT SLIDE OFF,12,68,true,false,,,true,true,true,true,true,69,20/10/15/4/15/5,0,game.feedback.good/bad で行動の正否を提示する; キャラ/モチーフを game.draw.sprite で描く; 背景に game.draw.gradient を使う(黒一色回避)
604,604-star-align.js,star-align,1,スターアライン,下段の星をタップで選び、光る枠へ運んで星座を完成させる,下の星をタップで選択 → 空いた枠をタップで配置。全枠を埋めると星座完成,3つ 星座完成  失敗: 25秒,177,,,gap_fit,high,override,25,3,1,1800,3,se_failure se_success se_tap,bgm_main,false,false,false,,false,false,false,false,false,false,TAP A STAR TO PICK IT · TAP A GLOWING SLOT TO PLACE · FILL THE SHAPE,11,68,true,false,,,true,true,true,true,true,74,20/10/15/9/15/5,0,game.feedback.good/bad で行動の正否を提示する; キャラ/モチーフを game.draw.sprite で描く; 背景に game.draw.gradient を使う(黒一色回避)
605,605-shadow-puppet.js,shadow-puppet,5,シャドーパペット,スクリーンに映る影絵の輪郭をスワイプでなぞって再現する,影の形をスワイプでなぞる → タップで判定。一致率70%以上で合格,3形 合格  失敗: 3回 不合格 or 25秒,179,,,judge,high,override,25,3,2,1800,3,se_failure se_success se_tap,bgm_main,false,false,false,,false,false,false,false,false,false,TRACE THE SHADOW OUTLINE BY SWIPING · TAP TO JUDGE · 70% TO PASS,19,64,true,false,,,true,true,true,true,true,52,13/10/15/4/5/5,0,game.feedback.good/bad で行動の正否を提示する; 全入力ハンドラで即時フィードバック(feedback/fx/audio)を返す; キャラ/モチーフを game.draw.sprite で描く
606,606-spring-launch.js,spring-launch,1,スプリングランチ,バネの弾を狙いスワイプで撃ち出し、浮かぶ的をピンポイントで撃ち抜く,撃ちたい向きと逆へスワイプして発射（引くほど強く飛ぶ）。的に当てる,5的 命中  失敗: 3回 外れ or 18秒,158,,,slingshot,high,override,18,5,2,1800,3,se_failure se_success se_tap,bgm_main,false,false,false,,false,false,false,false,false,false,SWIPE AWAY FROM YOUR AIM TO FLING THE BALL · PULL FARTHER FOR MORE POWER,13,72,true,false,,,true,true,true,true,true,64,20/10/15/4/10/5,0,game.feedback.good/bad で行動の正否を提示する; キャラ/モチーフを game.draw.sprite で描く; 背景に game.draw.gradient を使う(黒一色回避)
607,607-photon-bounce.js,photon-bounce,1,フォトンバウンス,鏡をタップで回転させて反射角を作り、光子をターゲットへ導く,鏡をタップで回転（スワイプで微調整） → 何もない所をタップ/スワイプで発射,5ターゲット 撃破  失敗: 3回 外れ or 22秒,175,,,connect,high,override,22,5,2,1800,3,se_failure se_success se_tap,bgm_main,false,false,false,,false,false,false,false,false,false,TAP MIRRORS TO ROTATE THEM · TAP EMPTY SPACE TO FIRE THE PHOTON,15,63,true,false,,,true,true,true,true,true,64,20/10/15/4/10/5,0,game.feedback.good/bad で行動の正否を提示する; キャラ/モチーフを game.draw.sprite で描く; 背景に game.draw.gradient を使う(黒一色回避)
608,608-bubble-pop.js,bubble-pop,8,精霊泡狩り,天井へ逃げる泡を、抜ける前に狙って落とす,昇ってくる泡をタップして割る,12個 落とす  失敗: 3個 逃がす or 17秒,282,aim_shoot,witch,aim_shoot,high,override,17,12,0,1600,5,se_coin se_failure se_milestone se_success se_tap,,true,false,true,burst flash,true,true,true,false,false,false,,48,15,true,false,魔女の工房。大鍋から立つ精霊の泡が天窓から逃げると薬が薄まる,NEO-RETRO,true,false,false,true,true,95,25/20/15/15/15/5,0,
609,609-tile-flip.js,tile-flip,8,タイルフリップ,裏返ったタイルを2枚めくり、同じ絵柄のペアを揃える神経衰弱,タップで1枚めくる。2枚が同じ絵柄なら成立、違えば裏へ戻る,4ペア 全成立  失敗: 25秒,172,,,judge,high,override,25,,1,1800,3,se_failure se_success se_tap,bgm_main,false,false,false,,false,false,false,false,false,false,FLIP TWO TILES TO FIND MATCHING SYMBOLS · CLEAR ALL 4 PAIRS,19,59,true,false,,,true,true,true,true,true,74,20/10/15/9/15/5,0,game.feedback.good/bad で行動の正否を提示する; キャラ/モチーフを game.draw.sprite で描く; 背景に game.draw.gradient を使う(黒一色回避)
610,610-orbit-guard.js,orbit-guard,1,オービットガード,惑星を周回するガードから、飛来する隕石をタップで撃ち落とす,タップでガードの向いた方向へ弾を発射。隕石が惑星に着弾する前に撃破,10隕石 撃破  失敗: 3個 着弾 or 18秒,163,,,aim_shoot,high,override,18,10,1,1800,3,se_failure se_success se_tap,bgm_main,false,false,false,,false,false,false,false,false,false,TAP TO FIRE FROM THE ORBITING GUARD · SHOOT DOWN INCOMING METEORS,10,65,true,false,,,true,true,true,true,true,69,20/10/15/4/15/5,0,game.feedback.good/bad で行動の正否を提示する; キャラ/モチーフを game.draw.sprite で描く; 背景に game.draw.gradient を使う(黒一色回避)
611,611-neon-tetro.js,neon-tetro,1,ネオンテトロ,落ちてくるブロック壁の隙間を見抜き、左右移動ですり抜ける,左右スワイプ/画面左右タップでプレイヤーを列移動。壁の隙間を通す,15段 通過  失敗: 3回 衝突 or 18秒,162,,,dodge,high,override,18,15,1,1800,3,se_failure se_success se_tap,bgm_main,false,false,false,,false,false,false,false,false,false,SWIPE OR TAP LEFT/RIGHT TO SLIDE THROUGH THE GAP IN EACH FALLING WALL,12,69,true,false,,,true,true,true,true,true,62,13/10/15/4/15/5,0,game.feedback.good/bad で行動の正否を提示する; 全入力ハンドラで即時フィードバック(feedback/fx/audio)を返す; キャラ/モチーフを game.draw.sprite で描く
612,612-pulse-grid.js,pulse-grid,1,パルスグリッド,各ノードから広がる光輪がスイートスポットに来た瞬間をタップで叩く,光輪が中間の輝く帯に重なった時にノードをタップ。連続成功でコンボ加点,150点 到達  失敗: 22秒,156,,,timing_one_shot,high,override,22,150,1,1800,3,se_failure se_success se_tap,bgm_main,false,false,false,,false,false,false,false,false,false,TAP A NODE WHEN ITS RING HITS THE BRIGHT SWEET SPOT · CHAIN FOR COMBOS,11,70,true,false,,,true,true,true,true,true,74,20/10/15/9/15/5,0,game.feedback.good/bad で行動の正否を提示する; キャラ/モチーフを game.draw.sprite で描く; 背景に game.draw.gradient を使う(黒一色回避)
613,613-gravity-flip.js,gravity-flip,12,グラビティフリップ,タップで重力を上下反転させ、迫る障害物の隙間を通り抜ける,タップで重力の向きを反転。天井と床の間を落下・上昇しながら壁の穴を抜ける,15秒 生き残る  失敗: 3回 衝突 or 15秒,157,,,camera_run,high,override,15,,1,1800,3,se_failure se_success se_tap,bgm_main,false,false,false,,false,false,false,false,false,false,TAP TO FLIP GRAVITY UP OR DOWN · THREAD THROUGH THE GAPS IN THE WALLS,13,69,true,false,,,true,true,true,true,true,69,20/10/15/4/15/5,0,game.feedback.good/bad で行動の正否を提示する; キャラ/モチーフを game.draw.sprite で描く; 背景に game.draw.gradient を使う(黒一色回避)
614,614-drop-zone.js,drop-zone,2,ドロップゾーン,上から降るボールを、左右スワイプ/タップで動かすバケツで受け止める,画面タップした位置へバケツが移動。左右スワイプでも寄せられる。取りこぼし注意,10個 キャッチ  失敗: 3個 落球 or 18秒,146,,,judge,high,override,18,10,2,1800,3,se_failure se_success se_tap,bgm_main,false,false,false,,false,false,false,false,false,false,TAP TO MOVE THE BUCKET UNDER THE FALLING BALLS · CATCH THEM ALL,12,63,true,false,,,true,true,true,true,true,69,20/10/15/4/15/5,0,game.feedback.good/bad で行動の正否を提示する; キャラ/モチーフを game.draw.sprite で描く; 背景に game.draw.gradient を使う(黒一色回避)
615,615-word-chain.js,word-chain,2,ワードチェーン,隣り合う文字マスをスワイプで連結し、タップで確定して得点を稼ぐ,スワイプで隣接マスを繋ぐ → タップで確定。長く繋ぐほど倍率が上がる,120点 到達  失敗: 25秒,167,,,judge,high,override,25,120,1,1800,3,se_failure se_success se_tap,bgm_main,false,false,false,,false,false,false,false,false,false,SWIPE TO LINK ADJACENT LETTERS · TAP TO LOCK IN · LONGER CHAINS SCORE MORE,12,74,true,false,,,true,true,true,true,true,69,20/10/15/9/10/5,0,game.feedback.good/bad で行動の正否を提示する; キャラ/モチーフを game.draw.sprite で描く; 背景に game.draw.gradient を使う(黒一色回避)
616,616-laser-maze.js,laser-maze,3,レーザーメイズ,点滅するレーザーの消える瞬間を狙い、タップで一歩ずつ進んでゴールへ,隣接マスをタップで移動。レーザー帯が光っている時に踏むと被弾,ゴール到達  失敗: 3回 被弾 or 25秒,163,,,connect,high,override,25,,1,1800,3,se_failure se_success se_tap,bgm_main,false,false,false,,false,false,false,false,false,false,TAP AN ADJACENT CELL TO STEP · MOVE WHEN THE LASER BAND IS DARK,15,63,true,false,,,true,true,true,true,true,69,20/10/15/4/15/5,0,game.feedback.good/bad で行動の正否を提示する; キャラ/モチーフを game.draw.sprite で描く; 背景に game.draw.gradient を使う(黒一色回避)
617,617-splash-dodge.js,splash-dodge,1,スプラッシュドッジ,予告円が弾ける瞬間に飛び散る水しぶきを、移動して避ける,タップした位置へ移動（上下左右スワイプでも緊急回避）。予告円の外へ逃げる,15秒 生き残る  失敗: 3回 被弾 or 15秒,156,,,dodge,high,override,15,,1,1800,3,se_failure se_success se_tap,bgm_main,false,false,false,,false,false,false,false,false,false,TAP TO MOVE OR SWIPE TO DASH · ESCAPE THE MARKED CIRCLES BEFORE THEY BURST,14,74,true,false,,,true,true,true,true,true,69,20/10/15/4/15/5,0,game.feedback.good/bad で行動の正否を提示する; キャラ/モチーフを game.draw.sprite で描く; 背景に game.draw.gradient を使う(黒一色回避)
618,618-clock-sync.js,clock-sync,1,クロックシンク,回転する時針と分針を、指定の目印にぴったり止める反射神経ゲーム,タップで時針を止める → もう一度タップで分針を止める。両方の目印に合わせる,5回 正確に一致  失敗: 3回 外れ or 22秒,163,,,timing_one_shot,high,override,22,5,2,1800,3,se_failure se_success se_tap,bgm_main,false,false,false,,false,false,false,false,false,false,TAP TO STOP THE HOUR HAND · TAP AGAIN FOR THE MINUTE HAND · HIT BOTH MARKS,22,74,true,false,,,true,true,true,true,true,69,20/10/15/4/15/5,0,game.feedback.good/bad で行動の正否を提示する; キャラ/モチーフを game.draw.sprite で描く; 背景に game.draw.gradient を使う(黒一色回避)
619,619-swarm-hunt.js,swarm-hunt,1,スワームハント,群れて飛ぶ虫が密集した瞬間をタップし、衝撃波でまとめて撃破する,タップで衝撃波を発生。範囲内の虫を一掃。密集を狙うほど大量に倒せる,15匹 撃破  失敗: 18秒,164,,,timing_one_shot,high,override,18,15,1,1800,3,se_failure se_success se_tap,bgm_main,false,false,false,,false,false,false,false,false,false,TAP TO SEND A SHOCKWAVE · CATCH THE BUGS WHILE THEY CLUSTER TOGETHER,11,68,true,false,,,true,true,true,true,true,69,20/10/10/9/15/5,0,game.feedback.good/bad で行動の正否を提示する; キャラ/モチーフを game.draw.sprite で描く; 背景に game.draw.gradient を使う(黒一色回避)
620,620-tower-stack.js,tower-stack,5,タワースタック,左右に揺れるブロックをタイミングよくタップで落として積み上げる,タップでブロックを落とす。はみ出た部分は切り落とされ、次第に細くなる,8段 積む  失敗: 完全にミス or 20秒,162,,,stack,high,override,20,8,1,1800,3,se_failure se_success se_tap,bgm_main,false,false,false,,false,false,false,false,false,false,TAP TO DROP THE SWINGING BLOCK · OVERHANG GETS SLICED OFF · STACK HIGH,13,70,true,false,,,true,true,true,true,true,69,20/10/15/4/15/5,0,game.feedback.good/bad で行動の正否を提示する; キャラ/モチーフを game.draw.sprite で描く; 背景に game.draw.gradient を使う(黒一色回避)
621,621-ion-trail.js,ion-trail,1,イオントレイル,スワイプでイオンの通り道を描き、タップで発射して全ゴールを通す,発生源からスワイプで格子上に経路を描く → タップでイオン発射。全ゴール通過で成功,4ステージ クリア  失敗: 25秒,177,,,connect,high,override,25,4,1,1800,3,se_failure se_success se_tap,bgm_main,false,false,false,,false,false,false,false,false,false,SWIPE FROM THE SOURCE TO DRAW A PATH · TAP TO FIRE THE ION THROUGH ALL GOALS,14,76,true,false,,,true,true,true,true,true,74,20/10/15/9/15/5,0,game.feedback.good/bad で行動の正否を提示する; キャラ/モチーフを game.draw.sprite で描く; 背景に game.draw.gradient を使う(黒一色回避)
622,622-echo-catch.js,echo-catch,1,エコーキャッチ,音波の反響から見えない的の位置を推定し、タップで撃ち当てる,タップで音波発射 → 反響が返る位置を見て、的がいると思う場所をタップ,6的 命中  失敗: 3回 外れ or 22秒,160,,,aim_shoot,high,override,22,6,2,1800,3,se_failure se_success se_tap,bgm_main,false,false,false,,false,false,false,false,false,false,TAP TO PING · WATCH WHERE THE ECHO RETURNS · TAP THE HIDDEN TARGET,14,66,true,false,,,true,true,true,true,true,59,20/10/15/4/5/5,0,game.feedback.good/bad で行動の正否を提示する; キャラ/モチーフを game.draw.sprite で描く; 背景に game.draw.gradient を使う(黒一色回避)
623,623-gem-match.js,gem-match,2,ジェムマッチ,隣り合う宝石をスワイプで入れ替え、3つ以上そろえて消すパズル,宝石をスワイプして隣と交換。同色が3つ以上並ぶと消えて得点、連鎖でボーナス,150点 到達  失敗: 25秒,155,,,pair_match,high,override,25,150,1,1800,3,se_failure se_success se_tap,bgm_main,false,false,false,,false,false,false,false,false,false,SWIPE A GEM TO SWAP WITH ITS NEIGHBOR · LINE UP 3+ TO CLEAR · CHAIN FOR BONUS,14,77,true,false,,,true,true,true,true,true,74,20/10/15/9/15/5,0,game.feedback.good/bad で行動の正否を提示する; キャラ/モチーフを game.draw.sprite で描く; 背景に game.draw.gradient を使う(黒一色回避)
624,624-rush-hour.js,rush-hour,1,ラッシュアワー,交差点に進入する車をタップで停止・再開させ、衝突なく通過させる,車をタップで一時停止／もう一度タップで再発進。交差点での衝突を避ける,8台 通過  失敗: 3回 衝突 or 20秒,163,,,judge,high,override,20,8,1,1800,3,se_failure se_success se_tap,bgm_main,false,false,false,,false,false,false,false,false,false,TAP A CAR TO STOP IT · TAP AGAIN TO GO · GUIDE THEM THROUGH WITHOUT CRASHING,10,76,true,false,,,true,true,true,true,true,69,20/10/15/4/15/5,0,game.feedback.good/bad で行動の正否を提示する; キャラ/モチーフを game.draw.sprite で描く; 背景に game.draw.gradient を使う(黒一色回避)
625,625-wire-volt.js,wire-volt,1,ワイヤーボルト,配線パーツをタップで回転させ、電源からゴールまで電気を通す,タイルをタップで90度回転。電源(SRC)からゴールまで導線をつなぐと通電,3回路 完成  失敗: 25秒,184,,,connect,high,override,25,3,1,1800,3,se_failure se_success se_tap,bgm_main,false,false,false,,false,false,false,false,false,false,TAP TILES TO ROTATE THEM · CONNECT THE WIRE FROM SRC TO THE GOAL,12,64,true,false,,,true,true,true,true,true,74,20/10/15/9/15/5,0,game.feedback.good/bad で行動の正否を提示する; キャラ/モチーフを game.draw.sprite で描く; 背景に game.draw.gradient を使う(黒一色回避)
626,626-shield-bash.js,shield-bash,1,シールドバッシュ,スワイプ/タップで盾の向きを変え、四方から迫る岩を弾き返す,上下左右スワイプで盾をその向きへ（タップで時計回りに切替）。岩を盾で受ける,8回 弾き返し  失敗: 3回 被弾 or 18秒,168,,,swipe_direction,high,override,18,8,2,1800,3,se_failure se_success se_tap,bgm_main,false,false,false,,false,false,false,false,false,false,SWIPE TO POINT THE SHIELD · TAP TO ROTATE · BLOCK THE INCOMING ROCKS,15,68,true,false,,,true,true,true,true,true,69,20/10/15/4/15/5,0,game.feedback.good/bad で行動の正否を提示する; キャラ/モチーフを game.draw.sprite で描く; 背景に game.draw.gradient を使う(黒一色回避)
627,627-acid-rain.js,acid-rain,1,アシッドレイン,傘を左右に動かして、降り注ぐ酸性雨からキャラを守り抜く,タップした位置へ傘が移動（左右スワイプでも寄せられる）。傘で雨を受け止める,15秒 守り切る  失敗: HPが0 or 15秒,150,,,drag_follow,high,override,15,,1,1800,3,se_failure se_success se_tap,bgm_main,false,false,false,,false,false,false,false,false,false,TAP OR SWIPE TO MOVE THE UMBRELLA · SHIELD YOURSELF FROM THE ACID RAIN,13,70,true,false,,,true,true,true,true,true,69,20/10/15/4/15/5,0,game.feedback.good/bad で行動の正否を提示する; キャラ/モチーフを game.draw.sprite で描く; 背景に game.draw.gradient を使う(黒一色回避)
628,628-pressure-cook.js,pressure-cook,3,プレッシャークック,タップで火力を上げ、鍋の圧力を緑の適正ゾーンに保ち続ける,タップ/上スワイプで火力アップ、下スワイプでダウン。針を緑帯に維持する,適正圧力を通算12秒 維持  失敗: 22秒,151,,,balance,high,override,22,,1,1800,3,se_failure se_success se_tap,bgm_main,false,false,false,,false,false,false,false,false,false,TAP OR SWIPE UP TO ADD HEAT · SWIPE DOWN TO EASE OFF · KEEP THE NEEDLE GREEN,17,76,true,false,,,true,true,true,true,true,69,20/10/15/4/15/5,0,game.feedback.good/bad で行動の正否を提示する; キャラ/モチーフを game.draw.sprite で描く; 背景に game.draw.gradient を使う(黒一色回避)
629,629-crumble-wall.js,crumble-wall,1,クランブルウォール,崩れながら迫る壁の穴の列へ、左右移動でプレイヤーを合わせて通す,左右スワイプ/画面タップで列移動。壁の空いた穴の列にいれば通過、外れると衝突,12枚 突破  失敗: 3回 衝突 or 18秒,160,,,dodge,high,override,18,12,2,1800,3,se_failure se_success se_tap,bgm_main,false,false,false,,false,false,false,false,false,false,SWIPE OR TAP LEFT/RIGHT TO LINE UP WITH THE GAP · SLIP THROUGH EACH WALL,12,72,true,false,,,true,true,true,true,true,62,13/10/15/4/15/5,0,game.feedback.good/bad で行動の正否を提示する; 全入力ハンドラで即時フィードバック(feedback/fx/audio)を返す; キャラ/モチーフを game.draw.sprite で描く
630,630-firefly-jar.js,firefly-jar,1,ホタルのビン,明滅するホタルが光っている一瞬をタップで捕まえてビンに集める,光っているホタルをタップで捕獲。暗い時は捕れない。放置すると逃げてしまう,8匹 捕獲  失敗: 3匹 逃走 or 18秒,151,,,chase,high,override,18,8,2,1800,3,se_failure se_success se_tap,bgm_main,false,false,false,,false,false,false,false,false,false,TAP A FIREFLY WHILE IT GLOWS TO CATCH IT · DO NOT LET THEM ESCAPE,10,65,true,false,,,true,true,true,true,true,69,20/10/15/4/15/5,0,game.feedback.good/bad で行動の正否を提示する; キャラ/モチーフを game.draw.sprite で描く; 背景に game.draw.gradient を使う(黒一色回避)
631,631-speed-sort.js,speed-sort,3,スピードソート,流れてくる数字を、しきい値より小さいか大きいかで左右に素早く振り分ける,左スワイプ/画面左タップで「LOW」、右で「HIGH」。しきい値と比べて正しい側へ,10問 正解  失敗: 3問 誤答 or 18秒,146,,,size_judge,high,override,18,10,2,1800,3,se_failure se_success se_tap,bgm_main,false,false,false,,false,false,false,false,false,false,SWIPE OR TAP LEFT FOR LOW · RIGHT FOR HIGH · BEAT THE THRESHOLD FAST,23,68,true,false,,,true,true,true,true,true,62,13/10/15/4/15/5,0,game.feedback.good/bad で行動の正否を提示する; 全入力ハンドラで即時フィードバック(feedback/fx/audio)を返す; キャラ/モチーフを game.draw.sprite で描く
632,632-shadow-puppet.js,shadow-puppet,5,ハンドシャドウ,4方向のゾーンをタップで手の形を作り、お手本の影絵と一致させる,上下左右のゾーンをタップでON/OFF切替 → 中央の決定を押して判定,8形 一致  失敗: 3形 ミス or 22秒,168,,,judge,high,override,22,8,2,1800,3,se_failure se_success se_tap,bgm_main,false,false,false,,false,false,false,false,false,false,TAP THE 4 ZONES TO SHAPE YOUR HAND · MATCH THE TARGET · TAP CENTER TO LOCK,26,74,true,false,,,true,true,true,true,true,74,20/10/15/9/15/5,0,game.feedback.good/bad で行動の正否を提示する; キャラ/モチーフを game.draw.sprite で描く; 背景に game.draw.gradient を使う(黒一色回避)
633,633-meteor-shield.js,meteor-shield,6,メテオシールド,惑星の周りの6セクターをタップでシールド展開し、隕石を撃ち落とす,隕石が来る方向のセクターをタップで起動（再タップで解除）。エネルギー切れ注意,15秒 惑星を守る  失敗: 惑星HPが0 or 15秒,159,,,swipe_direction,high,override,15,,1,1800,3,se_failure se_success se_tap,bgm_main,false,false,false,,false,false,false,false,false,false,TAP THE SECTOR FACING AN INCOMING METEOR TO SHIELD IT · WATCH YOUR ENERGY,11,73,true,false,,,true,true,true,true,true,69,20/10/15/4/15/5,0,game.feedback.good/bad で行動の正否を提示する; キャラ/モチーフを game.draw.sprite で描く; 背景に game.draw.gradient を使う(黒一色回避)
634,634-rhythm-tap.js,rhythm-tap,1,リズムタップ,4レーンを流れ落ちるビートがヒットラインに重なる瞬間をタップで叩く,落ちてくるビートがラインに来た所（その真下）をタップ。PERFECT/GOODで加点,15ヒット  失敗: 3ミス or 18秒,143,,,rhythm,high,override,18,15,2,1800,3,se_failure se_success se_tap,bgm_main,false,false,false,,false,false,false,false,false,false,TAP THE LANE WHEN ITS BEAT REACHES THE HIT LINE · PERFECT SCORES MORE,13,69,true,false,,,true,true,true,true,true,69,20/10/15/4/15/5,0,game.feedback.good/bad で行動の正否を提示する; キャラ/モチーフを game.draw.sprite で描く; 背景に game.draw.gradient を使う(黒一色回避)
635,635-chain-bomb.js,chain-bomb,2,チェーンボム,盤上に爆弾を追加配置し、上スワイプで起爆して大連鎖を狙う,タップで爆弾を置く/取り除く（持ち弾5個） → 上スワイプで起爆。連鎖数を稼ぐ,連鎖 8以上  失敗: 3回 失敗 or 25秒,168,,,timing_one_shot,high,override,25,,2,1800,3,se_failure se_success se_tap,bgm_main,false,false,false,,false,false,false,false,false,false,TAP TO ADD BOMBS (5 LEFT) · SWIPE UP TO DETONATE · CHAIN THE BLASTS,21,67,true,false,,,true,true,true,true,true,64,20/10/15/4/10/5,0,game.feedback.good/bad で行動の正否を提示する; キャラ/モチーフを game.draw.sprite で描く; 背景に game.draw.gradient を使う(黒一色回避)
636,636-pixel-paint.js,pixel-paint,7,ピクセルペイント,お手本のドット絵を、格子をタップで塗って時間内に再現する,セルをタップで塗る/消す（左右スワイプで色替え）→ CHECKボタンで一致率判定,80%以上 一致  失敗: 30秒 or 3回チェックで50%未満,158,,,trace,high,override,30,,0,1800,3,se_failure se_success se_tap,bgm_main,false,false,false,,false,false,false,false,false,false,TAP CELLS TO PAINT · SWIPE TO CHANGE COLOR · HIT CHECK TO MATCH THE TARGET,14,74,true,false,,,true,true,true,true,true,69,20/10/15/4/15/5,0,game.feedback.good/bad で行動の正否を提示する; キャラ/モチーフを game.draw.sprite で描く; 背景に game.draw.gradient を使う(黒一色回避)
637,637-ball-newton.js,ball-newton,1,ボールニュートン,左右に揺れる2つの振り子を、玉が中央でぶつかる瞬間にタップで止める,タップで近い方の玉を止める。2つとも中央の衝突ゾーンで止められれば成功,8回 完璧な衝突  失敗: 3回 ミス or 22秒,154,,,timing_one_shot,high,override,22,8,2,1800,3,se_failure se_success se_tap,bgm_main,false,false,false,,false,false,false,false,false,false,TAP TO STOP THE NEARER BALL · FREEZE BOTH IN THE CENTER ZONE TO SCORE,12,69,true,false,,,true,true,true,true,true,64,20/10/15/4/10/5,0,game.feedback.good/bad で行動の正否を提示する; キャラ/モチーフを game.draw.sprite で描く; 背景に game.draw.gradient を使う(黒一色回避)
638,638-fruit-slice.js,fruit-slice,3,フルーツスライス,打ち上がる果物をスワイプで切る。爆弾を切ると失敗、落とすとミス,スワイプで果物を斬る。黒い爆弾は切らずにやり過ごす。取りこぼしも失点,12個 スライス  失敗: 爆弾3切 or 3個 落球 or 18秒,160,,,slice,high,override,18,12,1,1800,3,se_failure se_success se_tap,bgm_main,false,false,false,,false,false,false,false,false,false,SWIPE TO SLICE THE FRUIT · DO NOT CUT THE BLACK BOMBS · DO NOT DROP FRUIT,11,73,true,false,,,true,true,true,true,true,64,20/10/10/4/15/5,0,game.feedback.good/bad で行動の正否を提示する; キャラ/モチーフを game.draw.sprite で描く; 背景に game.draw.gradient を使う(黒一色回避)
639,639-typing-race.js,typing-race,1,タイピングレース,お題の単語のかなを、格子から順番にタップして完成させる,光る次のかなを格子から探してタップ。順に全文字そろえると1単語クリア,5単語 完成  失敗: 3ミス or 25秒,157,,,spot,high,override,25,5,2,1800,3,se_failure se_success se_tap,bgm_main,false,false,false,,false,false,false,false,false,false,TAP THE HIGHLIGHTED KANA IN ORDER TO SPELL EACH WORD · GO FAST,20,62,true,false,,,true,true,true,true,true,74,20/10/15/9/15/5,0,game.feedback.good/bad で行動の正否を提示する; キャラ/モチーフを game.draw.sprite で描く; 背景に game.draw.gradient を使う(黒一色回避)
640,640-bounce-mad.js,bounce-mad,1,バウンスマッド,壁で跳ね回るボールを、タップで動かすバケツで下段で受け止める,タップした位置へバケツが移動。壁反射で予測しづらいボールをキャッチ,12個 キャッチ  失敗: 3個 落球 or 18秒,141,,,drag_follow,high,override,18,12,2,1800,3,se_failure se_success se_tap,bgm_main,false,false,false,,false,false,false,false,false,false,TAP TO MOVE THE BUCKET · CATCH THE WILDLY BOUNCING BALLS BELOW,9,62,true,false,,,true,true,true,true,true,69,20/10/15/4/15/5,0,game.feedback.good/bad で行動の正否を提示する; キャラ/モチーフを game.draw.sprite で描く; 背景に game.draw.gradient を使う(黒一色回避)
641,641-balance-beam.js,balance-beam,4,バランスビーム,落ちてくる重りを左右どちらに置くか選び、シーソーの水平を保つ,画面左タップで左、右タップで右へ重りを置く。傾き過ぎないよう釣り合わせる,水平ゾーンを通算12秒 維持  失敗: 3回 傾き過ぎ or 22秒,151,,,balance,high,override,22,,1,1800,3,se_failure se_success se_tap,bgm_main,false,false,false,,false,false,false,false,false,false,TAP LEFT OR RIGHT TO DROP EACH WEIGHT · KEEP THE BEAM LEVEL,16,59,true,false,,,true,true,true,true,true,69,20/10/15/4/15/5,0,game.feedback.good/bad で行動の正否を提示する; キャラ/モチーフを game.draw.sprite で描く; 背景に game.draw.gradient を使う(黒一色回避)
642,642-ice-slide.js,ice-slide,7,アイスライド,氷上を滑るコインをスワイプで転がし、穴を避けてゴールの星へ導く,上下左右スワイプ（またはタップ方向）でコインを滑らせる。氷なので滑り続ける,5ゴール 到達  失敗: 3回 落下 or 25秒,159,,,guide_path,high,override,25,5,2,1800,3,se_failure se_success se_tap,bgm_main,false,false,false,,false,false,false,false,false,false,SWIPE TO SLIDE THE COIN ACROSS THE ICE · DODGE THE HOLES · REACH THE STAR,13,73,true,false,,,true,true,true,true,true,62,13/10/15/4/15/5,0,game.feedback.good/bad で行動の正否を提示する; 全入力ハンドラで即時フィードバック(feedback/fx/audio)を返す; キャラ/モチーフを game.draw.sprite で描く
643,643-spark-catcher.js,spark-catcher,1,スパークキャッチャー,発生源から飛び散る火花を、下段の導線バーで受け止める,タップした位置へ導線バーが移動。落ちてくる火花をバーで受ける,12個 キャッチ  失敗: 5個 逃走 or 18秒,142,,,drag_follow,high,override,18,12,2,1800,3,se_failure se_success se_tap,bgm_main,false,false,false,,false,false,false,false,false,false,TAP TO MOVE THE WIRE BAR · CATCH THE FLYING SPARKS BEFORE THEY DROP,9,67,true,false,,,true,true,true,true,true,69,20/10/15/4/15/5,0,game.feedback.good/bad で行動の正否を提示する; キャラ/モチーフを game.draw.sprite で描く; 背景に game.draw.gradient を使う(黒一色回避)
644,644-slide-lock.js,slide-lock,1,スライドロック,各スロットのピンをタップで上下に動かし、緑の目標位置にそろえて開錠,スロットのピンより上をタップで上へ、下をタップで下へ。全ピンを目標に合わせる,3錠 開錠  失敗: 手数超過 or 22秒,149,,,gap_fit,high,override,22,3,1,1800,3,se_failure se_success se_tap,bgm_main,false,false,false,,false,false,false,false,false,false,TAP ABOVE OR BELOW EACH PIN TO SLIDE IT · ALIGN ALL PINS TO THE GREEN MARKS,16,75,true,false,,,true,true,true,true,true,69,20/10/15/4/15/5,0,game.feedback.good/bad で行動の正否を提示する; キャラ/モチーフを game.draw.sprite で描く; 背景に game.draw.gradient を使う(黒一色回避)
645,645-neon-painter.js,neon-painter,1,ネオンペインター,左右に動くネオンの的をタップで塗りつぶす。全て塗れば成功,的をタップしてペイントショットを当てる。空振りはミス。動きを読んで狙う,5個 塗る  失敗: 3回 空振り or 18秒,141,,,aim_shoot,high,override,18,,2,1800,3,se_failure se_success se_tap,bgm_main,false,false,false,,false,false,false,false,false,false,TAP THE MOVING NEON TARGETS TO PAINT THEM · NO WASTED SHOTS,10,59,true,false,,,true,true,true,true,true,69,20/10/15/4/15/5,0,game.feedback.good/bad で行動の正否を提示する; キャラ/モチーフを game.draw.sprite で描く; 背景に game.draw.gradient を使う(黒一色回避)
646,646-sand-pour.js,sand-pour,1,サンドポア,タップで砂を注ぎ、緑の目標ラインぴったりでもう一度タップして止める,タップで注ぎ開始 → 目標%に達したらタップで停止。誤差5%以内で成功,5回 ぴったり  失敗: 3回 外し or 18秒,146,,,count_exact,high,override,18,5,2,1800,3,se_failure se_success se_tap,bgm_main,false,false,false,,false,false,false,false,false,false,TAP TO POUR SAND · TAP AGAIN TO STOP AT THE GREEN LINE · WITHIN 5%,14,66,true,false,,,true,true,true,true,true,59,20/10/15/4/5/5,0,game.feedback.good/bad で行動の正否を提示する; キャラ/モチーフを game.draw.sprite で描く; 背景に game.draw.gradient を使う(黒一色回避)
647,647-magnet-maze.js,magnet-maze,3,マグネットメイズ,タップで磁石を動かし、鉄球を引き寄せて穴を避けゴールの星へ導く,タップした位置に磁石が移動。磁力で鉄球を引きつつ、黒い穴を回避してゴールへ,5回 ゴール  失敗: 3回 落下 or 25秒,154,,,guide_path,high,override,25,5,2,1800,3,se_failure se_success se_tap,bgm_main,false,false,false,,false,false,false,false,false,false,TAP TO MOVE THE MAGNET · PULL THE BALL PAST THE HOLES TO THE STAR,9,65,true,false,,,true,true,true,true,true,69,20/10/15/4/15/5,0,game.feedback.good/bad で行動の正否を提示する; キャラ/モチーフを game.draw.sprite で描く; 背景に game.draw.gradient を使う(黒一色回避)
648,648-tower-defense.js,tower-defense,3,タワーディフェンス,経路の脇にタップで砲台を建て、進軍する敵をゴール前で撃退する,タップで砲台を配置（Gを消費）。砲台が自動で敵を撃つ。敵の突破を防ぐ,3ウェーブ 撃退  失敗: 敵3体 突破 or 45秒,164,,,aim_shoot,high,override,45,,2,1800,3,se_failure se_success se_tap,bgm_main,false,false,false,,false,false,false,false,false,false,TAP BESIDE THE PATH TO BUILD TURRETS · STOP THE ENEMIES REACHING BASE,14,69,true,false,,,true,true,true,true,true,74,20/10/15/9/15/5,0,game.feedback.good/bad で行動の正否を提示する; キャラ/モチーフを game.draw.sprite で描く; 背景に game.draw.gradient を使う(黒一色回避)
649,649-spin-match.js,spin-match,1,スピンマッチ,回転する4つの輪をタップで止め、頂点の色をすべてお題の色にそろえる,輪の上をタップで一番近い輪を停止。全輪の頂点色が目標と一致すれば成功,5回 全色一致  失敗: 3ミス or 22秒,158,,,timing_one_shot,high,override,22,5,2,1800,3,se_failure se_success se_tap,bgm_main,false,false,false,,false,false,false,false,false,false,TAP A RING TO STOP IT · MATCH EVERY RING TOP TO THE TARGET COLORS,17,65,true,false,,,true,true,true,true,true,69,20/10/15/4/15/5,0,game.feedback.good/bad で行動の正否を提示する; キャラ/モチーフを game.draw.sprite で描く; 背景に game.draw.gradient を使う(黒一色回避)
650,650-crash-safe.js,crash-safe,1,クラッシュセーフ,高速で迫る壁の隙間を、タップで上下移動してくぐり抜ける,画面上半分タップで上へ、下半分で下へジャンプ。壁のギャップに合わせて通過,12枚 突破  失敗: 3回 衝突 or 18秒,143,,,dodge,high,override,18,12,1,1800,3,se_failure se_success se_tap,bgm_main,false,false,false,,false,false,false,false,false,false,"TAP UPPER HALF TO RISE, LOWER HALF TO DROP · THREAD THE WALL GAPS",9,65,true,false,,,true,true,true,true,true,69,20/10/15/4/15/5,0,game.feedback.good/bad で行動の正否を提示する; キャラ/モチーフを game.draw.sprite で描く; 背景に game.draw.gradient を使う(黒一色回避)
651,651-lava-hop.js,lava-hop,1,ラバホップ,溶岩に浮かぶ石を、沈む前にタップで次々に飛び移って進む,タップで次の石へジャンプ。乗った石は少し待つと沈み始める。溶岩に落ちるとミス,15石 クリア  失敗: 3回 落下 or 18秒,167,,,camera_run,high,override,18,15,2,1800,3,se_failure se_success se_tap,bgm_main,false,false,false,,false,false,false,false,false,false,TAP TO LEAP TO THE NEXT STONE · THEY SINK ONCE YOU LAND · DODGE THE LAVA,9,72,true,false,,,true,true,true,true,true,69,20/10/15/4/15/5,0,game.feedback.good/bad で行動の正否を提示する; キャラ/モチーフを game.draw.sprite で描く; 背景に game.draw.gradient を使う(黒一色回避)
652,652-orbit-tap.js,orbit-tap,1,オービットタップ,周回する衛星が緑の通過ゾーンに重なった瞬間、衛星をタップする,光る軌道の衛星がゾーンに来たらタップ。早すぎ・遅すぎはミス,12回 通過  失敗: 3回 外し or 18秒,143,,,timing_one_shot,high,override,18,12,2,1800,3,se_failure se_success se_tap,bgm_main,false,false,false,,false,false,false,false,false,false,TAP THE GLOWING SATELLITE WHEN IT CROSSES THE GREEN ZONE,11,56,true,false,,,true,true,true,true,true,69,20/10/15/4/15/5,0,game.feedback.good/bad で行動の正否を提示する; キャラ/モチーフを game.draw.sprite で描く; 背景に game.draw.gradient を使う(黒一色回避)
653,653-quake-run.js,quake-run,1,クエイクラン,地震で崩れる足場を走り、タップジャンプで裂け目を飛び越えて進む,画面上半分タップ（または上スワイプ）でジャンプ、下半分タップでダッシュ加速,200m 走破  失敗: 3回 落下 or 18秒,153,,,camera_run,high,override,18,,2,1800,3,se_failure se_success se_tap,bgm_main,false,false,false,,false,false,false,false,false,false,TAP UPPER HALF (OR SWIPE UP) TO JUMP THE CRACKS · TAP LOWER TO DASH,11,67,true,false,,,true,true,true,true,true,69,20/10/15/4/15/5,0,game.feedback.good/bad で行動の正否を提示する; キャラ/モチーフを game.draw.sprite で描く; 背景に game.draw.gradient を使う(黒一色回避)
654,654-color-flood.js,color-flood,6,カラーフラッド,左上から広がる塗り色を選び、盤面すべてを1色に染め上げる,下のパレットの色をタップすると左上と繋がった同色領域がその色に変わる,20手以内に 全マス単色  失敗: 手数超過 or 25秒,143,,,judge,high,override,25,,0,1800,3,se_failure se_success se_tap,bgm_main,false,false,false,,false,false,false,false,false,false,TAP A PALETTE COLOR TO FLOOD FROM THE TOP-LEFT · FILL THE BOARD IN ONE COLOR,10,76,true,false,,,true,true,true,true,true,69,20/10/15/4/15/5,0,game.feedback.good/bad で行動の正否を提示する; キャラ/モチーフを game.draw.sprite で描く; 背景に game.draw.gradient を使う(黒一色回避)
655,655-lightning-catch.js,lightning-catch,1,ライトニングキャッチ,落雷ポイントへロッドを寄せ、稲妻が光った一瞬にタップで受ける,タップでロッドを移動。予告(!)の位置に寄せ、NOW!の瞬間にロッド下でタップ,8本 キャッチ  失敗: 3回 外し or 18秒,147,,,chase,high,override,18,8,2,1800,3,se_failure se_success se_tap,bgm_main,false,false,false,,false,false,false,false,false,false,MOVE THE ROD UNDER THE WARNING · TAP THE MOMENT THE BOLT FLASHES,21,64,true,false,,,true,true,true,true,true,69,20/10/15/4/15/5,0,game.feedback.good/bad で行動の正否を提示する; キャラ/モチーフを game.draw.sprite で描く; 背景に game.draw.gradient を使う(黒一色回避)
656,656-bubble-sort.js,bubble-sort,2,バブルソート,隣り合うバブルをタップで交換し、数字を小さい順に並べ替える,バブルをタップで選択 → 隣のバブルをタップで交換。1〜6を昇順にそろえる,3セット 完成  失敗: 20手 超過 or 25秒,146,,,drag_sort,high,override,25,,0,1800,3,se_failure se_success se_tap,bgm_main,false,false,false,,false,false,false,false,false,false,TAP A BUBBLE THEN A NEIGHBOR TO SWAP · SORT THE NUMBERS SMALL TO LARGE,12,70,true,false,,,true,true,true,true,true,64,20/10/15/4/10/5,0,game.feedback.good/bad で行動の正否を提示する; キャラ/モチーフを game.draw.sprite で描く; 背景に game.draw.gradient を使う(黒一色回避)
657,657-time-stop.js,time-stop,1,タイムストップ,往復する光点が緑のSTOPゾーンに入った瞬間、タップで時を止める,タップで停止。光点がゾーン内なら成功。速度は徐々に上がる,8回 ピタリ  失敗: 3回 外し or 18秒,145,,,timing_one_shot,high,override,18,8,2,1800,3,se_failure se_success se_tap,bgm_main,false,false,false,,false,false,false,false,false,false,TAP TO FREEZE TIME WHEN THE MARKER IS INSIDE THE GREEN STOP ZONE,14,64,true,false,,,true,true,true,true,true,69,20/10/15/4/15/5,0,game.feedback.good/bad で行動の正否を提示する; キャラ/モチーフを game.draw.sprite で描く; 背景に game.draw.gradient を使う(黒一色回避)
658,658-wobble-stack.js,wobble-stack,1,ゆらゆら積み,左右に揺れるブロックが塔の真上に来た瞬間、タップで落として積む,タップでブロックを落下。中心に近いほど高評価。ズレの許容範囲は少しずつ狭まる,8個 積む  失敗: 3回 外し or 18秒,130,,,stack,high,override,18,8,1,1800,3,se_failure se_success se_tap,bgm_main,false,false,false,,false,false,false,false,false,false,TAP TO DROP THE SWINGING BLOCK WHEN IT LINES UP WITH THE TOWER,12,62,true,false,,,true,true,true,true,true,69,20/10/15/4/15/5,0,game.feedback.good/bad で行動の正否を提示する; キャラ/モチーフを game.draw.sprite で描く; 背景に game.draw.gradient を使う(黒一色回避)
659,659-spotlight.js,spotlight,1,スポットライト,動くライトが役者を照らした一瞬にタップでキャッチする,スポットが役者に重なって光った瞬間タップ。暗い間の空タップはノーペナルティ,8回 キャッチ  失敗: 3回 見逃し or 18秒,142,,,timing_one_shot,high,override,18,8,2,1800,3,se_failure se_success se_tap,bgm_main,false,false,false,,false,false,false,false,false,false,TAP THE INSTANT THE SPOTLIGHT REVEALS THE PERFORMER IN THE DARK,12,63,true,false,,,true,true,true,true,true,69,20/10/15/4/15/5,0,game.feedback.good/bad で行動の正否を提示する; キャラ/モチーフを game.draw.sprite で描く; 背景に game.draw.gradient を使う(黒一色回避)
660,660-bucket-shuffle.js,bucket-shuffle,1,バケツシャッフル,落ちてくる玉と同じ色のバケツを、画面左右タップで選んで仕分ける,玉の色を見て、その色のバケツがある側（左/右）をタップ。数回ごとに色が入れ替わる,10個 仕分け  失敗: 3回 間違い or 18秒,145,,,judge,high,override,18,10,2,1800,3,se_failure se_success se_tap,bgm_main,false,false,false,,false,false,false,false,false,false,TAP THE SIDE WITH THE BUCKET MATCHING THE FALLING BALL · COLORS SWAP OFTEN,15,74,true,false,,,true,true,true,true,true,69,20/10/15/4/15/5,0,game.feedback.good/bad で行動の正否を提示する; キャラ/モチーフを game.draw.sprite で描く; 背景に game.draw.gradient を使う(黒一色回避)
661,661-color-memory.js,color-memory,2,カラーメモリー,光った色の順番を覚え、同じ順にボタンをタップして再現する,提示フェーズで点滅順を記憶 → 再現フェーズで同じ順に色ボタンをタップ,5ラウンド クリア  失敗: 3回 ミス or 25秒,150,,,memory_sequence,high,override,25,,2,1800,3,se_failure se_success se_tap,bgm_main,false,false,false,,false,false,false,false,false,false,WATCH THE FLASH ORDER · THEN TAP THE COLOR BUTTONS IN THE SAME ORDER,33,68,true,false,,,true,true,true,true,true,64,20/10/10/4/15/5,0,game.feedback.good/bad で行動の正否を提示する; キャラ/モチーフを game.draw.sprite で描く; 背景に game.draw.gradient を使う(黒一色回避)
662,662-shrink-shot.js,shrink-shot,1,シュリンクショット,縮んでいく的を、消える前にタップで射抜く。小さいほど高得点,的をタップで撃つ。中心の緑ほど加点。空振りや的消滅はミス,10ヒット  失敗: 3回 外し/消滅 or 18秒,145,,,aim_shoot,high,override,18,10,2,1800,3,se_failure se_success se_tap,bgm_main,false,false,false,,false,false,false,false,false,false,TAP THE SHRINKING TARGETS BEFORE THEY VANISH · SMALLER = MORE POINTS,15,68,true,false,,,true,true,true,true,true,69,20/10/15/4/15/5,0,game.feedback.good/bad で行動の正否を提示する; キャラ/モチーフを game.draw.sprite で描く; 背景に game.draw.gradient を使う(黒一色回避)
663,663-juggle.js,juggle,1,ジャグリング,頂点に達した球をタップで叩き上げ、落とさずジャグリングを続ける,球が最高点で光ったらタップ。早すぎ/遅すぎは無効。球は徐々に増える,15回 ジャグル  失敗: 3回 落球 or 18秒,156,,,timing_one_shot,high,override,18,15,2,1800,3,se_failure se_success se_tap,bgm_main,false,false,false,,false,false,false,false,false,false,TAP EACH BALL AT ITS PEAK TO KEEP IT UP · DO NOT DROP · MORE BALLS OVER TIME,13,76,true,false,,,true,true,true,true,true,69,20/10/15/4/15/5,0,game.feedback.good/bad で行動の正否を提示する; キャラ/モチーフを game.draw.sprite で描く; 背景に game.draw.gradient を使う(黒一色回避)
664,664-slalom.js,slalom,1,スラローム,迫る旗門の開いたレーンへ、左右タップでスキーヤーを寄せてくぐり抜ける,画面左半分タップで左レーン、右半分で右レーンへ移動。開いた列を通過する,15門 通過  失敗: 3回 ミス or 18秒,150,,,dodge,high,override,18,15,2,1800,3,se_failure se_success se_tap,bgm_main,false,false,false,,false,false,false,false,false,false,TAP LEFT / RIGHT TO SHIFT LANES · SKI THROUGH THE OPEN GATE COLUMN,11,66,true,false,,,true,true,true,true,true,69,20/10/15/4/15/5,0,game.feedback.good/bad で行動の正否を提示する; キャラ/モチーフを game.draw.sprite で描く; 背景に game.draw.gradient を使う(黒一色回避)
665,665-cell-split.js,cell-split,1,セルスプリット,膨らむ細胞が限界サイズに達する前にタップで2つに分裂させる,細胞をタップで分裂。放っておくと膨らみ続け、赤くなり限界を超えると失敗,12回 分裂  失敗: 3個 過膨張 or 18秒,140,,,timing_window,high,override,18,12,1,1800,3,se_failure se_success se_tap,bgm_main,false,false,false,,false,false,false,false,false,false,TAP A CELL TO SPLIT IT BEFORE IT GROWS TOO BIG · RED MEANS DANGER,11,65,true,false,,,true,true,true,true,true,69,20/10/15/4/15/5,0,game.feedback.good/bad で行動の正否を提示する; キャラ/モチーフを game.draw.sprite で描く; 背景に game.draw.gradient を使う(黒一色回避)
666,666-magnet-fish.js,magnet-fish,1,マグネットフィッシュ,タップで磁石を左右に動かし、浮いてくる金属を引き上げて回収する,タップした位置へ磁石が移動。近づいた金属は磁力で吸着し引き上げる。星は高得点,10個 回収  失敗: 3個 取り逃し or 18秒,148,,,drag_follow,high,override,18,10,2,1800,3,se_failure se_success se_tap,bgm_main,false,false,false,,false,false,false,false,false,false,TAP TO MOVE THE MAGNET · PULL UP THE RISING METAL · GOLD STARS SCORE DOUBLE,12,75,true,false,,,true,true,true,true,true,69,20/10/15/4/15/5,0,game.feedback.good/bad で行動の正否を提示する; キャラ/モチーフを game.draw.sprite で描く; 背景に game.draw.gradient を使う(黒一色回避)
667,667-spiral-drop.js,spiral-drop,1,スパイラルドロップ,回転する同心円の輪の隙間が来た瞬間、タップで内へ通り抜ける,現在の輪の隙間が球の位置に重なった時タップで前進。輪に当たると衝突,12輪 通過  失敗: 3回 衝突 or 18秒,145,,,timing_window,high,override,18,12,2,1800,3,se_failure se_success se_tap,bgm_main,false,false,false,,false,false,false,false,false,false,TAP WHEN THE CURRENT RING GAP LINES UP WITH YOUR BALL · SLIP INWARD,12,67,true,false,,,true,true,true,true,true,69,20/10/15/4/15/5,0,game.feedback.good/bad で行動の正否を提示する; キャラ/モチーフを game.draw.sprite で描く; 背景に game.draw.gradient を使う(黒一色回避)
668,668-boomerang.js,boomerang,2,ブーメラン,タップで投げ、弧を描いて戻ってきた瞬間タップでキャッチする,タップで投擲 → 戻ってきて「NOW!」の輪が出たらタップでキャッチ。逃すとミス,8回 キャッチ  失敗: 3回 取り逃し or 18秒,154,,,timing_one_shot,high,override,18,8,2,1800,3,se_failure se_success se_tap,bgm_main,false,false,false,,false,false,false,false,false,false,TAP TO THROW · TAP AGAIN WHEN IT RETURNS AND THE CATCH RING GLOWS,27,65,true,false,,,true,true,true,true,true,64,20/10/15/4/10/5,0,game.feedback.good/bad で行動の正否を提示する; キャラ/モチーフを game.draw.sprite で描く; 背景に game.draw.gradient を使う(黒一色回避)
669,669-dial-lock.js,dial-lock,1,ダイヤルロック,3つのダイヤルをタップで回し、上に出た目標の数字にそろえて解錠する,ダイヤルをタップすると数字が1増える。3桁すべてを目標値に合わせると解錠,3回 解錠  失敗: 25タップ 超過 or 25秒,141,,,count_exact,high,override,25,3,2,1800,3,se_failure se_success se_tap,bgm_main,false,false,false,,false,false,false,false,false,false,TAP A DIAL TO SPIN IT · MATCH ALL 3 DIALS TO THE TARGET CODE TO UNLOCK,12,70,true,false,,,true,true,true,true,true,69,20/10/15/4/15/5,0,game.feedback.good/bad で行動の正否を提示する; キャラ/モチーフを game.draw.sprite で描く; 背景に game.draw.gradient を使う(黒一色回避)
670,670-yin-yang.js,yin-yang,1,インヤン,光と影のエネルギーを交互にタップで吸収し、両者の差を小さく保ち続ける,タップで光(右)→影(左)→光…と交互に吸収。どちらも減り続け、差が開くと失敗,15秒 バランス維持  失敗: 差が開きすぎ or どちらか0 or 15秒,129,,,alternate_tap,high,override,15,,1,1800,3,se_failure se_success se_tap,bgm_main,false,false,false,,false,false,false,false,false,false,TAP TO ABSORB LIGHT AND DARK ALTERNATELY · KEEP THE TWO IN BALANCE,20,66,true,false,,,true,true,true,true,true,69,20/10/15/4/15/5,0,game.feedback.good/bad で行動の正否を提示する; キャラ/モチーフを game.draw.sprite で描く; 背景に game.draw.gradient を使う(黒一色回避)
671,671-pendulum-sort.js,pendulum-sort,1,ペンデュラムソート,振り子で揺れる球が同じ色のバケツ上に来た瞬間タップで落として仕分ける,タップで糸を切って球を落とす。球の色と同じ色のバケツ上ならピッタリ、外すとミス,10個 仕分け  失敗: 3回 外し or 18秒,142,,,drop_timing,high,override,18,10,2,1800,3,se_failure se_success se_tap,bgm_main,false,false,false,,false,false,false,false,false,false,TAP TO DROP THE SWINGING BALL WHEN IT IS OVER THE MATCHING BUCKET,12,65,true,false,,,true,true,true,true,true,69,20/10/15/4/15/5,0,game.feedback.good/bad で行動の正否を提示する; キャラ/モチーフを game.draw.sprite で描く; 背景に game.draw.gradient を使う(黒一色回避)
672,672-tap-survival.js,tap-survival,1,タップサバイバル,生命コアが減り続ける。タップで回復しながら制限時間を耐え抜く,タップで生命力を回復。時間経過で減少速度が上がる。0になる前に生き残れ,12秒 生存  失敗: 生命力が0,126,,,mash,high,override,12,,1,1800,3,se_failure se_success se_tap,bgm_main,false,false,false,,false,false,false,false,false,false,TAP TO REFILL THE LIFE CORE · IT DRAINS FASTER OVER TIME · DO NOT HIT ZERO,10,74,true,false,,,true,true,true,true,true,64,20/10/15/4/10/5,0,game.feedback.good/bad で行動の正否を提示する; キャラ/モチーフを game.draw.sprite で描く; 背景に game.draw.gradient を使う(黒一色回避)
673,673-wire-cut.js,wire-cut,2,ワイヤーカット,上に示された順番どおりに、爆弾の対応する色のワイヤーをタップで切る,指示された切断順(色)に従い、下のワイヤーをタップで切断。順番を間違えると爆発,3個 解除  失敗: 3回 誤切断 or 25秒,156,,,slice,high,override,25,3,1,1800,3,se_failure se_success se_tap,bgm_main,false,false,false,,false,false,false,false,false,false,CUT THE WIRES IN THE ORDER SHOWN AT THE TOP · WRONG ORDER = BOOM,17,64,true,false,,,true,true,true,true,true,69,20/10/15/4/15/5,0,game.feedback.good/bad で行動の正否を提示する; キャラ/モチーフを game.draw.sprite で描く; 背景に game.draw.gradient を使う(黒一色回避)
674,674-popcorn.js,popcorn,1,ポップコーン,鍋の中の粒が弾けて飛び上がった一瞬、タップでキャッチする,弾けて「POP!」と光った粒をタップ。窓の時間内に取らないと逃げてしまう,12粒 キャッチ  失敗: 3粒 逃走 or 18秒,144,,,timing_window,high,override,18,12,2,1800,3,se_failure se_success se_tap,bgm_main,false,false,false,,false,false,false,false,false,false,TAP EACH KERNEL THE MOMENT IT POPS UP · GRAB IT BEFORE IT ESCAPES,12,65,true,false,,,true,true,true,true,true,69,20/10/15/4/15/5,0,game.feedback.good/bad で行動の正否を提示する; キャラ/モチーフを game.draw.sprite で描く; 背景に game.draw.gradient を使う(黒一色回避)
675,675-odd-pixel.js,odd-pixel,1,オッドピクセル,格子の中で1マスだけ微妙に色が違うマスを見つけてタップする,違う色のマスをタップ。ラウンドが進むほど色差が小さくなり難しくなる,8問 正解  失敗: 3回 誤答 or 25秒,135,,,spot,high,override,25,8,2,1800,3,se_failure se_success se_tap,bgm_main,false,false,false,,false,false,false,false,false,false,TAP THE ONE TILE WITH A SLIGHTLY DIFFERENT COLOR · IT GETS HARDER,15,65,true,false,,,true,true,true,true,true,64,20/10/15/4/10/5,0,game.feedback.good/bad で行動の正否を提示する; キャラ/モチーフを game.draw.sprite で描く; 背景に game.draw.gradient を使う(黒一色回避)
676,676-rockslide.js,rockslide,1,ロックスライド,3レーンを左右移動し、山から降ってくる落石をかわして生き延びる,画面左半分タップで左レーン、右半分で右レーンへ。落ちてくる岩を避ける,15秒 生存  失敗: 3回 被弾 or 15秒,134,,,dodge,high,override,15,,2,1800,3,se_failure se_success se_tap,bgm_main,false,false,false,,false,false,false,false,false,false,TAP LEFT / RIGHT TO CHANGE LANE · DODGE THE FALLING ROCKS,9,57,true,false,,,true,true,true,true,true,69,20/10/15/4/15/5,0,game.feedback.good/bad で行動の正否を提示する; キャラ/モチーフを game.draw.sprite で描く; 背景に game.draw.gradient を使う(黒一色回避)
677,677-firefly.js,firefly,2,ホタルハント,森の闇に明滅するホタルが光った一瞬をタップで捕まえる,光っているホタルをタップ。暗い時は捕れない。放置すると飛び去ってしまう,10匹 捕獲  失敗: 3匹 逃走 or 18秒,137,,,chase,high,override,18,10,2,1800,3,se_failure se_success se_tap,bgm_main,false,false,false,,false,false,false,false,false,false,TAP EACH FIREFLY WHILE IT GLOWS · DO NOT LET THEM DRIFT AWAY,11,60,true,false,,,true,true,true,true,true,69,20/10/15/4/15/5,0,game.feedback.good/bad で行動の正否を提示する; キャラ/モチーフを game.draw.sprite で描く; 背景に game.draw.gradient を使う(黒一色回避)
678,678-piano.js,piano,1,ピアノメモリー,光る鍵盤の順番を覚え、同じ順にタップしてフレーズを再現する,提示フェーズで点灯順を記憶 → タップフェーズで同じ順に鍵盤を叩く,5フレーズ 再現  失敗: 3ミス or 25秒,159,,,memory_sequence,high,override,25,5,2,1800,3,se_failure se_success se_tap,bgm_main,false,false,false,,false,false,false,false,false,false,WATCH THE KEYS LIGHT UP · THEN TAP THEM IN THE SAME ORDER,31,57,true,false,,,true,true,true,true,true,69,20/10/15/4/15/5,0,game.feedback.good/bad で行動の正否を提示する; キャラ/モチーフを game.draw.sprite で描く; 背景に game.draw.gradient を使う(黒一色回避)
679,679-meteor.js,meteor,1,メテオキャッチ,夜空を高速で横切る流れ星を、消える前にタップで捕まえる,流れ星（頭または尾）をタップ。画面外へ流れ去るとミス,10個 キャッチ  失敗: 3個 逃走 or 18秒,141,,,aim_shoot,high,override,18,10,2,1800,3,se_failure se_success se_tap,bgm_main,false,false,false,,false,false,false,false,false,false,TAP THE STREAKING METEORS BEFORE THEY FLY OFF THE SCREEN,11,56,true,false,,,true,true,true,true,true,69,20/10/15/4/15/5,0,game.feedback.good/bad で行動の正否を提示する; キャラ/モチーフを game.draw.sprite で描く; 背景に game.draw.gradient を使う(黒一色回避)
680,680-number-tap.js,number-tap,1,ナンバータップ,盤面に散らばった数字を、1から順にできるだけ速くタップする,光っている次の数字（NEXT）を探してタップ。順番を間違えると軽いペナルティ,1〜16 を全押し  失敗: 20秒,136,,,spot,high,override,20,,0,1800,3,se_failure se_success se_tap,bgm_main,false,false,false,,false,false,false,false,false,false,TAP THE NUMBERS 1 TO 16 IN ORDER AS FAST AS YOU CAN,10,51,true,false,,,true,true,true,true,true,74,20/10/15/9/15/5,0,game.feedback.good/bad で行動の正否を提示する; キャラ/モチーフを game.draw.sprite で描く; 背景に game.draw.gradient を使う(黒一色回避)
681,681-basket.js,basket,1,バスケットキャッチ,タップした位置へ籠を横移動させ、落ちてくるボールを受け止める,タップで籠がその真下へ移動。上から落ちるボールを籠でキャッチ。取りこぼし注意,10個 キャッチ  失敗: 3個 落球 or 18秒,137,,,drag_follow,high,override,18,10,2,1800,3,se_failure se_success se_tap,bgm_main,false,false,false,,false,false,false,false,false,false,TAP TO SLIDE THE BASKET UNDER THE FALLING BALLS · CATCH THEM ALL,11,64,true,false,,,true,true,true,true,true,69,20/10/15/4/15/5,0,game.feedback.good/bad で行動の正否を提示する; キャラ/モチーフを game.draw.sprite で描く; 背景に game.draw.gradient を使う(黒一色回避)
682,682-clock.js,clock,1,クロックストップ,加速して回る針が真上(12時)を指した瞬間、タップで止める,タップで針を停止。12時から誤差10度以内なら成功。成功ごとに針が速くなる,5回 ジャスト  失敗: 3回 ミス or 22秒,142,,,timing_one_shot,high,override,22,5,2,1800,3,se_failure se_success se_tap,bgm_main,false,false,false,,false,false,false,false,false,false,TAP WHEN THE HAND POINTS STRAIGHT UP AT 12 · WITHIN 10 DEGREES,13,62,true,false,,,true,true,true,true,true,69,20/10/15/4/15/5,0,game.feedback.good/bad で行動の正否を提示する; キャラ/モチーフを game.draw.sprite で描く; 背景に game.draw.gradient を使う(黒一色回避)
683,683-spinner.js,spinner,1,ルーレット,高速回転するホイールを狙った色でタップして止める,タップでホイールにブレーキ。ポインタが狙う色で止まれば成功,5回 色を止める  失敗: 3回 ミス or 22秒,160,,,timing_one_shot,high,override,22,5,2,1800,3,se_failure se_success se_tap,bgm_main,false,false,false,,false,false,false,false,false,false,TAP TO BRAKE THE WHEEL · STOP THE POINTER ON THE TARGET COLOR,18,61,true,false,,,true,true,true,true,true,69,20/10/15/4/15/5,0,game.feedback.good/bad で行動の正否を提示する; キャラ/モチーフを game.draw.sprite で描く; 背景に game.draw.gradient を使う(黒一色回避)
684,684-relay.js,relay,1,バトンリレー,二人のランナーが交差する瞬間にタップでバトンを渡す,二人が重なるゾーンでタップしてバトンタッチ。早すぎ・遅すぎは失敗,6回 バトンパス  失敗: 3回 ミス or 18秒,169,,,timing_one_shot,high,override,18,6,2,1800,3,se_failure se_success se_tap,bgm_main,false,false,false,,false,false,false,false,false,false,TAP WHEN THE RUNNERS OVERLAP TO PASS THE BATON · NOT TOO EARLY,17,62,true,false,,,true,true,true,true,true,69,20/10/15/4/15/5,0,game.feedback.good/bad で行動の正否を提示する; キャラ/モチーフを game.draw.sprite で描く; 背景に game.draw.gradient を使う(黒一色回避)
685,685-color-sort.js,color-sort,2,カラーソート,落ちてくる玉を瞬時に左右のバケツへ仕分ける,玉の色を見て、赤なら画面左をタップ、青なら画面右をタップ,12個 仕分け  失敗: 3個 ミス or 20秒,163,,,drag_sort,high,override,20,12,2,1800,3,se_failure se_success se_tap,bgm_main,false,false,false,,false,false,false,false,false,false,TAP LEFT FOR RED · TAP RIGHT FOR BLUE · SORT THE FALLING BALLS,18,62,true,false,,,true,true,true,true,true,69,20/10/15/4/15/5,0,game.feedback.good/bad で行動の正否を提示する; キャラ/モチーフを game.draw.sprite で描く; 背景に game.draw.gradient を使う(黒一色回避)
686,686-chain-bomb.js,chain-bomb,2,チェインボム,起爆する爆弾を選び、最大の連鎖爆発を引き起こす,タップで最初の爆弾を起爆。爆風が届いた爆弾が次々と連鎖する,5ラウンドで合計2000点  失敗: 24秒,166,,,timing_one_shot,high,override,24,,2,1800,3,se_failure se_success se_tap,bgm_main,false,false,false,,false,false,false,false,false,false,TAP A BOMB TO IGNITE · BLAST TRIGGERS NEARBY BOMBS IN A CHAIN,11,61,true,false,,,true,true,true,true,true,69,20/10/15/4/15/5,0,game.feedback.good/bad で行動の正否を提示する; キャラ/モチーフを game.draw.sprite で描く; 背景に game.draw.gradient を使う(黒一色回避)
687,687-echo-tap.js,echo-tap,3,エコータップ,表示された数字ちょうどの回数だけタップする,表示回数と同じ数だけタップ。手を止めると自動判定。超えたら即アウト,8問 正解  失敗: 3回 ミス or 20秒,153,,,memory_sequence,high,override,20,8,2,1800,3,se_failure se_success se_tap,bgm_main,false,false,false,,false,false,false,false,false,false,TAP EXACTLY THE NUMBER SHOWN · PAUSE TO LOCK IN · DO NOT OVERSHOOT,12,66,true,false,,,true,true,true,true,true,64,20/10/10/4/15/5,0,game.feedback.good/bad で行動の正否を提示する; キャラ/モチーフを game.draw.sprite で描く; 背景に game.draw.gradient を使う(黒一色回避)
688,688-lights-out.js,lights-out,1,ライツアウト,タップでタイルと隣接マスを反転させ、全マスを同じ色に揃える,タイルをタップすると自身と上下左右が反転。盤面を全点灯か全消灯に,3パズル 解決  失敗: 28秒,154,,,judge,high,override,28,3,1,1800,3,se_failure se_success se_tap,bgm_main,false,false,false,,false,false,false,false,false,false,TAP A TILE TO FLIP IT AND ITS NEIGHBORS · MAKE THE WHOLE BOARD MATCH,12,68,true,false,,,true,true,true,true,true,69,20/10/15/9/10/5,0,game.feedback.good/bad で行動の正否を提示する; キャラ/モチーフを game.draw.sprite で描く; 背景に game.draw.gradient を使う(黒一色回避)
689,689-freeze-hunt.js,freeze-hunt,1,フリーズハント,跳ね回るオーブを全部タップして凍結させる,動いているオーブをタップして凍結。全部凍らせるとラウンドクリア（時間で溶ける）,5ラウンド 完了  失敗: 18秒,165,,,chase,high,override,18,5,1,1800,3,se_failure se_success se_tap,bgm_main,false,false,false,,false,false,false,false,false,false,TAP EVERY BOUNCING ORB TO FREEZE IT · CLEAR THE ROUND BEFORE THEY THAW,12,70,true,false,,,true,true,true,true,true,69,20/10/15/4/15/5,0,game.feedback.good/bad で行動の正否を提示する; キャラ/モチーフを game.draw.sprite で描く; 背景に game.draw.gradient を使う(黒一色回避)
690,690-tug.js,tug,1,つなひき,連打で綱を引き、相手より先にゴールラインまで引き込む,タップ連打で綱を引く。CPUに勝てば1勝,5勝  失敗: 3敗 or 20秒,158,,,mash,high,override,20,,2,1800,3,se_failure se_success se_tap,bgm_main,false,false,false,,false,false,false,false,false,false,TAP RAPIDLY TO PULL THE ROPE PAST YOUR LINE BEFORE THE CPU DOES,15,63,true,false,,,true,true,true,true,true,74,20/10/15/9/15/5,0,game.feedback.good/bad で行動の正否を提示する; キャラ/モチーフを game.draw.sprite で描く; 背景に game.draw.gradient を使う(黒一色回避)
691,691-gravity.js,gravity,1,グラビティフリップ,タップで重力を上下反転し、障害物の隙間にボールを通す,タップで重力を反転。天井と床の間を上下しながら壁の隙間を抜ける,10個 通過  失敗: 3回 衝突 or 18秒,155,,,camera_run,high,override,18,10,2,1800,3,se_failure se_success se_tap,bgm_main,false,false,false,,false,false,false,false,false,false,TAP TO FLIP GRAVITY UP OR DOWN · GUIDE THE BALL THROUGH THE GAPS,12,64,true,false,,,true,true,true,true,true,69,20/10/15/4/15/5,0,game.feedback.good/bad で行動の正否を提示する; キャラ/モチーフを game.draw.sprite で描く; 背景に game.draw.gradient を使う(黒一色回避)
692,692-pin-pad.js,pin-pad,1,PINパッド,3×3グリッドで光ったマスの順番を記憶して正確に再現する,点灯順を覚え、同じ順にマスをタップ,5問 正解  失敗: 3回 ミス or 28秒,160,,,memory_sequence,high,override,28,5,2,1800,3,se_failure se_success se_tap,bgm_main,false,false,false,,false,false,false,false,false,false,WATCH THE CELLS LIGHT UP · THEN TAP THEM IN THE SAME ORDER,26,58,true,false,,,true,true,true,true,true,69,20/10/15/4/15/5,0,game.feedback.good/bad で行動の正否を提示する; キャラ/モチーフを game.draw.sprite で描く; 背景に game.draw.gradient を使う(黒一色回避)
693,693-time-sense.js,time-sense,1,タイムセンス,タイマーを見ずに、指定秒後を体内時計で感じてタップする,タップで計測開始 → 目標秒だと思ったタイミングでもう一度タップ,8問で平均誤差0.5秒以内  失敗: 30秒,151,,,hold_duration,high,override,30,8,1,1800,3,se_failure se_success se_tap,bgm_main,false,false,false,,false,false,false,false,false,false,TAP TO START · TAP AGAIN WHEN YOU FEEL THE TARGET SECONDS HAVE PASSED,32,69,true,false,,,true,true,true,true,true,74,20/10/15/9/15/5,0,game.feedback.good/bad で行動の正否を提示する; キャラ/モチーフを game.draw.sprite で描く; 背景に game.draw.gradient を使う(黒一色回避)
694,694-pinball.js,pinball,1,ピンボール,落ちてくるボールをフリッパーで打ち返し、バンパーに当てて得点する,タップでフリッパーを跳ね上げてボールを打つ。ボールを下に落とさない,10点 獲得  失敗: 3回 ボールロスト or 22秒,186,,,timing_one_shot,high,override,22,10,2,1800,3,se_failure se_success se_tap,bgm_main,false,false,false,,false,false,false,false,false,false,TAP TO FLIP AND HIT THE BUMPERS · DO NOT LET THE BALL DRAIN,10,59,true,false,,,true,true,true,true,true,74,20/10/15/9/15/5,0,game.feedback.good/bad で行動の正否を提示する; キャラ/モチーフを game.draw.sprite で描く; 背景に game.draw.gradient を使う(黒一色回避)
695,695-bubble-order.js,bubble-order,1,バブルオーダー,バブルを大きさの順番通りにタップする,小さい順（または大きい順）にバブルをすべてタップ。順番を間違えるとミス,5ラウンド クリア  失敗: 3回 ミス or 24秒,170,,,spot,high,override,24,5,2,1800,3,se_failure se_success se_tap,bgm_main,false,false,false,,false,false,false,false,false,false,TAP THE BUBBLES IN SIZE ORDER · SMALLEST TO LARGEST (OR REVERSE),18,64,true,false,,,true,true,true,true,true,69,20/10/15/4/15/5,0,game.feedback.good/bad で行動の正否を提示する; キャラ/モチーフを game.draw.sprite で描く; 背景に game.draw.gradient を使う(黒一色回避)
696,696-thermostat.js,thermostat,1,サーモスタット,上下に揺れる温度を目標ゾーン内に保ち続ける,タップで加熱（温度上昇）。放っておくと自然に冷える。緑ゾーンをキープ,累計8秒 ゾーン内で過ごす  失敗: 22秒,146,,,balance,high,override,22,,1,1800,3,se_failure se_success se_tap,bgm_main,false,false,false,,false,false,false,false,false,false,TAP TO HEAT · IT COOLS ON ITS OWN · KEEP THE TEMP IN THE GREEN ZONE,11,67,true,false,,,true,true,true,true,true,64,20/10/15/4/10/5,0,game.feedback.good/bad で行動の正否を提示する; キャラ/モチーフを game.draw.sprite で描く; 背景に game.draw.gradient を使う(黒一色回避)
697,697-pong-solo.js,pong-solo,2,ソロポン,壁で跳ね返るボールをパドルで打ち返し、ラリーを続ける,タップした横位置へパドルが移動。落ちてくるボールを打ち返す,12回 ラリー  失敗: 3回 ミス or 20秒,148,,,drag_follow,high,override,20,12,2,1800,3,se_failure se_success se_tap,bgm_main,false,false,false,,false,false,false,false,false,false,TAP TO MOVE THE PADDLE · KEEP THE RALLY GOING,10,45,true,false,,,true,true,true,true,true,69,20/10/15/4/15/5,0,game.feedback.good/bad で行動の正否を提示する; キャラ/モチーフを game.draw.sprite で描く; 背景に game.draw.gradient を使う(黒一色回避)
698,698-orbit.js,orbit,1,オービットキャプチャ,飛んでくる小惑星をタップして惑星の引力圏に捕獲する,小惑星の近くをタップすると引力で惑星へ引き込まれる。画面外へ逃すとミス,10個 捕獲  失敗: 5個 逃す or 22秒,158,,,chase,high,override,22,10,2,1800,3,se_failure se_success se_tap,bgm_main,false,false,false,,false,false,false,false,false,false,TAP NEAR AN ASTEROID TO PULL IT INTO THE PLANET · DO NOT LET THEM ESCAPE,10,72,true,false,,,true,true,true,true,true,69,20/10/15/4/15/5,0,game.feedback.good/bad で行動の正否を提示する; キャラ/モチーフを game.draw.sprite で描く; 背景に game.draw.gradient を使う(黒一色回避)
699,699-snake-turn.js,snake-turn,1,ターンスネーク,左右タップで向きを変えながら餌を集める,画面左半分タップで左折、右半分タップで右折。壁と自分の体を避ける,10個 の餌を食べる  失敗: 壁/自分に衝突 or 24秒,156,,,guide_path,high,override,24,10,1,1800,3,se_failure se_success se_tap,bgm_main,false,false,false,,false,false,false,false,false,false,TAP LEFT TO TURN LEFT · TAP RIGHT TO TURN RIGHT · EAT THE FOOD,11,62,true,false,,,true,true,true,true,true,69,20/10/15/4/15/5,0,game.feedback.good/bad で行動の正否を提示する; キャラ/モチーフを game.draw.sprite で描く; 背景に game.draw.gradient を使う(黒一色回避)
700,700-fireworks.js,fireworks,1,ファイアワークス,タップした場所へ花火を打ち上げ、夜空を彩る,タップで花火を発射。打ち上げた花火が自動で炸裂する,10発 打ち上げる  失敗: 25秒,166,,,mash,high,override,25,10,1,1800,3,se_failure se_success se_tap,bgm_main,false,false,false,,false,false,false,false,false,false,TAP ANYWHERE TO LAUNCH A FIREWORK · PAINT THE NIGHT SKY,10,55,true,false,,,true,true,true,true,true,64,20/10/15/4/10/5,0,game.feedback.good/bad で行動の正否を提示する; キャラ/モチーフを game.draw.sprite で描く; 背景に game.draw.gradient を使う(黒一色回避)
701,701-shadow-match.js,shadow-match,5,シャドウマッチ,上の影と同じ形のシルエットを選択肢からタップする,影の形を見て、下の4択から同じ形をタップ,8問 正解  失敗: 3回 ミス or 24秒,165,,,judge,high,override,24,8,2,1800,3,se_failure se_success se_tap,bgm_main,false,false,false,,false,false,false,false,false,false,LOOK AT THE SHADOW · TAP THE MATCHING SHAPE FROM THE FOUR OPTIONS,22,65,true,false,,,true,true,true,true,true,69,20/10/15/4/15/5,0,game.feedback.good/bad で行動の正否を提示する; キャラ/モチーフを game.draw.sprite で描く; 背景に game.draw.gradient を使う(黒一色回避)
702,702-stack-tower.js,stack-tower,4,スタックタワー,スライドするブロックをタップで止め、ずれなく積み上げる,タップで横移動するブロックを停止。下の段からはみ出した分は切り落とされる,8段 積む  失敗: ブロックが乗らず落下 or 24秒,154,,,stack,high,override,24,8,1,1800,3,se_failure se_success se_tap,bgm_main,false,false,false,,false,false,false,false,false,false,TAP TO DROP THE SLIDING BLOCK · KEEP IT ALIGNED WITH THE STACK,13,62,true,false,,,true,true,true,true,true,69,20/10/15/4/15/5,0,game.feedback.good/bad で行動の正否を提示する; キャラ/モチーフを game.draw.sprite で描く; 背景に game.draw.gradient を使う(黒一色回避)
703,703-reaction-chain.js,reaction-chain,2,リアクションチェーン,光ったセルを制限時間内に次々タップしてチェーンをつなぐ,光っているセルをタップ。カウントバーが尽きる前に。間違い・時間切れでミス,12チェーン  失敗: 3回 ミス or 22秒,161,,,judge,high,override,22,12,2,1800,3,se_failure se_success se_tap,bgm_main,false,false,false,,false,false,false,false,false,false,TAP THE GLOWING CELL BEFORE ITS BAR RUNS OUT · KEEP THE CHAIN ALIVE,11,67,true,false,,,true,true,true,true,true,69,20/10/15/4/15/5,0,game.feedback.good/bad で行動の正否を提示する; キャラ/モチーフを game.draw.sprite で描く; 背景に game.draw.gradient を使う(黒一色回避)
704,704-laser-aim.js,laser-aim,1,レーザーエイム,中心を周回する照準がターゲットに重なった瞬間に発射する,タップでレーザー発射。照準の向きにビームが飛び、ターゲットを撃つ,8体 撃破  失敗: 3発 外す or 22秒,147,,,aim_shoot,high,override,22,8,2,1800,3,se_failure se_success se_tap,bgm_main,false,false,false,,false,false,false,false,false,false,THE RETICLE ORBITS THE CORE · TAP TO FIRE WHEN IT LINES UP WITH THE TARGET,11,74,true,false,,,true,true,true,true,true,74,20/10/15/9/15/5,0,game.feedback.good/bad で行動の正否を提示する; キャラ/モチーフを game.draw.sprite で描く; 背景に game.draw.gradient を使う(黒一色回避)
705,705-match-speed.js,match-speed,1,マッチスピード,流れ落ちるラインがゾーンに重なった瞬間にタップして同期する,ラインが緑ゾーンに入った瞬間タップ。ズレるとミス,8回 同期  失敗: 3回 ミス or 22秒,140,,,timing_one_shot,high,override,22,8,2,1800,3,se_failure se_success se_tap,bgm_main,false,false,false,,false,false,false,false,false,false,TAP THE MOMENT A LINE HITS THE GREEN ZONE · STAY IN SYNC,13,56,true,false,,,true,true,true,true,true,69,20/10/15/4/15/5,0,game.feedback.good/bad で行動の正否を提示する; キャラ/モチーフを game.draw.sprite で描く; 背景に game.draw.gradient を使う(黒一色回避)
706,706-dodge-laser.js,dodge-laser,1,ドッジレーザー,水平に走るレーザーをジャンプでかわし続ける,タップでジャンプ。飛んでくるレーザーの高さを見て避ける,15秒 生き延びる  失敗: 3回 被弾 or 18秒,152,,,dodge,high,override,18,,2,1800,3,se_failure se_success se_tap,bgm_main,false,false,false,,false,false,false,false,false,false,TAP TO JUMP · READ THE HEIGHT OF EACH LASER AND LEAP OVER IT,10,60,true,false,,,true,true,true,true,true,69,20/10/15/4/15/5,0,game.feedback.good/bad で行動の正否を提示する; キャラ/モチーフを game.draw.sprite で描く; 背景に game.draw.gradient を使う(黒一色回避)
707,707-balance-beam.js,balance-beam,4,バランスビーム,シーソーを左右に傾けて、落ちてくる玉をビームで受け止める,画面左タップで左が下がり、右タップで右が下がる。玉を落とさないよう調整,10個 キャッチ  失敗: 3個 落とす or 22秒,154,,,balance,high,override,22,10,2,1800,3,se_failure se_success se_tap,bgm_main,false,false,false,,false,false,false,false,false,false,TAP LEFT OR RIGHT TO TILT THE BEAM · CATCH THE FALLING BALLS,11,60,true,false,,,true,true,true,true,true,69,20/10/15/4/15/5,0,game.feedback.good/bad で行動の正否を提示する; キャラ/モチーフを game.draw.sprite で描く; 背景に game.draw.gradient を使う(黒一色回避)
708,708-word-flash.js,word-flash,2,フラッシュ暗算,一瞬だけ表示される数字を覚え、その合計を4択から選ぶ,数字が消えたら、合計値を下の4択からタップ,8問 正解  失敗: 3回 ミス or 28秒,163,,,memory_sequence,high,override,28,8,2,1800,3,se_failure se_success se_tap,bgm_main,false,false,false,,false,false,false,false,false,false,MEMORIZE THE FLASHING NUMBERS · TAP THEIR SUM FROM THE FOUR OPTIONS,17,67,true,false,,,true,true,true,true,true,69,20/10/15/4/15/5,0,game.feedback.good/bad で行動の正否を提示する; キャラ/モチーフを game.draw.sprite で描く; 背景に game.draw.gradient を使う(黒一色回避)
709,709-tile-flip.js,tile-flip,8,タイルフリップ,タップしたタイルと上下左右が色反転。盤面を全部同じ色に揃える,タイルをタップすると自身と隣接4マスが反転。全消灯か全点灯を目指す,3パズル クリア  失敗: 28秒,152,,,judge,high,override,28,3,1,1800,3,se_failure se_success se_tap,bgm_main,false,false,false,,false,false,false,false,false,false,TAP A TILE TO FLIP IT AND ITS NEIGHBORS · MAKE THE WHOLE BOARD MATCH,11,68,true,false,,,true,true,true,true,true,69,20/10/15/9/10/5,0,game.feedback.good/bad で行動の正否を提示する; キャラ/モチーフを game.draw.sprite で描く; 背景に game.draw.gradient を使う(黒一色回避)
710,710-tower-defense-solo.js,tower-defense-solo,2,タワーディフェンス,右から迫る敵をタップで撃破して塔を守る,敵をタップして撃破。タップでタレットも同時に発射。塔まで通すとダメージ,12体 撃破  失敗: 3体 通す or 22秒,182,,,aim_shoot,high,override,22,12,2,1800,3,se_failure se_success se_tap,bgm_main,false,false,false,,false,false,false,false,false,false,TAP THE ADVANCING ENEMIES TO DESTROY THEM · DO NOT LET THEM REACH THE TOWER,9,75,true,false,,,true,true,true,true,true,74,20/10/15/9/15/5,0,game.feedback.good/bad で行動の正否を提示する; キャラ/モチーフを game.draw.sprite で描く; 背景に game.draw.gradient を使う(黒一色回避)
711,711-memory-grid.js,memory-grid,1,メモリーグリッド,一瞬光った複数のマスを記憶し、同じマスをすべてタップする,光ったマスを覚え、点灯が消えたら同じマスを全部タップ,5問 クリア  失敗: 3回 ミス or 28秒,162,,,memory_sequence,high,override,28,5,2,1800,3,se_failure se_success se_tap,bgm_main,false,false,false,,false,false,false,false,false,false,WATCH WHICH CELLS LIGHT UP · THEN TAP ALL OF THEM,22,49,true,false,,,true,true,true,true,true,69,20/10/15/4/15/5,0,game.feedback.good/bad で行動の正否を提示する; キャラ/モチーフを game.draw.sprite で描く; 背景に game.draw.gradient を使う(黒一色回避)
712,712-color-wave.js,color-wave,4,カラーウェーブ,移り変わる色が目標色に一致した瞬間にタップする,大きな円の色を見て、下の目標色と一致した瞬間タップ,8回 一致  失敗: 3回 ミス or 22秒,147,,,dodge,high,override,22,8,2,1800,3,se_failure se_success se_tap,bgm_main,false,false,false,,false,false,false,false,false,false,THE BIG CIRCLE CYCLES COLORS · TAP WHEN IT MATCHES THE TARGET BELOW,13,67,true,false,,,true,true,true,true,true,74,20/10/15/9/15/5,0,game.feedback.good/bad で行動の正否を提示する; キャラ/モチーフを game.draw.sprite で描く; 背景に game.draw.gradient を使う(黒一色回避)
713,713-mirror-draw.js,mirror-draw,1,ミラードロー,左右対称に並んだ図形をタップして、ペアごと同時に消す,どちらかの図形をタップすると鏡像ペアも一緒に消える。全消しでラウンドクリア,6ラウンド クリア  失敗: 3回 ミス or 22秒,160,,,pair_match,high,override,22,6,2,1800,3,se_failure se_success se_tap,bgm_main,false,false,false,,false,false,false,false,false,false,TAP A SHAPE TO CLEAR IT AND ITS MIRROR TWIN · CLEAR THE WHOLE ROUND,21,67,true,false,,,true,true,true,true,true,64,20/10/15/4/10/5,0,game.feedback.good/bad で行動の正否を提示する; キャラ/モチーフを game.draw.sprite で描く; 背景に game.draw.gradient を使う(黒一色回避)
714,714-tap-roulette.js,tap-roulette,1,タップルーレット,回転するホイールをタップで減速させ、目標の数字で止める,タップするたびに回転が落ちる。針が目標セグメントで止まれば当たり,5回 的中  失敗: 3回 ハズレ or 22秒,159,,,timing_one_shot,high,override,22,5,2,1800,3,se_failure se_success se_tap,bgm_main,false,false,false,,false,false,false,false,false,false,TAP TO SLOW THE WHEEL · STOP THE NEEDLE ON THE TARGET NUMBER,13,60,true,false,,,true,true,true,true,true,69,20/10/15/4/15/5,0,game.feedback.good/bad で行動の正否を提示する; キャラ/モチーフを game.draw.sprite で描く; 背景に game.draw.gradient を使う(黒一色回避)
715,715-rapid-sort.js,rapid-sort,1,ラピッドソート,中央のアイテムを形で見分けて左右へ振り分ける,丸は左、四角は右。画面左右をタップ、または左右スワイプで仕分け,12個 正確に仕分ける  失敗: 3個 ミス or 22秒,160,,,judge,high,override,22,12,2,1800,3,se_failure se_success se_tap,bgm_main,false,false,false,,false,false,false,false,false,false,ROUND GOES LEFT · SQUARE GOES RIGHT · TAP OR SWIPE TO SORT FAST,27,63,true,false,,,true,true,true,true,true,62,13/10/15/4/15/5,0,game.feedback.good/bad で行動の正否を提示する; 全入力ハンドラで即時フィードバック(feedback/fx/audio)を返す; キャラ/モチーフを game.draw.sprite で描く
716,716-escape-room.js,escape-room,3,エスケープルーム,光ったパネルの順番を記憶し、同じ順にタップして扉を開ける,点灯順を覚え、同じ順にパネルをタップ。間違えると同じ順が再提示される,5回 扉を開ける  失敗: 3回 ミス or 28秒,168,,,judge,high,override,28,5,2,1800,3,se_failure se_success se_tap,bgm_main,false,false,false,,false,false,false,false,false,false,WATCH THE PANELS LIGHT UP · TAP THEM IN ORDER TO UNLOCK THE DOOR,24,64,true,false,,,true,true,true,true,true,69,20/10/15/4/15/5,0,game.feedback.good/bad で行動の正否を提示する; キャラ/モチーフを game.draw.sprite で描く; 背景に game.draw.gradient を使う(黒一色回避)
717,717-angle-shot.js,angle-shot,1,アングルショット,左右に振れる砲台が目標を向いた瞬間にタップして撃つ,砲身の角度が目標と一致した瞬間タップで発射。誤差が小さいほど命中,8発 命中  失敗: 3発 外す or 22秒,157,,,aim_shoot,high,override,22,8,2,1800,3,se_failure se_success se_tap,bgm_main,false,false,false,,false,false,false,false,false,false,THE BARREL SWINGS BACK AND FORTH · TAP WHEN IT AIMS AT THE TARGET,11,65,true,false,,,true,true,true,true,true,74,20/10/15/9/15/5,0,game.feedback.good/bad で行動の正否を提示する; キャラ/モチーフを game.draw.sprite で描く; 背景に game.draw.gradient を使う(黒一色回避)
718,718-pop-sequence.js,pop-sequence,1,ポップシーケンス,隠れた番号を推理し、小さい順にバブルを弾けさせる,バブルをタップすると番号が一瞬見える。1から順に正しく弾く。順番違いはミス,5ラウンド クリア  失敗: 3回 ミス or 28秒,158,,,memory_sequence,high,override,28,5,2,1800,3,se_failure se_success se_tap,bgm_main,false,false,false,,false,false,false,false,false,false,TAP A BUBBLE TO PEEK ITS NUMBER · POP THEM IN ORDER FROM 1 UP,13,61,true,false,,,true,true,true,true,true,64,20/10/15/4/10/5,0,game.feedback.good/bad で行動の正否を提示する; キャラ/モチーフを game.draw.sprite で描く; 背景に game.draw.gradient を使う(黒一色回避)
719,719-pendulum-bell.js,pendulum-bell,1,ペンデュラムベル,揺れる振り子が端の光るゾーンに来た瞬間にタップして鐘を鳴らす,振り子が左右どちらかのゾーンにいるときタップ。成功ごとに速くなる,10回 命中  失敗: 3回 ミス or 22秒,142,,,timing_one_shot,high,override,22,10,2,1800,3,se_failure se_success se_tap,bgm_main,false,false,false,,false,false,false,false,false,false,TAP WHEN THE BOB REACHES A GLOWING EDGE ZONE · RING THE BELL,11,60,true,false,,,true,true,true,true,true,64,20/10/10/4/15/5,0,game.feedback.good/bad で行動の正否を提示する; キャラ/モチーフを game.draw.sprite で描く; 背景に game.draw.gradient を使う(黒一色回避)
720,720-pulse-match.js,pulse-match,1,パルスマッチ,脈動する光輪が目標サイズになった瞬間にタップする,リングの大きさが目標マーカーと重なった瞬間タップ。誤差が小さいほど良い,8回 命中  失敗: 3回 ミス or 22秒,148,,,timing_one_shot,high,override,22,8,2,1800,3,se_failure se_success se_tap,bgm_main,false,false,false,,false,false,false,false,false,false,THE RING PULSES IN AND OUT · TAP WHEN IT MATCHES THE TARGET SIZE,14,64,true,false,,,true,true,true,true,true,74,20/10/15/9/15/5,0,game.feedback.good/bad で行動の正否を提示する; キャラ/モチーフを game.draw.sprite で描く; 背景に game.draw.gradient を使う(黒一色回避)
721,721-crystal-crack.js,crystal-crack,2,クリスタルクラック,クリスタルを周回する弱点を狙ってタップし、叩き割る,光る弱点スポットをタップ。3回当てると1個粉砕。外すとミス,8個 粉砕  失敗: 3回 ミス or 22秒,148,,,swipe_direction,high,override,22,8,2,1800,3,se_failure se_success se_tap,bgm_main,false,false,false,,false,false,false,false,false,false,TAP THE ORBITING WEAK SPOT · THREE HITS SHATTER THE CRYSTAL,12,59,true,false,,,true,true,true,true,true,64,20/10/15/4/10/5,0,game.feedback.good/bad で行動の正否を提示する; キャラ/モチーフを game.draw.sprite で描く; 背景に game.draw.gradient を使う(黒一色回避)
722,722-conveyor-sort.js,conveyor-sort,2,郵袋仕分け,流れてくる袋を、行き先の棚へ上下に振り分ける,手元に来た袋を、行き先の側へ上または下にスワイプ,12袋 仕分ける  失敗: 3回 誤配 or 13秒,318,swipe_direction,western,swipe_direction,high,override,13,12,0,1600,5,se_coin se_failure se_milestone se_success se_tap,,true,false,true,flash,true,true,true,false,false,false,,65,15,true,false,西部の駅馬車郵便局。行き先の違う袋が一本のベルトで流れてくる,8bit HOME,true,false,false,true,true,88,18/20/15/15/15/5,0,全入力ハンドラで即時フィードバック(feedback/fx/audio)を返す
723,723-star-connect.js,star-connect,2,スターコネクト,番号を記憶し、光る星を順番通りにタップして星座を描く,提示中に番号を覚え、1番から順に星をタップ。線でつながり星座が完成,5星座 完成  失敗: 3回 ミス or 28秒,159,,,trace,high,override,28,5,2,1800,3,se_failure se_success se_tap,bgm_main,false,false,false,,false,false,false,false,false,false,MEMORIZE THE NUMBERS · TAP THE STARS IN ORDER TO DRAW THE CONSTELLATION,13,71,true,false,,,true,true,true,true,true,69,20/10/15/4/15/5,0,game.feedback.good/bad で行動の正否を提示する; キャラ/モチーフを game.draw.sprite で描く; 背景に game.draw.gradient を使う(黒一色回避)
724,724-beat-tap.js,beat-tap,2,ビートタップ,点滅するビートに合わせてリズムよくタップする,中央のサークルが光った瞬間にタップ。光っていないときに押すとミス,10ビート 命中  失敗: 3回 ミス or 22秒,139,,,rhythm,high,override,22,10,2,1800,3,se_failure se_success se_tap,bgm_main,false,false,false,,false,false,false,false,false,false,TAP THE MOMENT THE CIRCLE FLASHES · DO NOT TAP OFF BEAT,13,55,true,false,,,true,true,true,true,true,69,20/10/15/4/15/5,0,game.feedback.good/bad で行動の正否を提示する; キャラ/モチーフを game.draw.sprite で描く; 背景に game.draw.gradient を使う(黒一色回避)
725,725-voltage-surge.js,voltage-surge,5,ボルテージサージ,乱高下する電圧が安全ゾーンにいる間にタップして充電する,針が緑ゾーン内のときにタップで充電。ゾーン外で押すとオーバーロード,10回 充電  失敗: 3回 オーバーロード or 20秒,143,,,count_exact,high,override,20,10,2,1800,3,se_failure se_success se_tap,bgm_main,false,false,false,,false,false,false,false,false,false,TAP WHILE THE NEEDLE SITS IN THE GREEN SAFE ZONE · CHARGE UP,17,60,true,false,,,true,true,true,true,true,69,20/10/15/4/15/5,0,game.feedback.good/bad で行動の正否を提示する; キャラ/モチーフを game.draw.sprite で描く; 背景に game.draw.gradient を使う(黒一色回避)
726,726-fraction-split.js,fraction-split,1,フラクションスプリット,バーを指定の分数の位置でタップして正確に分割する,目標の分数（例 2/3）の位置をバー上でタップ。許容範囲内なら成功,8回 成功  失敗: 3回 ミス or 24秒,148,,,aim_shoot,high,override,24,8,2,1800,3,se_failure se_success se_tap,bgm_main,false,false,false,,false,false,false,false,false,false,TAP THE BAR AT THE MARKED FRACTION POSITION · CLOSE ENOUGH WINS,22,63,true,false,,,true,true,true,true,true,69,20/10/15/9/10/5,0,game.feedback.good/bad で行動の正否を提示する; キャラ/モチーフを game.draw.sprite で描く; 背景に game.draw.gradient を使う(黒一色回避)
727,727-magnet-pull.js,magnet-pull,4,マグネットプル,タップで磁場を発生させ、金属ボールを引き寄せて的に当てる,タップした場所に磁場が生まれ、近くのボールを引き寄せる。ボールを的に導く,10個 キャッチ  失敗: 3個 逃す or 22秒,162,,,guide_path,high,override,22,10,2,1800,3,se_failure se_success se_tap,bgm_main,false,false,false,,false,false,false,false,false,false,TAP TO CREATE A MAGNETIC FIELD · PULL THE METAL BALLS INTO THE TARGET,12,69,true,false,,,true,true,true,true,true,69,20/10/15/4/15/5,0,game.feedback.good/bad で行動の正否を提示する; キャラ/モチーフを game.draw.sprite で描く; 背景に game.draw.gradient を使う(黒一色回避)
728,728-number-climb.js,number-climb,1,ナンバークライム,散らばった数字を1から順にできるだけ速くタップする,光る次の番号（NEXT）を探してタップ。順番を間違えるとミス,5セット クリア  失敗: 3回 ミス or 24秒,155,,,spot,high,override,24,5,2,1800,3,se_failure se_success se_tap,bgm_main,false,false,false,,false,false,false,false,false,false,"FIND AND TAP THE NUMBERS 1, 2, 3... IN ORDER · WRONG ORDER IS A MISS",13,68,true,false,,,true,true,true,true,true,69,20/10/15/4/15/5,0,game.feedback.good/bad で行動の正否を提示する; キャラ/モチーフを game.draw.sprite で描く; 背景に game.draw.gradient を使う(黒一色回避)
729,729-window-washer.js,window-washer,2,ウィンドウウォッシャー,汚れた窓を拭き、目標の文字が現れたマスをタップする,マスをタップして汚れを拭くと文字が見える。目標文字のマスを見つける,6文字 発見  失敗: 3回 ミス or 28秒,167,,,rub,high,override,28,6,2,1800,3,se_failure se_success se_tap,bgm_main,false,false,false,,false,false,false,false,false,false,WIPE THE DIRTY PANES · TAP THE ONE HIDING THE TARGET LETTER,14,59,true,false,,,true,true,true,true,true,64,20/10/15/4/10/5,0,game.feedback.good/bad で行動の正否を提示する; キャラ/モチーフを game.draw.sprite で描く; 背景に game.draw.gradient を使う(黒一色回避)
730,730-coin-flip.js,coin-flip,4,コインフリップ,回転しながら止まるコインが表か裏かを見極めて当てる,画面上半分タップ=表(HEADS)、下半分タップ=裏(TAILS),8回 正解  失敗: 3回 ミス or 22秒,150,,,judge,high,override,22,8,2,1800,3,se_failure se_success se_tap,bgm_main,false,false,false,,false,false,false,false,false,false,TAP TOP FOR HEADS · TAP BOTTOM FOR TAILS · CALL IT RIGHT,29,56,true,false,,,true,true,true,true,true,64,20/10/15/4/10/5,0,game.feedback.good/bad で行動の正否を提示する; キャラ/モチーフを game.draw.sprite で描く; 背景に game.draw.gradient を使う(黒一色回避)
731,731-fuse-timer.js,fuse-timer,1,フューズタイマー,燃え進む導火線を、燃え尽きる直前(残り5%以内)でタップして切る,火が端に迫り残り5%以内になった瞬間タップ。早すぎても爆発してもミス,8回 切断  失敗: 3回 ミス or 22秒,153,,,timing_one_shot,high,override,22,8,2,1800,3,se_failure se_success se_tap,bgm_main,false,false,false,,false,false,false,false,false,false,CUT THE FUSE THE MOMENT IT DROPS BELOW 5% · TOO EARLY OR BOOM IS A MISS,14,71,true,false,,,true,true,true,true,true,69,20/10/15/4/15/5,0,game.feedback.good/bad で行動の正否を提示する; キャラ/モチーフを game.draw.sprite で描く; 背景に game.draw.gradient を使う(黒一色回避)
732,732-paint-overflow.js,paint-overflow,1,ペイントオーバーフロー,満ちていく絵の具カップを、溢れる直前でタップして止める,液面が88%〜100%の安全ゾーンに入った瞬間タップ。早すぎ・溢れはミス,8回 成功  失敗: 3回 ミス or 22秒,152,,,timing_window,high,override,22,8,2,1800,3,se_failure se_success se_tap,bgm_main,false,false,false,,false,false,false,false,false,false,TAP TO STOP THE PAINT IN THE GREEN ZONE (88-100%) · DO NOT OVERFLOW,16,67,true,false,,,true,true,true,true,true,69,20/10/15/4/15/5,0,game.feedback.good/bad で行動の正否を提示する; キャラ/モチーフを game.draw.sprite で描く; 背景に game.draw.gradient を使う(黒一色回避)
733,733-chain-reaction.js,chain-reaction,9,チェーンリアクション,起爆点を選び、爆風で次々と爆弾を連鎖させる,爆弾をタップして起爆。爆風範囲内の爆弾が連鎖する。規定数以上の連鎖で成功,5ラウンドで8連鎖以上  失敗: 3回 不足 or 24秒,157,,,timing_one_shot,high,override,24,5,3,1800,3,se_failure se_success se_tap,bgm_main,false,false,false,,false,false,false,false,false,false,TAP A BOMB TO IGNITE · BLAST TRIGGERS NEARBY BOMBS · CHAIN 8 OR MORE,13,68,true,false,,,true,true,true,true,true,69,20/10/15/4/15/5,0,game.feedback.good/bad で行動の正否を提示する; キャラ/モチーフを game.draw.sprite で描く; 背景に game.draw.gradient を使う(黒一色回避)
734,734-shadow-dodge.js,shadow-dodge,1,シャドウドッジ,画面を横切る影の帯を避け、明るいゾーンをタップする,影の外側の明るい部分をタップ。影の中を押すとミス。影は加速する,10回 成功  失敗: 3回 ミス or 20秒,134,,,judge,high,override,20,10,2,1800,3,se_failure se_success se_tap,bgm_main,false,false,false,,false,false,false,false,false,false,TAP THE BRIGHT AREA OUTSIDE THE SWEEPING SHADOW BAND,12,52,true,false,,,true,true,true,true,true,64,20/10/15/4/10/5,0,game.feedback.good/bad で行動の正否を提示する; キャラ/モチーフを game.draw.sprite で描く; 背景に game.draw.gradient を使う(黒一色回避)
735,735-gravity-wells.js,gravity-wells,1,グラビティウェル,タップで重力井戸を作り、漂う星を惑星の周回軌道に乗せる,タップした場所に重力が発生し星を引く。星を軌道リング上に導く,8個 軌道に乗せる  失敗: 3個 逃す/衝突 or 24秒,150,,,guide_path,high,override,24,8,2,1800,3,se_failure se_success se_tap,bgm_main,false,false,false,,false,false,false,false,false,false,TAP TO MAKE GRAVITY WELLS · GUIDE DRIFTING STARS ONTO THE ORBIT RING,12,68,true,false,,,true,true,true,true,true,69,20/10/15/4/15/5,0,game.feedback.good/bad で行動の正否を提示する; キャラ/モチーフを game.draw.sprite で描く; 背景に game.draw.gradient を使う(黒一色回避)
736,736-hot-potato.js,hot-potato,5,ホットポテト,熱くなるジャガイモを、爆発する前にタップして投げ捨てる,温度メーターが限界に達する前にタップで投げる。熱すぎると爆発してミス,10回 投げる  失敗: 3回 爆発 or 22秒,157,,,swipe_direction,high,override,22,10,2,1800,3,se_failure se_success se_tap,bgm_main,false,false,false,,false,false,false,false,false,false,TAP TO THROW BEFORE THE HEAT METER MAXES OUT · TOO HOT AND IT BLOWS,16,67,true,false,,,true,true,true,true,true,64,20/10/15/4/10/5,0,game.feedback.good/bad で行動の正否を提示する; キャラ/モチーフを game.draw.sprite で描く; 背景に game.draw.gradient を使う(黒一色回避)
737,737-scanner-lock.js,scanner-lock,1,スキャナーロック,上下に走査するスキャン線がターゲットゾーンに来た瞬間にタップする,スキャン線が緑のゾーン内にあるときタップでロック。ゾーン外はミス。線は加速,10回 ロック  失敗: 3回 ミス or 20秒,138,,,timing_one_shot,high,override,20,10,2,1800,3,se_failure se_success se_tap,bgm_main,false,false,false,,false,false,false,false,false,false,TAP WHEN THE SCAN LINE CROSSES THE GREEN TARGET ZONE,14,52,true,false,,,true,true,true,true,true,69,20/10/15/9/10/5,0,game.feedback.good/bad で行動の正否を提示する; キャラ/モチーフを game.draw.sprite で描く; 背景に game.draw.gradient を使う(黒一色回避)
738,738-comet-hunt.js,comet-hunt,1,コメットハント,夜空を横切る彗星をタップで撃墜する,飛んでくる彗星をタップ。画面外へ逃すとミス,12個 撃墜  失敗: 3個 逃す or 22秒,146,,,aim_shoot,high,override,22,12,2,1800,3,se_failure se_success se_tap,bgm_main,false,false,false,,false,false,false,false,false,false,TAP THE STREAKING COMETS TO SHOOT THEM DOWN BEFORE THEY FLY OFF,11,63,true,false,,,true,true,true,true,true,69,20/10/15/4/15/5,0,game.feedback.good/bad で行動の正否を提示する; キャラ/モチーフを game.draw.sprite で描く; 背景に game.draw.gradient を使う(黒一色回避)
739,739-orbit-keeper.js,orbit-keeper,1,オービットキーパー,衰えていく衛星軌道をタップで押し上げ、安全帯を保ち続ける,軌道は自然に落ちていく。タップでブーストして高度を上げる。落ちすぎるとクラッシュ,18秒 軌道維持  失敗: 3回 クラッシュ,142,,,balance,high,override,18,,1,1800,3,se_failure se_success se_tap,bgm_main,false,false,false,,false,false,false,false,false,false,THE ORBIT DECAYS · TAP TO BOOST · KEEP THE SATELLITE IN THE GREEN BAND,13,70,true,false,,,true,true,true,true,true,64,20/10/15/4/10/5,0,game.feedback.good/bad で行動の正否を提示する; キャラ/モチーフを game.draw.sprite で描く; 背景に game.draw.gradient を使う(黒一色回避)
740,740-neon-dash.js,neon-dash,2,ネオンダッシュ,迫ってくる障害物をタップジャンプで飛び越え続ける,地上にいるときタップでジャンプ。障害物に当たるとダメージ,10個 クリア  失敗: 3回 衝突 or 22秒,151,,,camera_run,high,override,22,10,2,1800,3,se_failure se_success se_tap,bgm_main,false,false,false,,false,false,false,false,false,false,TAP TO JUMP OVER THE INCOMING OBSTACLES · TIME IT RIGHT,11,55,true,false,,,true,true,true,true,true,69,20/10/15/4/15/5,0,game.feedback.good/bad で行動の正否を提示する; キャラ/モチーフを game.draw.sprite で描く; 背景に game.draw.gradient を使う(黒一色回避)
741,741-color-filter.js,color-filter,1,カラーフィルター,浮かぶ泡から指定色だけをタップして弾く。色は4個ごとに変わる,お題の色の泡をタップ。違う色を弾くとミス,12個 弾く  失敗: 3回 ミス or 22秒,147,,,judge,high,override,22,12,2,1800,3,se_failure se_success se_tap,bgm_main,false,false,false,,false,false,false,false,false,false,POP ONLY THE BUBBLES OF THE TARGET COLOR · IT CHANGES EVERY FEW POPS,17,68,true,false,,,true,true,true,true,true,69,20/10/15/4/15/5,0,game.feedback.good/bad で行動の正否を提示する; キャラ/モチーフを game.draw.sprite で描く; 背景に game.draw.gradient を使う(黒一色回避)
742,742-note-landing.js,note-landing,1,ノートランディング,降ってくる音符が五線のゾーンに来た瞬間にタップして着地させる,音符が緑ゾーンに重なった瞬間タップ。早すぎ・遅すぎはミス,10回 着地  失敗: 3回 ミス or 22秒,144,,,rhythm,high,override,22,10,2,1800,3,se_failure se_success se_tap,bgm_main,false,false,false,,false,false,false,false,false,false,TAP WHEN A FALLING NOTE HITS THE GREEN STAFF ZONE,11,49,true,false,,,true,true,true,true,true,74,20/10/15/9/15/5,0,game.feedback.good/bad で行動の正否を提示する; キャラ/モチーフを game.draw.sprite で描く; 背景に game.draw.gradient を使う(黒一色回避)
743,743-firefly.js,firefly,2,ホタルハント,明滅するホタルが光っている一瞬にタップして捕まえる,光っているホタルをタップ。消えている間にタップするとミス,10匹 捕獲  失敗: 3回 ミス or 22秒,148,,,chase,high,override,22,10,2,1800,3,se_failure se_success se_tap,bgm_main,false,false,false,,false,false,false,false,false,false,TAP THE FIREFLIES WHILE THEY GLOW · TAP A DARK ONE AND YOU MISS,12,63,true,false,,,true,true,true,true,true,69,20/10/15/4/15/5,0,game.feedback.good/bad で行動の正否を提示する; キャラ/モチーフを game.draw.sprite で描く; 背景に game.draw.gradient を使う(黒一色回避)
744,744-balance-scale.js,balance-scale,3,バランススケール,左右の皿に重りが降る。重い側をタップして下ろし、天秤を保つ,画面左タップで左皿の重りを1個下ろす、右タップで右皿を下ろす。傾きすぎ注意,18秒 バランス維持  失敗: 3回 傾きすぎ,143,,,count_exact,high,override,18,,1,1800,3,se_failure se_success se_tap,bgm_main,false,false,false,,false,false,false,false,false,false,TAP THE HEAVIER SIDE TO REMOVE A WEIGHT · KEEP THE BEAM LEVEL,13,61,true,false,,,true,true,true,true,true,69,20/10/15/4/15/5,0,game.feedback.good/bad で行動の正否を提示する; キャラ/モチーフを game.draw.sprite で描く; 背景に game.draw.gradient を使う(黒一色回避)
745,745-lock-pins.js,lock-pins,1,ロックピン,上下する4本のピンが全て同時にグリーンゾーンに揃った瞬間にタップして解錠する,全ピンがゾーン内に重なった瞬間タップ。1本でも外れているとミス。解錠ごとに速くなる,8回 解錠  失敗: 3回 ミス or 24秒,145,,,timing_one_shot,high,override,24,8,2,1800,3,se_failure se_success se_tap,bgm_main,false,false,false,,false,false,false,false,false,false,TAP THE MOMENT ALL FOUR PINS LINE UP INSIDE THE GREEN ZONE,13,58,true,false,,,true,true,true,true,true,64,20/10/15/4/10/5,0,game.feedback.good/bad で行動の正否を提示する; キャラ/モチーフを game.draw.sprite で描く; 背景に game.draw.gradient を使う(黒一色回避)
746,746-word-flash.js,word-flash,2,ワードフラッシュ,一瞬表示される「LEFT」「RIGHT」の指示どおりの方向をタップする,LEFT なら画面左、RIGHT なら画面右をタップ。左右スワイプも可,12回 正解  失敗: 3回 ミス or 22秒,151,,,memory_sequence,high,override,22,12,2,1800,3,se_failure se_success se_tap,bgm_main,false,false,false,,false,false,false,false,false,false,READ THE WORD AND TAP THAT SIDE · LEFT OR RIGHT · BE QUICK,20,58,true,false,,,true,true,true,true,true,62,13/10/15/4/15/5,0,game.feedback.good/bad で行動の正否を提示する; 全入力ハンドラで即時フィードバック(feedback/fx/audio)を返す; キャラ/モチーフを game.draw.sprite で描く
747,747-planet-align.js,planet-align,1,プラネットアライン,3つの惑星が一直線に並んだ瞬間にタップする,全惑星が太陽をはさんで同一直線上に並んだ瞬間タップ。ズレているとミス,8回 直列  失敗: 3回 ミス or 24秒,146,,,timing_one_shot,high,override,24,8,2,1800,3,se_failure se_success se_tap,bgm_main,false,false,false,,false,false,false,false,false,false,TAP THE MOMENT ALL THREE PLANETS FORM A STRAIGHT LINE,13,53,true,false,,,true,true,true,true,true,59,20/10/15/4/5/5,0,game.feedback.good/bad で行動の正否を提示する; キャラ/モチーフを game.draw.sprite で描く; 背景に game.draw.gradient を使う(黒一色回避)
748,748-pressure-gauge.js,pressure-gauge,1,プレッシャーゲージ,回転する針がグリーンゾーンに入った瞬間にタップする,針が緑の圧力ゾーンに重なった瞬間タップ。ゾーン外はミス。針は加速する,10回 成功  失敗: 3回 ミス or 20秒,141,,,timing_one_shot,high,override,20,10,2,1800,3,se_failure se_success se_tap,bgm_main,false,false,false,,false,false,false,false,false,false,TAP WHEN THE SWEEPING NEEDLE ENTERS THE GREEN PRESSURE ZONE,14,59,true,false,,,true,true,true,true,true,64,20/10/15/4/10/5,0,game.feedback.good/bad で行動の正否を提示する; キャラ/モチーフを game.draw.sprite で描く; 背景に game.draw.gradient を使う(黒一色回避)
749,749-ripple-aim.js,ripple-aim,1,リップルエイム,タップで広がる波紋を使い、漂うターゲットを直撃か波紋で当てる,ターゲットを直接タップ、または近くをタップして広がる波紋で当てる,12個 ヒット  失敗: 3回 ミス or 22秒,138,,,aim_shoot,high,override,22,12,2,1800,3,se_failure se_success se_tap,bgm_main,false,false,false,,false,false,false,false,false,false,TAP A TARGET DIRECTLY OR TAP NEARBY SO THE SPREADING RIPPLE HITS IT,12,67,true,false,,,true,true,true,true,true,69,20/10/15/4/15/5,0,game.feedback.good/bad で行動の正否を提示する; キャラ/モチーフを game.draw.sprite で描く; 背景に game.draw.gradient を使う(黒一色回避)
750,750-laser-safe.js,laser-safe,1,レーザーセーフ,片側からレーザーが照射される。安全な反対側を素早くタップする,DANGER 側でないほう（SAFE 側）をタップ。反応が遅すぎてもミス,12回 回避  失敗: 3回 ミス or 22秒,144,,,judge,high,override,22,12,2,1800,3,se_failure se_success se_tap,bgm_main,false,false,false,,false,false,false,false,false,false,A LASER FIRES ON ONE SIDE · TAP THE SAFE OTHER SIDE FAST,16,56,true,false,,,true,true,true,true,true,69,20/10/15/4/15/5,0,game.feedback.good/bad で行動の正否を提示する; キャラ/モチーフを game.draw.sprite で描く; 背景に game.draw.gradient を使う(黒一色回避)
751,751-ice-crack.js,ice-crack,2,アイスクラック,溶けてしまう前に氷のブロックを3回タップして砕く,氷ブロックをタップして亀裂を入れる。3回で粉砕。溶ける前に砕け,12個 粉砕  失敗: 3個 溶ける or 22秒,141,,,camera_run,high,override,22,12,2,1800,3,se_failure se_success se_tap,bgm_main,false,false,false,,false,false,false,false,false,false,TAP EACH ICE BLOCK THREE TIMES TO SHATTER IT BEFORE IT MELTS AWAY,11,65,true,false,,,true,true,true,true,true,69,20/10/15/4/15/5,0,game.feedback.good/bad で行動の正否を提示する; キャラ/モチーフを game.draw.sprite で描く; 背景に game.draw.gradient を使う(黒一色回避)
752,752-traffic-light.js,traffic-light,1,トラフィックライト,信号が青(GREEN)に変わった瞬間だけタップする。赤・黄は禁止,GREEN のときだけタップ。RED/YELLOW でタップ、または青を見逃すとミス,12回 GO  失敗: 3回 ミス or 22秒,146,,,judge,high,override,22,12,2,1800,3,se_failure se_success se_tap,bgm_main,false,false,false,,false,false,false,false,false,false,TAP ONLY WHEN THE LIGHT TURNS GREEN · RED AND YELLOW ARE OFF LIMITS,16,67,true,false,,,true,true,true,true,true,69,20/10/15/4/15/5,0,game.feedback.good/bad で行動の正否を提示する; キャラ/モチーフを game.draw.sprite で描く; 背景に game.draw.gradient を使う(黒一色回避)
753,753-tile-hunt.js,tile-hunt,1,タイルハント,4×4の盤面で一瞬光るタイルを、消える前に素早くタップする,光っているタイルをタップ。別のタイルを押す、または見逃すとミス,12回 発見  失敗: 3回 ミス or 22秒,142,,,chase,high,override,22,12,2,1800,3,se_failure se_success se_tap,bgm_main,false,false,false,,false,false,false,false,false,false,TAP THE GLOWING TILE BEFORE IT GOES DARK · WRONG TILE OR TOO SLOW IS A MISS,13,75,true,false,,,true,true,true,true,true,64,20/10/15/4/10/5,0,game.feedback.good/bad で行動の正否を提示する; キャラ/モチーフを game.draw.sprite で描く; 背景に game.draw.gradient を使う(黒一色回避)
754,754-crystal-size.js,crystal-size,1,クリスタルサイズ,成長するクリスタルが目標リングと同じ大きさになった瞬間タップする,クリスタルが目標リングに重なった瞬間タップ。大きすぎ・小さすぎはミス,10回 成功  失敗: 3回 ミス or 22秒,147,,,timing_one_shot,high,override,22,10,2,1800,3,se_failure se_success se_tap,bgm_main,false,false,false,,false,false,false,false,false,false,THE CRYSTAL GROWS · TAP WHEN IT MATCHES THE TARGET RING SIZE,16,60,true,false,,,true,true,true,true,true,64,20/10/15/4/10/5,0,game.feedback.good/bad で行動の正否を提示する; キャラ/モチーフを game.draw.sprite で描く; 背景に game.draw.gradient を使う(黒一色回避)
755,755-tap-count.js,tap-count,1,タップカウント,表示された数字と同じ回数だけ、制限時間内に素早くタップする,数字を覚え、その回数ぴったりタップ。多くても少なくてもミス,8問 正解  失敗: 3回 ミス or 24秒,140,,,count_exact,high,override,24,8,2,1800,3,se_failure se_success se_tap,bgm_main,false,false,false,,false,false,false,false,false,false,TAP EXACTLY AS MANY TIMES AS THE NUMBER SHOWN · WITHIN THE TIME WINDOW,23,70,true,false,,,true,true,true,true,true,64,20/10/15/4/10/5,0,game.feedback.good/bad で行動の正否を提示する; キャラ/モチーフを game.draw.sprite で描く; 背景に game.draw.gradient を使う(黒一色回避)
756,756-dodge-spikes.js,dodge-spikes,1,ドッジスパイク,迫るスパイク壁の隙間を、タップジャンプで通り抜ける,タップでジャンプ。上下のトゲの間の隙間を高さを合わせて通過する,10回 通過  失敗: 3回 被弾 or 22秒,149,,,dodge,high,override,22,10,2,1800,3,se_failure se_success se_tap,bgm_main,false,false,false,,false,false,false,false,false,false,TAP TO JUMP · LINE UP WITH THE GAP AND SLIP THROUGH THE SPIKE WALLS,11,67,true,false,,,true,true,true,true,true,64,20/10/10/4/15/5,0,game.feedback.good/bad で行動の正否を提示する; キャラ/モチーフを game.draw.sprite で描く; 背景に game.draw.gradient を使う(黒一色回避)
757,757-pulse-ring.js,pulse-ring,1,パルスリング,広がっていくリングが目標リングと重なった瞬間にタップする,拡大するリングが目標帯に重なった瞬間タップ。ズレ・通過はミス,10回 成功  失敗: 3回 ミス or 22秒,140,,,timing_one_shot,high,override,22,10,2,1800,3,se_failure se_success se_tap,bgm_main,false,false,false,,false,false,false,false,false,false,A RING EXPANDS OUTWARD · TAP WHEN IT OVERLAPS THE TARGET RING,16,61,true,false,,,true,true,true,true,true,64,20/10/15/4/10/5,0,game.feedback.good/bad で行動の正否を提示する; キャラ/モチーフを game.draw.sprite で描く; 背景に game.draw.gradient を使う(黒一色回避)
758,758-gravity-flip.js,gravity-flip,12,グラビティフリップ,タップで重力の向きを反転させ、パイプの隙間を抜け続ける,タップで重力が上下反転。ボールの高さを合わせて隙間を通過する,10回 通過  失敗: 3回 衝突 or 22秒,154,,,camera_run,high,override,22,10,2,1800,3,se_failure se_success se_tap,bgm_main,false,false,false,,false,false,false,false,false,false,TAP TO FLIP GRAVITY UP OR DOWN · WEAVE THROUGH THE PIPE GAPS,16,60,true,false,,,true,true,true,true,true,69,20/10/15/4/15/5,0,game.feedback.good/bad で行動の正否を提示する; キャラ/モチーフを game.draw.sprite で描く; 背景に game.draw.gradient を使う(黒一色回避)
759,759-inverse-tap.js,inverse-tap,1,インバースタップ,表示された矢印の「逆」方向をタップする。脳が混乱する反応ゲーム,左矢印なら画面右、右矢印なら画面左をタップ（逆方向スワイプも可）,12回 正解  失敗: 3回 ミス or 22秒,141,,,judge,high,override,22,12,2,1800,3,se_failure se_success se_tap,bgm_main,false,false,false,,false,false,false,false,false,false,"TAP THE OPPOSITE SIDE OF THE ARROW · LEFT ARROW = TAP RIGHT, AND VICE VERSA",30,75,true,false,,,true,true,true,true,true,57,13/10/15/4/10/5,0,game.feedback.good/bad で行動の正否を提示する; 全入力ハンドラで即時フィードバック(feedback/fx/audio)を返す; キャラ/モチーフを game.draw.sprite で描く
760,760-meteor-shower.js,meteor-shower,3,メテオシャワー,降り注ぐ流星を、地面に着弾する前にタップで撃ち落とす,流星をタップして迎撃。地面に落ちると着弾ミス,12個 撃破  失敗: 3個 着弾 or 22秒,151,,,aim_shoot,high,override,22,12,2,1800,3,se_failure se_success se_tap,bgm_main,false,false,false,,false,false,false,false,false,false,TAP THE FALLING METEORS TO SHOOT THEM DOWN BEFORE THEY HIT THE GROUND,11,69,true,false,,,true,true,true,true,true,69,20/10/15/4/15/5,0,game.feedback.good/bad で行動の正否を提示する; キャラ/モチーフを game.draw.sprite で描く; 背景に game.draw.gradient を使う(黒一色回避)
761,761-bubble-pop.js,bubble-pop,8,バブルポップ,下から浮かび上がる泡を、画面上へ逃げる前にタップして割る,泡をタップして割る。上端まで逃がすとミス,12個 割る  失敗: 3個 逃す or 22秒,138,,,aim_shoot,high,override,22,12,2,1800,3,se_failure se_success se_tap,bgm_main,false,false,false,,false,false,false,false,false,false,TAP THE RISING BUBBLES TO POP THEM BEFORE THEY ESCAPE OFF THE TOP,11,65,true,false,,,true,true,true,true,true,69,20/10/15/4/15/5,0,game.feedback.good/bad で行動の正否を提示する; キャラ/モチーフを game.draw.sprite で描く; 背景に game.draw.gradient を使う(黒一色回避)
762,762-quick-draw.js,quick-draw,1,クイックドロウ,「DRAW!」が出た瞬間に最速でタップする早撃ち勝負,DRAW! が出たらタップ。出る前にタップ(フライング)、遅すぎもミス,8回 成功  失敗: 3回 ミス or 22秒,140,,,reaction_duel,high,override,22,8,2,1800,3,se_failure se_success se_tap,bgm_main,false,false,false,,false,false,false,false,false,false,WAIT FOR DRAW! THEN TAP AS FAST AS YOU CAN · TAP EARLY OR TOO LATE MISSES,32,73,true,false,,,true,true,true,true,true,69,20/10/15/4/15/5,0,game.feedback.good/bad で行動の正否を提示する; キャラ/モチーフを game.draw.sprite で描く; 背景に game.draw.gradient を使う(黒一色回避)
763,763-odd-one-out.js,odd-one-out,1,オッドワンアウト,4つの図形の中から、色か形が違う1つを素早く見つけてタップする,仲間はずれの図形をタップ。間違えるとミス,10問 正解  失敗: 3回 ミス or 24秒,144,,,spot,high,override,24,10,2,1800,3,se_failure se_success se_tap,bgm_main,false,false,false,,false,false,false,false,false,false,FIND THE SHAPE THAT DIFFERS IN COLOR OR FORM · TAP IT FAST,20,58,true,false,,,true,true,true,true,true,64,20/10/15/4/10/5,0,game.feedback.good/bad で行動の正否を提示する; キャラ/モチーフを game.draw.sprite で描く; 背景に game.draw.gradient を使う(黒一色回避)
764,764-volt-control.js,volt-control,1,ボルトコントロール,上昇し続ける電圧をタップで放電し、安全ゾーンに保て,タップで電圧を下げる（過放電にも注意）,16秒間 安全ゾーンを維持  失敗: 危険域に3回突入 or 24秒,165,,,balance,high,override,24,,1,1800,3,se_failure se_success se_tap,bgm_main,false,false,false,,false,false,false,false,false,false,TAP TO DISCHARGE · KEEP THE VOLTAGE INSIDE THE SAFE BAND,17,56,true,false,,,true,true,true,true,true,64,20/10/15/4/10/5,0,game.feedback.good/bad で行動の正否を提示する; キャラ/モチーフを game.draw.sprite で描く; 背景に game.draw.gradient を使う(黒一色回避)
765,765-star-chain.js,star-chain,1,スターチェーン,数字の順番通りに星をタップして繋げ,1→2→3→4→5の順にタップ。順番を間違えると最初からやり直し,8チェーン 完成  失敗: 3回 ミス or 24秒,171,,,spot,high,override,24,8,2,1800,3,se_failure se_success se_tap,bgm_main,false,false,false,,false,false,false,false,false,false,TAP THE STARS IN NUMBER ORDER 1 TO 5 · A WRONG TAP RESETS THE CHAIN,12,67,true,false,,,true,true,true,true,true,69,20/10/15/4/15/5,0,game.feedback.good/bad で行動の正否を提示する; キャラ/モチーフを game.draw.sprite で描く; 背景に game.draw.gradient を使う(黒一色回避)
766,766-falling-box.js,falling-box,1,カラーマッチ,落下するブロックの色が、狙いのスロットの色と一致した瞬間タップせよ,タップ — ブロックがターゲットスロットの色と同じになった瞬間,12回 マッチ  失敗: 3回 ミス or 26秒,178,,,timing_window,high,override,26,12,2,1800,3,se_failure se_success se_tap,bgm_main,false,false,false,,false,false,false,false,false,false,TAP THE MOMENT THE FALLING BLOCK MATCHES THE TARGET SLOT COLOR,18,62,true,false,,,true,true,true,true,true,69,20/10/15/4/15/5,0,game.feedback.good/bad で行動の正否を提示する; キャラ/モチーフを game.draw.sprite で描く; 背景に game.draw.gradient を使う(黒一色回避)
767,767-pinball-tap.js,pinball-tap,3,ピンボールタップ,バウンドするボールを落とさないようにタップで打ち返せ,タップでフリッパーをそのX位置へワープ、ボールを跳ね返せ,15回 打ち返す  失敗: 3回 落下 or 24秒,160,,,timing_one_shot,high,override,24,15,2,1800,3,se_failure se_success se_tap,bgm_main,false,false,false,,false,false,false,false,false,false,TAP TO WARP THE FLIPPER UNDER THE BALL AND BOUNCE IT BACK UP,11,60,true,false,,,true,true,true,true,true,69,20/10/15/4/15/5,0,game.feedback.good/bad で行動の正否を提示する; キャラ/モチーフを game.draw.sprite で描く; 背景に game.draw.gradient を使う(黒一色回避)
768,768-freeze-moment.js,freeze-moment,1,フリーズモーメント,3つの円が中央ゾーンにすべて重なる瞬間にタップせよ,タップ — 3つの円がすべて中央に集まった瞬間,10回 成功  失敗: 3回 ミス or 24秒,150,,,timing_one_shot,high,override,24,10,2,1800,3,se_failure se_success se_tap,bgm_main,false,false,false,,false,false,false,false,false,false,TAP THE INSTANT ALL THREE ORBS OVERLAP INSIDE THE CENTER ZONE,13,61,true,false,,,true,true,true,true,true,64,20/10/15/4/10/5,0,game.feedback.good/bad で行動の正否を提示する; キャラ/モチーフを game.draw.sprite で描く; 背景に game.draw.gradient を使う(黒一色回避)
769,769-neon-type.js,neon-type,1,ネオンタイプ,流れるネオン文字の「ターゲット文字」が中央ゾーンに入る瞬間をタップせよ,タップ — ターゲット文字が中央ゾーンに入った瞬間,12回 ヒット  失敗: 3回 ミス or 24秒,163,,,timing_window,high,override,24,12,2,1800,3,se_failure se_success se_tap,bgm_main,false,false,false,,false,false,false,false,false,false,TAP WHEN THE TARGET LETTER SLIDES INTO THE CENTER ZONE,17,54,true,false,,,true,true,true,true,true,69,20/10/15/4/15/5,0,game.feedback.good/bad で行動の正否を提示する; キャラ/モチーフを game.draw.sprite で描く; 背景に game.draw.gradient を使う(黒一色回避)
770,770-cannonball.js,cannonball,1,キャノンボール,大砲の弾道を予測してターゲットに直撃させろ,タップで発射（タップX位置で発射角が変わる）,10回 命中  失敗: 3回 外れ or 26秒,159,,,trajectory,high,override,26,10,2,1800,3,se_failure se_success se_tap,bgm_main,false,false,false,,false,false,false,false,false,false,TAP TO FIRE · YOUR TAP X SETS THE LAUNCH ANGLE · HIT THE TARGET,12,63,true,false,,,true,true,true,true,true,69,20/10/15/4/15/5,0,game.feedback.good/bad で行動の正否を提示する; キャラ/モチーフを game.draw.sprite で描く; 背景に game.draw.gradient を使う(黒一色回避)
771,771-rope-cut.js,rope-cut,4,ロープカット,OKマークのアイテムのロープだけを切れ。NGを切るとミス,タップでロープを切る（アイテムの上部を狙え）,8セット 全正解  失敗: 3回 ミスカット or 26秒,157,,,spot,high,override,26,8,2,1800,3,se_failure se_success se_tap,bgm_main,false,false,false,,false,false,false,false,false,false,CUT ONLY THE ROPES HOLDING OK ITEMS · CUTTING AN NG ITEM IS A MISS,20,66,true,false,,,true,true,true,true,true,64,20/10/15/4/10/5,0,game.feedback.good/bad で行動の正否を提示する; キャラ/モチーフを game.draw.sprite で描く; 背景に game.draw.gradient を使う(黒一色回避)
772,772-wind-drift.js,wind-drift,1,ウィンドドリフト,風に流される船をセーフゾーンに保ち続けろ,タップで船を右へ押す（風は常に左から吹く）,16秒間 ゾーン内を維持  失敗: 3回 ゾーン逸脱 or 24秒,153,,,balance,high,override,24,,1,1800,3,se_failure se_success se_tap,bgm_main,false,false,false,,false,false,false,false,false,false,TAP TO PUSH THE SHIP RIGHT · THE WIND BLOWS LEFT · STAY IN THE SAFE ZONE,17,72,true,false,,,true,true,true,true,true,69,20/10/15/4/15/5,0,game.feedback.good/bad で行動の正否を提示する; キャラ/モチーフを game.draw.sprite で描く; 背景に game.draw.gradient を使う(黒一色回避)
773,773-tile-memory.js,tile-memory,1,タイルメモリー,光ったタイルを覚えて、消えた後に正確に再現せよ,記憶フェーズは見るだけ、再現フェーズで覚えたタイルをタップ,10ラウンド 完璧  失敗: 3回 ミス or 26秒,159,,,memory_sequence,high,override,26,10,2,1800,3,se_failure se_success se_tap,bgm_main,false,false,false,,false,false,false,false,false,false,MEMORIZE THE LIT TILES · THEN TAP THEM ALL AFTER THEY VANISH,26,60,true,false,,,true,true,true,true,true,69,20/10/15/4/15/5,0,game.feedback.good/bad で行動の正否を提示する; キャラ/モチーフを game.draw.sprite で描く; 背景に game.draw.gradient を使う(黒一色回避)
774,774-fuse-box.js,fuse-box,1,ヒューズボックス,燃え広がるヒューズを、爆発する前にタップして消火せよ,タップで消火（燃えているヒューズ上をタップ）,12本 消火  失敗: 3本 爆発 or 24秒,161,,,chase,high,override,24,12,2,1800,3,se_failure se_success se_tap,bgm_main,false,false,false,,false,false,false,false,false,false,TAP THE BURNING FUSES TO PUT THEM OUT BEFORE THEY REACH THE END,12,63,true,false,,,true,true,true,true,true,69,20/10/15/4/15/5,0,game.feedback.good/bad で行動の正否を提示する; キャラ/モチーフを game.draw.sprite で描く; 背景に game.draw.gradient を使う(黒一色回避)
775,775-stack-fall.js,stack-fall,1,スタックフォール,振り子のように揺れるブロックを、下段に重ねて塔を積み上げろ,タップでブロックを落とす（下のブロックに重なった部分だけが残る）,10段 達成  失敗: 3回 全部外す or 24秒,157,,,stack,high,override,24,10,1,1800,3,se_failure se_success se_tap,bgm_main,false,false,false,,false,false,false,false,false,false,TAP TO DROP THE SWINGING BLOCK · ONLY THE OVERLAP STAYS · STACK IT UP,12,69,true,false,,,true,true,true,true,true,69,20/10/15/4/15/5,0,game.feedback.good/bad で行動の正否を提示する; キャラ/モチーフを game.draw.sprite で描く; 背景に game.draw.gradient を使う(黒一色回避)
776,776-countdown-zero.js,countdown-zero,1,カウントダウンゼロ,カウントが「0」になった瞬間だけタップせよ,タップ — カウントが0になった瞬間（短い猶予内）,10回 ジャスト  失敗: 3回 失敗 or 24秒,148,,,timing_one_shot,high,override,24,10,2,1800,3,se_failure se_success se_tap,bgm_main,false,false,false,,false,false,false,false,false,false,TAP ONLY THE INSTANT THE COUNT HITS ZERO · TOO EARLY OR LATE MISSES,23,67,true,false,,,true,true,true,true,true,64,20/10/15/4/10/5,0,game.feedback.good/bad で行動の正否を提示する; キャラ/モチーフを game.draw.sprite で描く; 背景に game.draw.gradient を使う(黒一色回避)
777,777-laser-dodge.js,laser-dodge,4,レーザードッジ,回転するレーザーが来る瞬間にジャンプして跳び越えろ,タップでジャンプ（レーザーが足元を通過する前に）,12回 回避  失敗: 3回 被弾 or 24秒,157,,,dodge,high,override,24,12,2,1800,3,se_failure se_success se_tap,bgm_main,false,false,false,,false,false,false,false,false,false,TAP TO JUMP OVER THE SWEEPING LASER AS IT PASSES YOUR FEET,12,58,true,false,,,true,true,true,true,true,69,20/10/15/4/15/5,0,game.feedback.good/bad で行動の正否を提示する; キャラ/モチーフを game.draw.sprite で描く; 背景に game.draw.gradient を使う(黒一色回避)
778,778-bloom-time.js,bloom-time,1,ブルームタイム,花が満開になった瞬間にタップせよ。枯れる前に,タップ — 花が「満開（FULL BLOOM）」状態の瞬間,10回 成功  失敗: 3回 ミス or 26秒,158,,,timing_one_shot,high,override,26,10,2,1800,3,se_failure se_success se_tap,bgm_main,false,false,false,,false,false,false,false,false,false,TAP THE INSTANT THE FLOWER IS IN FULL BLOOM · BEFORE IT WILTS,21,61,true,false,,,true,true,true,true,true,59,20/10/15/4/5/5,0,game.feedback.good/bad で行動の正否を提示する; キャラ/モチーフを game.draw.sprite で描く; 背景に game.draw.gradient を使う(黒一色回避)
779,779-number-order.js,number-order,1,ナンバーオーダー,画面に散らばる数字を1から順にタップせよ,タップ — 数字を昇順にタップ（1→2→3...）,8ラウンド 完走  失敗: 3回 ミス or 24秒,153,,,spot,high,override,24,8,2,1800,3,se_failure se_success se_tap,bgm_main,false,false,false,,false,false,false,false,false,false,TAP THE SCATTERED NUMBERS IN ASCENDING ORDER · 1 THEN 2 THEN 3,13,62,true,false,,,true,true,true,true,true,69,20/10/15/4/15/5,0,game.feedback.good/bad で行動の正否を提示する; キャラ/モチーフを game.draw.sprite で描く; 背景に game.draw.gradient を使う(黒一色回避)
780,780-shockwave.js,shockwave,1,ショックウェーブ,タップで衝撃波を発生させ、中心へ迫る敵を撃破せよ,タップで衝撃波（拡大する輪）を発生させる（敵に当てろ）,15体 撃破  失敗: 3体 侵入 or 24秒,161,,,aim_shoot,high,override,24,15,2,1800,3,se_failure se_success se_tap,bgm_main,false,false,false,,false,false,false,false,false,false,TAP TO EMIT A SHOCKWAVE RING · BLAST THE ENEMIES BEFORE THEY REACH THE CORE,10,75,true,false,,,true,true,true,true,true,69,20/10/15/4/15/5,0,game.feedback.good/bad で行動の正否を提示する; キャラ/モチーフを game.draw.sprite で描く; 背景に game.draw.gradient を使う(黒一色回避)
781,781-orbit-catch.js,orbit-catch,7,オービットキャッチ,軌道上を回るボールを、ゲートを開けて正確な瞬間にキャッチせよ,タップした位置にゲートが移動し、一瞬開く。ボール通過に合わせろ,12回 キャッチ  失敗: 3回 逃す or 24秒,146,,,timing_one_shot,high,override,24,12,2,1800,3,se_failure se_success se_tap,bgm_main,false,false,false,,false,false,false,false,false,false,TAP TO MOVE THE GATE AND OPEN IT · TIME IT AS THE BALL PASSES THROUGH,11,69,true,false,,,true,true,true,true,true,69,20/10/15/4/15/5,0,game.feedback.good/bad で行動の正否を提示する; キャラ/モチーフを game.draw.sprite で描く; 背景に game.draw.gradient を使う(黒一色回避)
782,782-shadow-match.js,shadow-match,5,シャドウマッチ,シルエットが示す形を、4択から選んでタップせよ,タップ — 4択から正しいシルエットの正体を選ぶ,10問 正解  失敗: 3回 ミス or 24秒,157,,,judge,high,override,24,10,2,1800,3,se_failure se_success se_tap,bgm_main,false,false,false,,false,false,false,false,false,false,A SILHOUETTE IS SHOWN · TAP THE MATCHING SHAPE FROM THE FOUR CHOICES,20,68,true,false,,,true,true,true,true,true,64,20/10/15/4/10/5,0,game.feedback.good/bad で行動の正否を提示する; キャラ/モチーフを game.draw.sprite で描く; 背景に game.draw.gradient を使う(黒一色回避)
783,783-crystal-tap.js,crystal-tap,1,クリスタルタップ,輝くクリスタルが最大に光った瞬間（PEAK）を逃さずタップせよ,タップ — クリスタルの輝きがピーク（PEAK）に達した瞬間,10回 ピーク  失敗: 3回 ミス or 24秒,162,,,timing_one_shot,high,override,24,10,2,1800,3,se_failure se_success se_tap,bgm_main,false,false,false,,false,false,false,false,false,false,TAP THE INSTANT THE CRYSTAL SHINES AT ITS PEAK BRIGHTNESS,18,57,true,false,,,true,true,true,true,true,69,20/10/15/4/15/5,0,game.feedback.good/bad で行動の正否を提示する; キャラ/モチーフを game.draw.sprite で描く; 背景に game.draw.gradient を使う(黒一色回避)
784,784-pressure-valve.js,pressure-valve,1,プレッシャーバルブ,上昇する圧力を連続タップで抑え、レッドゾーンから守れ,連続タップで圧力を下げる（タップ毎に低下）,16秒間 レッドゾーン超過なしで耐える  失敗: 3回 過圧 or 24秒,147,,,balance,high,override,24,,1,1800,3,se_failure se_success se_tap,bgm_main,false,false,false,,false,false,false,false,false,false,TAP RAPIDLY TO BLEED PRESSURE · KEEP IT OUT OF THE RED ZONE,16,59,true,false,,,true,true,true,true,true,59,20/10/15/4/5/5,0,game.feedback.good/bad で行動の正否を提示する; キャラ/モチーフを game.draw.sprite で描く; 背景に game.draw.gradient を使う(黒一色回避)
785,785-frequency-tune.js,frequency-tune,1,フリークエンシーチューン,ノイズの中から目標周波数に合わせて維持せよ,左半分タップで周波数↓、右半分タップで↑。緑ゾーンに合わせてキープ,10回 チューン成功  失敗: 3回 ミス or 24秒,154,,,balance,high,override,24,10,2,1800,3,se_failure se_success se_tap,bgm_main,false,false,false,,false,false,false,false,false,false,"TAP LEFT TO LOWER, RIGHT TO RAISE · LOCK ONTO THE GREEN TARGET BAND",22,67,true,false,,,true,true,true,true,true,69,20/10/15/4/15/5,0,game.feedback.good/bad で行動の正否を提示する; キャラ/モチーフを game.draw.sprite で描く; 背景に game.draw.gradient を使う(黒一色回避)
786,786-mirror-dance.js,mirror-dance,2,ミラーダンス,鏡に映る動きを見て、反転した「正しい」方向をタップせよ,左半分/右半分タップ（または左右スワイプ）で鏡の反転方向を選ぶ,10問 正解  失敗: 3回 ミス or 24秒,166,,,swipe_direction,high,override,24,10,2,1800,3,se_failure se_success se_tap,bgm_main,false,false,false,,false,false,false,false,false,false,"THE MIRROR MOVES ONE WAY · TAP OR SWIPE THE OPPOSITE, TRUE DIRECTION",42,68,true,false,,,true,true,true,true,true,52,13/10/15/4/5/5,0,game.feedback.good/bad で行動の正否を提示する; 全入力ハンドラで即時フィードバック(feedback/fx/audio)を返す; キャラ/モチーフを game.draw.sprite で描く
787,787-ice-slide.js,ice-slide,7,アイスライド,氷の上を滑る石をタップで方向転換させ、ゴールへ導け,タップで石の進行方向を90度回転させる,8回 ゴール  失敗: 3回 ミス or 26秒,168,,,guide_path,high,override,26,8,2,1800,3,se_failure se_success se_tap,bgm_main,false,false,false,,false,false,false,false,false,false,TAP TO TURN THE SLIDING STONE 90 DEGREES · STEER IT TO THE GOAL STAR,11,68,true,false,,,true,true,true,true,true,69,20/10/15/4/15/5,0,game.feedback.good/bad で行動の正否を提示する; キャラ/モチーフを game.draw.sprite で描く; 背景に game.draw.gradient を使う(黒一色回避)
788,788-voltage-surge.js,voltage-surge,5,ボルテージサージ,電圧スパイクの頂点（ピーク）を一撃で叩け,タップ — 電圧が最高値（スパイク頂点）に達した瞬間だけ,10回 ヒット  失敗: 3回 ミス or 24秒,155,,,count_exact,high,override,24,10,2,1800,3,se_failure se_success se_tap,bgm_main,false,false,false,,false,false,false,false,false,false,TAP ONLY WHEN THE VOLTAGE SPIKE HITS ITS PEAK · TOO EARLY OR LATE MISSES,32,72,true,false,,,true,true,true,true,true,64,20/10/15/4/10/5,0,game.feedback.good/bad で行動の正否を提示する; キャラ/モチーフを game.draw.sprite で描く; 背景に game.draw.gradient を使う(黒一色回避)
789,789-crowd-pick.js,crowd-pick,1,クラウドピック,群衆の中から「指定された特徴」を持つ1体だけをタップせよ,タップ — 指定された特徴（色 or 形）に一致する図形だけを選ぶ,10問 正解  失敗: 3回 ミス or 24秒,168,,,spot,high,override,24,10,2,1800,3,se_failure se_success se_tap,bgm_main,false,false,false,,false,false,false,false,false,false,FIND AND TAP THE ONE FIGURE THAT MATCHES THE REQUESTED COLOR OR SHAPE,26,69,true,false,,,true,true,true,true,true,69,20/10/15/4/15/5,0,game.feedback.good/bad で行動の正否を提示する; キャラ/モチーフを game.draw.sprite で描く; 背景に game.draw.gradient を使う(黒一色回避)
790,790-echo-chain.js,echo-chain,1,エコーチェーン,光のパターンを覚えて、同じ順序で再現せよ,タップ — 表示されたパネルの光の順序をそのままなぞる,8セット 完走  失敗: 3回 ミス or 26秒,166,,,memory_sequence,high,override,26,8,2,1800,3,se_failure se_success se_tap,bgm_main,false,false,false,,false,false,false,false,false,false,WATCH THE LIGHT PATTERN · THEN TAP THE PANELS IN THE SAME ORDER,26,63,true,false,,,true,true,true,true,true,69,20/10/15/4/15/5,0,game.feedback.good/bad で行動の正否を提示する; キャラ/モチーフを game.draw.sprite で描く; 背景に game.draw.gradient を使う(黒一色回避)
791,791-drift-balance.js,drift-balance,1,ドリフトバランス,左右に傾く天秤を、タップで均衡を保ち続けろ,左タップで左へ、右タップで右へ力を加える（安全ゾーンを維持）,16秒間 ゾーン内を維持  失敗: 3回 転倒 or 24秒,151,,,balance,high,override,24,,2,1800,3,se_failure se_success se_tap,bgm_main,false,false,false,,false,false,false,false,false,false,TAP LEFT OR RIGHT TO NUDGE THE BEAM · KEEP IT INSIDE THE SAFE ZONE,14,66,true,false,,,true,true,true,true,true,69,20/10/15/4/15/5,0,game.feedback.good/bad で行動の正否を提示する; キャラ/モチーフを game.draw.sprite で描く; 背景に game.draw.gradient を使う(黒一色回避)
792,792-chain-reaction.js,chain-reaction,9,チェーンリアクション,1タップで最大の連鎖爆発を引き起こせ,タップ — 爆発を起こし、隣接する玉を巻き込む（2連鎖以上を作れ）,8回 連鎖達成  失敗: 3回 連鎖なし or 24秒,160,,,timing_one_shot,high,override,24,8,2,1800,3,se_failure se_success se_tap,bgm_main,false,false,false,,false,false,false,false,false,false,TAP ONE ORB TO DETONATE IT · THE BLAST CHAINS TO NEARBY ORBS · GO BIG,13,69,true,false,,,true,true,true,true,true,64,20/10/15/4/10/5,0,game.feedback.good/bad で行動の正否を提示する; キャラ/モチーフを game.draw.sprite で描く; 背景に game.draw.gradient を使う(黒一色回避)
793,793-tempo-tap.js,tempo-tap,4,テンポタップ,リズムに合わせてタップせよ。ビートを外すな,タップ — 脈打つビートに合わせてタップ（猶予は短い）,10ビート 成功  失敗: 3回 外す or 24秒,145,,,rhythm,high,override,24,10,2,1800,3,se_failure se_success se_tap,bgm_main,false,false,false,,false,false,false,false,false,false,TAP IN TIME WITH THE PULSING BEAT · KEEP YOUR RHYTHM LOCKED,15,59,true,false,,,true,true,true,true,true,64,20/10/15/4/10/5,0,game.feedback.good/bad で行動の正否を提示する; キャラ/モチーフを game.draw.sprite で描く; 背景に game.draw.gradient を使う(黒一色回避)
794,794-signal-sort.js,signal-sort,2,シグナルソート,流れる信号を、中央に来た瞬間に正しいレーンへ振り分けろ,左タップ/スワイプで△(TRIANGLE)、右で○(CIRCLE)へ振り分ける,12個 正解  失敗: 3回 ミス or 24秒,168,,,swipe_direction,high,override,24,12,2,1800,3,se_failure se_success se_tap,bgm_main,false,false,false,,false,false,false,false,false,false,"WHEN A SIGNAL REACHES CENTER, TAP LEFT FOR TRIANGLE, RIGHT FOR CIRCLE",32,69,true,false,,,true,true,true,true,true,62,13/10/15/4/15/5,0,game.feedback.good/bad で行動の正否を提示する; 全入力ハンドラで即時フィードバック(feedback/fx/audio)を返す; キャラ/モチーフを game.draw.sprite で描く
795,795-whack-spike.js,whack-spike,1,ワックスパイク,地面の穴から飛び出すスパイクを、引っ込む前に叩き落とせ,タップ — 飛び出したスパイクを素早く叩く,12本 叩く  失敗: 3本 逃す or 24秒,156,,,chase,high,override,24,12,2,1800,3,se_failure se_success se_tap,bgm_main,false,false,false,,false,false,false,false,false,false,TAP THE SPIKES AS THEY POP UP FROM THE HOLES BEFORE THEY DUCK BACK DOWN,17,71,true,false,,,true,true,true,true,true,69,20/10/15/4/15/5,0,game.feedback.good/bad で行動の正否を提示する; キャラ/モチーフを game.draw.sprite で描く; 背景に game.draw.gradient を使う(黒一色回避)
796,796-pixel-paint.js,pixel-paint,7,ピクセルペイント,指定された色のマスだけを素早くタップして塗れ,タップ — お手本の色に一致するマスだけを塗る（違う色はペナルティ）,12マス 塗る  失敗: 3回 ミス or 24秒,156,,,trace,high,override,24,12,2,1800,3,se_failure se_success se_tap,bgm_main,false,false,false,,false,false,false,false,false,false,TAP ONLY THE CELLS THAT MATCH THE TARGET COLOR · WRONG CELLS COST YOU,12,69,true,false,,,true,true,true,true,true,69,20/10/15/4/15/5,0,game.feedback.good/bad で行動の正否を提示する; キャラ/モチーフを game.draw.sprite で描く; 背景に game.draw.gradient を使う(黒一色回避)
797,797-tension-wire.js,tension-wire,1,テンションワイヤー,ワイヤーの張力が限界を超える前にタップで緩めろ,タップ — ワイヤーを緩める（張力ダウン）,16秒間 ワイヤーを切らずに耐える  失敗: 3回 切断 or 24秒,146,,,balance,high,override,24,,1,1800,3,se_failure se_success se_tap,bgm_main,false,false,false,,false,false,false,false,false,false,TAP TO RELEASE TENSION · KEEP THE WIRE FROM SNAPPING PAST THE RED LINE,14,70,true,false,,,true,true,true,true,true,59,20/10/15/4/5/5,0,game.feedback.good/bad で行動の正否を提示する; キャラ/モチーフを game.draw.sprite で描く; 背景に game.draw.gradient を使う(黒一色回避)
798,798-target-lock.js,target-lock,3,ターゲットロック,軌道を回るロックマーカーが的に重なった瞬間にタップせよ,タップ — ロックマーカーが的の中心に重なった瞬間,10回 ロックオン  失敗: 3回 ミス or 24秒,147,,,aim_shoot,high,override,24,10,2,1800,3,se_failure se_success se_tap,bgm_main,false,false,false,,false,false,false,false,false,false,TAP THE MOMENT THE ORBITING RETICLE LINES UP OVER THE MOVING TARGET,12,67,true,false,,,true,true,true,true,true,74,20/10/15/9/15/5,0,game.feedback.good/bad で行動の正否を提示する; キャラ/モチーフを game.draw.sprite で描く; 背景に game.draw.gradient を使う(黒一色回避)
799,799-avalanche.js,avalanche,1,アバランシュ,落下する岩を、着地する前に爆破ゾーンでタップで爆破せよ,タップ — 落下する岩が爆破ゾーン（画面下部）に入った瞬間,12個 爆破  失敗: 3個 着地 or 24秒,153,,,timing_window,high,override,24,12,2,1800,3,se_failure se_success se_tap,bgm_main,false,false,false,,false,false,false,false,false,false,TAP THE FALLING ROCKS WHILE THEY PASS THROUGH THE BLAST ZONE,12,60,true,false,,,true,true,true,true,true,69,20/10/15/4/15/5,0,game.feedback.good/bad で行動の正否を提示する; キャラ/モチーフを game.draw.sprite で描く; 背景に game.draw.gradient を使う(黒一色回避)
800,800-grand-finale.js,grand-finale,1,グランドフィナーレ,800本目！ 流れ星が輝きの頂点に達した瞬間をキャッチせよ,タップ — 流れ星が輝きのピーク（PEAK）に達した瞬間,12個 キャッチ  失敗: 3回 ミス or 26秒,176,,,timing_one_shot,high,override,26,12,2,1800,3,se_failure se_success se_tap,bgm_main,false,false,false,,false,false,false,false,false,false,GAME 800 · TAP EACH SHOOTING STAR AT THE PEAK OF ITS BRILLIANCE,17,63,true,false,,,true,true,true,true,true,64,20/10/15/4/10/5,0,game.feedback.good/bad で行動の正否を提示する; キャラ/モチーフを game.draw.sprite で描く; 背景に game.draw.gradient を使う(黒一色回避)
,dodge-balls.js,dodge-balls,0,上から降ってくるボールをスワイプで避けて生き延びる（15秒）,,,,96,,,dodge,high,override,,,0,,3,se_failure se_success se_tap,bgm_main,false,false,false,,false,false,false,false,false,false,,5,9,true,false,,,false,false,false,false,false,54,20/10/5/4/10/5,0,game.feedback.good/bad で行動の正否を提示する; キャラ/モチーフを game.draw.sprite で描く; 背景に game.draw.gradient を使う(黒一色回避)
,swipe-direction.js,swipe-direction,0,画面に表示された矢印の方向にスワイプする（5問 or 10秒）,,,,94,,,swipe_direction,high,override,,,0,600,2,se_failure se_success,bgm_main,false,false,false,,false,false,false,false,false,false,,15,5,true,false,,,false,false,false,false,false,52,20/8/5/4/10/5,0,game.feedback.good/bad で行動の正否を提示する; イベント別のSE(se_*)を3種以上に増やす(§6.1); キャラ/モチーフを game.draw.sprite で描く
,tap-target.js,tap-target,0,ランダムに動き回るターゲットをタップするゲーム（10秒）,,,,67,,,aim_shoot,high,override,,,0,,2,se_failure se_success,bgm_main,false,false,false,,false,false,false,false,false,false,,1,4,true,false,,,false,false,false,false,false,52,20/8/5/4/10/5,0,game.feedback.good/bad で行動の正否を提示する; イベント別のSE(se_*)を3種以上に増やす(§6.1); キャラ/モチーフを game.draw.sprite で描く
,D-20092012-0002-frozen-ally-breakout.js,D-20092012-0002-frozen-ally-breakout,0,フローズンレスキュー,放り投げた温石を弧を描いて飛ばし、氷塊の奥の仲間を割って助け出す,石を下に引いて放物線の角度と強さを決め、離して発射。石は氷塊に当たって割る,,269,trajectory,frozen_ally_rescue,slingshot,med,jp,,,0,,7,se_break se_coin se_failure se_jump se_milestone se_success se_tap,,true,false,true,burst popup,true,true,true,true,false,false,,56,15,true,false,吹雪の岩棚に閉じ込められた仲間。投げた温石の弧を読みながら、氷塊を順に割って助け出す,90s 16bit,false,false,false,true,true,90,20/20/15/15/15/5,0,game.feedback.good/bad で行動の正否を提示する
,D-20092012-0007-spring-tower-ascent.js,D-20092012-0007-spring-tower-ascent,0,スプリングタワー・アセント,バネ脚の小さな探検者が自動で跳ね上がり続け、崩れる足場の塔を上る,跳ぶ瞬間に画面の左右どちらかを押さえていると、その方向の足場へ流れて着地する。放せば直進で着地,,254,camera_climb,spring_tower_ascent,stack,med,slug,,,0,,7,se_bad se_coin se_failure se_jump se_milestone se_success se_tap,,true,false,true,popup,true,true,true,true,false,true,,28,15,true,false,雲の上にそびえる古い観測塔。バネ脚の探検者が崩れゆく足場を一段ずつ跳び渡り、てっぺんの鐘を目指す,90s 16bit,false,false,false,true,true,95,25/20/15/15/15/5,0,
,D-20092012-0031-attic-silk-catch.js,D-20092012-0031-attic-silk-catch,0,アティック・シルクキャッチ,薄暗い屋根裏の梁から、飛び交う小虫めがけて糸をフリックして捕らえる,小虫が現れた方向へスワイプして糸を弾き飛ばし捕らえる,,227,flick_launch,attic_rafter_weaver,swipe_direction,med,jp,,,0,,6,se_bad se_coin se_failure se_milestone se_success se_tap,,true,false,true,burst popup,true,true,true,false,false,false,,30,15,true,false,薄暗い屋根裏の梁の主。四方の隙間から現れる小虫めがけて糸をフリックで撃ち出し、次々と捕らえていく,1BIT INK,false,false,false,true,true,95,25/20/15/15/15/5,0,
,GH-DS-0033-hallway-hold-still.js,GH-DS-0033-hallway-hold-still,0,ホールドスティル,監視の目が向いている間は触れず、逸れた隙に指で押して進む,画面を押し続けると前進する。監視灯が赤くなったら指を離して静止する,,228,freeze,sentry_hallway,hold_charge,high,slug+jp,14,,0,,7,se_bad se_coin se_failure se_good se_milestone se_success se_tap,,true,false,true,flash popup,true,true,true,true,false,true,,51,15,true,false,無人の警備区画。天井の監視灯が周期的に振り返る。灯が赤い間は空気すら動かせない、逸れた隙にだけ進める,HD POST 3D,false,false,false,true,true,95,25/20/15/15/15/5,0,
,GH-DS-0038-mismatch.js,GH-DS-0038-mismatch,0,ミスマッチ,3人のうち、証言(天気アイコン)と見た目(濡れ具合)が食い違う1人を指す,天気アイコンが出そろったら、矛盾している人物をタップ,,233,judge,interview_room,timing_one_shot,low,default,,,0,,5,se_bad se_coin se_failure se_success se_tap,bgm_tense,false,true,true,burst popup,true,true,true,false,false,false,,48,15,true,false,取調室。3人が同じ質問(天気)に答える。晴れと言うなら乾いているはず、雨と言うなら濡れているはず。1人だけ違う,1BIT INK,false,false,false,true,true,93,25/18/15/15/15/5,0,
,GH-DS-0039-verdict-call.js,GH-DS-0039-verdict-call,0,ヴァーディクトコール,証拠を1つずつ見て、有罪か無罪かを最後に一度だけ決める,証拠が出るたびに、天秤がどちらに傾くか見る。全部出たら GUILTY / NOT GUILTY のどちらかをタップ,,210,judge,courtroom_file,timing_one_shot,low,default,,,0,,4,se_coin se_failure se_success se_tap,bgm_tense,false,true,true,burst popup,true,true,true,false,false,false,,26,12,true,false,端末に表示される証拠ファイル。1つずつ出るたびに天秤が傾く。最後に自分の目で見た傾きどおりに決める,8bit PC MONITOR,false,false,false,true,true,93,25/18/15/15/15/5,0,
,GH-DS-0043-scene-spot-anomaly.js,GH-DS-0043-scene-spot-anomaly,0,シーンスポット・アノマリー,現像された現場写真がフラッシュして浮かぶ。不自然な1点だけタップする,フラッシュのたびに新しい写真が浮かぶ。4つの品のうち1つだけ様子が違う。それを見つけてタップ。外すと持ち時間が減る,,217,spot,detective_lightbox,spot,high,slug+jp,12,,0,,6,se_bad se_coin se_failure se_milestone se_success se_tap,,true,false,true,burst popup,true,true,true,false,false,false,,27,15,true,false,暗室のライトボックスに現場写真が次々と浮かぶ。持ち物4点のうち1点だけ矛盾がある。フラッシュが焚かれるたびに写真は変わる,NEO-RETRO,false,false,false,true,true,95,25/20/15/15/15/5,0,
,GH-PS-0120-crumble-climb.js,GH-PS-0120-crumble-climb,0,クランブルクライム,足場を選んで登る。崩れる足場は音と揺れで分かる,3つの足場のうち、しっかりしている(揺れが小さい・音が澄んでいる)ものをタップ,,180,spot,cliff_face,judge,low,jp-weak,,,0,,4,se_coin se_failure se_success se_tap,bgm_tense,false,false,true,burst popup,true,true,true,false,false,false,,15,15,true,false,垂直な崖。3つの足場が現れるたび、1つだけかすかに崩れかけている(揺れが大きく、音がこもる)。見極めて登る,HYPERCASUAL 3D,false,false,false,true,true,93,25/18/15/15/15/5,0,
,GH-PS2-0059-villager-guide-follow.js,GH-PS2-0059-villager-guide-follow,0,ヴィレッジャー・ガイド,指でなぞって、隠れるべき村人を安全な影へそっと導く,村人は指の位置にゆっくり追従する。速く動かすほどランタンの灯りが強まり見つかりやすくなるので、なめらかに動かす,,281,drag_follow,night_patrol_hideaway,trace,med,jp,20,,0,,5,se_coin se_failure se_milestone se_success se_tap,,true,true,true,burst popup,true,true,true,true,false,false,,46,15,true,false,夜の村。巡回の光が定期的に走査線のように通る。ランタンを持つ村人を指でなぞって影の中へ導き、光をやり過ごしながら出口へ運ぶ,90s LOW POLY,false,false,false,true,true,95,25/20/15/15/15/5,0,
,I-DS-0005-anvil-peg-pull.js,I-DS-0005-anvil-peg-pull,0,アンビルペグプル,石の台に刺さった杭を指でつまみ、まっすぐ真上に引き抜く,杭の頭を押さえ、まっすぐ上方向にドラッグして引き抜く。斜めにぶれると引き抜きが緩む,,229,slingshot,strongman_stone_peg_pull,timing_one_shot,low,default,,,0,,6,se_bad se_coin se_failure se_milestone se_success se_tap,,true,false,true,burst popup,true,true,true,true,false,false,,25,15,true,false,祭りの力試し露店。石の台に打ち込まれた儀式の杭を、挑戦者がまっすぐ引き抜いて力を示す,90s BIG SPRITE,false,false,false,true,true,95,25/20/15/15/15/5,0,
,I-DS-0014-tent-seam-zip.js,I-DS-0014-tent-seam-zip,0,テントシーラー,嵐の夜、裂けたテントの合わせ目を指でジッパーをなぞり上げて閉じる,つまみを合わせ目の線に沿って下から上へなぞり動かす。突風の間は線が細くなるので慎重に,,250,trace,storm_tent_seam,trace,med,jp,,,0,,5,se_coin se_failure se_milestone se_success se_tap,,true,false,true,burst popup,true,true,true,true,false,false,,30,15,true,false,嵐の野営地。テント番のアライグマが、風で裂けた入口の合わせ目をジッパーづたいに閉じきる,90s 16bit,false,false,false,true,true,95,25/20/15/15/15/5,0,
,I-DS-0018-vault-stillness-watch.js,I-DS-0018-vault-stillness-watch,0,ヴォールト・スティルネス,夜の宝物庫で、光る宝珠がどれだけ誘っても画面に触れず見張り続ける,何も操作しない。宝珠がどれだけ光って誘っても画面には一切触れないこと,,188,freeze,night_vault_stillness,timing_one_shot,low,default,9,,0,,6,se_bad se_coin se_failure se_milestone se_success se_tap,,true,false,true,burst popup,true,true,true,false,false,false,,24,15,true,false,夜の宝物庫を守るロボット衛兵。浮遊する宝珠が光と羽虫で気を引くが、微動だにせず見張り抜く,1BIT INK,false,false,false,true,true,95,25/20/15/15/15/5,0,
,I-DS-0020-shaft-lantern-lower.js,I-DS-0020-shaft-lantern-lower,0,シャフトランタン降下,縦坑に吊るしたランタンを、指でつまんでガイド沿いに降ろす,ランタンを指で押さえたままレール沿いに下へドラッグ。途中3つの関門を壁に触れず通過し、最下段の停止マークで止める,,252,guide_path,mine_shaft_lantern,timing_one_shot,low,jp-weak,,,0,,5,se_coin se_failure se_milestone se_success se_tap,,true,false,true,burst popup,true,true,true,true,false,false,,30,15,true,false,落盤で塞がれた縦坑の救助隊。ロープに吊るしたランタンを慎重に下ろし、閉じた関門をくぐらせて最下段の足場に届ける,1BIT INK,false,false,false,true,true,95,25/20/15/15/15/5,0,
,I-DS-0025-buried-relic-rub.js,I-DS-0025-buried-relic-rub,0,埋没遺物こすり出し,砂に埋もれた遺物を同じ場所を指でこすり続けて掘り出す,砂の下に見える遺物の上を指で高速に往復させてこすり、露出させる,,214,rub,desert_excavation,rub,med,jp,12,,0,,6,se_bad se_coin se_failure se_milestone se_success se_tap,,true,false,true,burst popup,true,true,true,true,false,false,,29,15,true,false,砂漠の発掘現場。若い発掘隊員が、砂に埋もれた古い遺物を刷毛代わりの指でこすり出し記録する,8bit HANDHELD,false,false,false,true,true,91,21/20/15/15/15/5,0,全入力ハンドラで即時フィードバック(feedback/fx/audio)を返す
,I-GBA-0001-blade-lean-dodge.js,I-GBA-0001-blade-lean-dodge,0,ブレードリーン,飛来する投げナイフの軌道を見切り、寸前で体を反らしてよける,ナイフが自分の左右どちらから来るかを見て、来た側と逆にスワイプして体を反らす,,220,swipe_direction,carnival_knife_target,dodge,high,slug+jp,,,0,,6,se_bad se_coin se_failure se_good se_success se_tap,,true,false,true,burst popup,true,true,true,false,false,false,,31,15,true,false,旅回りの見世物小屋。的板の前に立つ演者が、次々飛んでくる投げナイフを体を反らしてかわす花形芸,80s NEON,false,false,false,true,true,88,18/20/15/15/15/5,0,全入力ハンドラで即時フィードバック(feedback/fx/audio)を返す
,I-GBA-0008-bellows-blast.js,I-GBA-0008-bellows-blast,0,ベローズブラスト,洞窟の奥、埃で詰まった通気口を大蛇腹のふいごで押し続けて溜め、勢いよく吹き飛ばす,画面下のふいごを長押しして風圧を溜め、満タンで離すと一気に吹き飛ぶ。離すタイミングで威力が決まる,,189,hold_charge,cave_vent_bellows,hold_charge,low,jp-weak,,,0,,7,se_bad se_break se_coin se_failure se_milestone se_powerup se_tap,,true,false,true,burst popup,true,true,true,true,false,false,,25,15,true,false,洞窟探検家が、埃で詰まった通気口の前で大きなふいごを踏み込み、風を溜めて一気に解放する,VOXEL BLOCK,false,false,false,true,true,95,25/20/15/15/15/5,0,
,I-GBA-0012-storm-shutter-parry.js,I-GBA-0012-storm-shutter-parry,0,ストームシャッター,岬の灯台守、迫る高波を鎧戸を閉めて防ぐ,波しぶきが窓に届く直前、光る当たり判定窓の間にタップして鎧戸を閉める,,227,timing_window,lighthouse_storm_shutter,timing_window,low,jp-weak,,,0,,8,se_bad se_coin se_failure se_good se_milestone se_storm_shutter se_success se_tap,,true,false,true,burst popup,true,true,true,false,false,false,,36,15,true,false,嵐の夜、岬の灯台守が窓に迫る高波を鎧戸で防ぐ。波が窓に届く寸前の短い間だけ鎧戸が閉められる,1BIT INK,false,false,false,true,true,95,25/20/15/15/15/5,0,
,I-GBA-0020-chameleon-tongue-reach.js,I-GBA-0020-chameleon-tongue-reach,0,カメレオンタングリーチ,枝の上から蛍めがけ、押し続けて舌をまっすぐ伸ばす,画面を長押しして舌を伸ばし続け、蛍に届く手前で離して届かせる,,210,hold_charge,chameleon_firefly_branch,hold_charge,low,jp-weak,,,0,,7,se_bad se_coin se_failure se_good se_milestone se_success se_tap,,true,false,true,burst popup,true,true,true,true,false,false,,25,15,true,false,夜の枝先にとまったカメレオンが、舌を伸ばし続けて遠くの蛍を捕まえようとする一瞬の狩り,TOON SHADE,false,false,false,true,true,86,20/20/15/11/15/5,0,全入力ハンドラで即時フィードバック(feedback/fx/audio)を返す; 進捗バーか達成カウンタを常時表示する
,I-GBA-0022-tidepool-shell-gather.js,I-GBA-0022-tidepool-shell-gather,0,タイドプールシェルギャザー,波打ち際に散らばる貝殻を、時間内にできるだけ多く連続タップで拾い集める,散らばった貝殻を見つけ次第タップして拾う。逃げないので拾える限り連続で叩く,,212,chase,tidepool_shell_collector,timing_one_shot,low,default,,,0,,5,se_coin se_failure se_milestone se_success se_tap,,true,false,true,popup,true,true,true,false,false,false,,24,15,true,false,引き潮の浜辺で、次の満ち潮が来る前に貝殻拾いの子供が散らばった貝を一つでも多く連続で拾い集める,2010s FLAT MOBILE,false,false,false,true,true,95,25/20/15/15/15/5,0,
,I-GBA-0030-relic-fruit-peel.js,I-GBA-0030-relic-fruit-peel,0,レリックフルーツ・ピール,遺跡で見つけた発光する果実を、渦を描く皮の筋に沿って指でむいていく,果実表面に浮かぶ渦の筋から指がはみ出さないよう、なぞって皮をむき進める,,233,trace,relic_fruit_peel,trace,med,jp,,,0,,5,se_coin se_failure se_milestone se_success se_tap,,true,false,true,burst popup,true,true,true,true,false,false,,30,15,true,false,密林の遺跡で見つかった発光する渦巻き果実。探検家が皮の筋を指でなぞってむき、中の光る核を取り出す,PIXEL HD,false,false,false,true,true,95,25/20/15/15/15/5,0,
,I-GBA-0038-bud-snap-close.js,I-GBA-0038-bud-snap-close,0,バドスナップクローズ,開いたままの花のつぼみを、2本指で同時につまんで虫が来る前に閉じる,開いた花に2本の指を同時に置いて(2本指同時タップ)つぼみを閉じる,,236,pinch_zone,garden_bud_pinch,timing_one_shot,low,default,,,0,,7,se_bad se_coin se_failure se_good se_milestone se_success se_tap,,true,false,true,burst popup,true,true,true,true,false,false,,33,15,true,false,おもちゃ箱のような庭。次々に開くつぼみを、虫が止まる前に両側からつまんで閉じてあげる花の番人,TOON SHADE,false,false,false,true,true,91,21/20/15/15/15/5,0,全入力ハンドラで即時フィードバック(feedback/fx/audio)を返す
,I-GBA-0041-poster-rip-peel.js,I-GBA-0041-poster-rip-peel,0,ポスターリップピール,壁に貼りついた古い貼り紙の端をつまんで引っぱり、時間内に一気に剥がす,貼り紙の端を指で押さえ、後ろに大きく引いてから離して一気に剥がす(パチンコ式),,226,slingshot,ruin_wall_poster,slingshot,med,jp,,,0,,7,se_bad se_break se_coin se_failure se_milestone se_success se_tap,,true,false,true,burst popup,true,true,true,true,false,false,,24,15,true,false,忘れられた遺跡の通路。壁に貼りついた古い貼り紙を、端をつまんで大きく引いて一気に剥がしていく調査員,PIXEL HD,false,false,false,true,true,88,18/20/15/15/15/5,0,全入力ハンドラで即時フィードバック(feedback/fx/audio)を返す
,I-GBA-0045-hold-still.js,I-GBA-0045-hold-still,0,ホールドスティル,夜の枝で光る虫が、誘い光に釣られず息を潜める,誘い光が点滅しても指では触れず、時間いっぱいじっと待つ(触れたら失敗),,252,freeze,nightbranch_stillness,hold_charge,med,slug,,1,0,,5,se_coin se_failure se_milestone se_success se_tap,bgm_dark,false,true,true,burst flash popup,true,true,true,false,false,false,,25,15,true,false,夜の枝に隠れた光る小虫。近くで誘うように光る偽の光に釣られて動くと、上空の捕食者の目に見つかる。触れず待つのが正解,90s LOW POLY,false,false,false,true,true,93,25/18/15/15/15/5,0,
,I-GBA-0047-spirit-echo-dance.js,I-GBA-0047-spirit-echo-dance,0,スピリットエコーダンス,森の精霊が舞った軌跡を一度だけ見せ、消えゆく光跡を指でなぞって真似る,精霊が舞った曲線を、消えていく前に指でなぞって追いかける,,248,trace,moonlit_spirit_dance,trace,med,jp,12,,0,,5,se_coin se_failure se_milestone se_success se_tap,bgm_cute,false,false,true,burst popup,true,true,true,true,false,false,,24,15,true,false,月明かりの森の空き地。森の精霊が一度だけ舞った光の軌跡が消えていく前に、見習いがそれを指でなぞって真似る,TOON SHADE,false,false,false,true,true,93,25/18/15/15/15/5,0,
,I-GBA-0051-eye-freeze-sneak.js,I-GBA-0051-eye-freeze-sneak,0,アイフリーズスニーク,見張りの目が閉じている間だけタップして進み、開いている間は指一本触れず耐える,目が閉じている合図の時だけタップして一歩進む。目が開いたら何もタップしない,,204,freeze,watchtower_eye_sneak,reaction_duel,low,jp-weak,,,0,,7,se_bad se_coin se_failure se_good se_milestone se_success se_tap,,true,false,true,popup,true,true,true,true,false,false,,41,15,true,false,一枚絵の見張り塔。塔の上で巨大な目が開閉を繰り返す中、閉じた隙だけ足音を殺して奥へ進む忍び手,1BIT INK,false,false,false,true,true,95,25/20/15/15/15/5,0,
,I-GBA-0061-valve-leak-seal.js,I-GBA-0061-valve-leak-seal,0,バルブシール,潜水服の技師が、海中の配管から噴き出す水漏れを弁を回して止める,弁の周りで指を円を描くように回し、漏れが止まるまで回し切る,,225,rotate_gesture,valve_leak_seal,slice,med,jp,,,0,,5,se_coin se_failure se_milestone se_success se_tap,bgm_tense,false,false,true,burst popup,true,true,true,true,false,false,,18,15,true,false,海底基地の配管室。旧式の潜水服を着た技師が、割れた弁から噴き出す水を手動で回して止める,TOON SHADE,false,false,false,true,true,93,25/18/15/15/15/5,0,
,I-Switch-0004-chasm-hook-swing.js,I-Switch-0004-chasm-hook-swing,0,チャズムフック,遠い足場へ指を引いて放ち、フックを引っ掛けて体を引き寄せる,画面を狙う方向に指で引いてから離す(パチンコ動作)。フックが足場に届けば自動で引き寄せられる,,247,slingshot,canyon_ledge_hookline,slingshot,med,jp,,,0,,6,se_bad se_coin se_failure se_good se_success se_tap,,true,false,true,burst popup,true,true,true,true,false,false,,24,15,true,false,切り立った峡谷を渡る旅人。腕を伸ばして遠い足場にフックを引っ掛け、体を引き寄せながら渡っていく,TOON SHADE,false,false,false,true,true,88,18/20/15/15/15/5,0,全入力ハンドラで即時フィードバック(feedback/fx/audio)を返す
,I-Switch-0005-firefly-updraft.js,I-Switch-0005-firefly-updraft,0,ファイアフライ・アップドラフト,洞窟の縦穴を指で押さえて浮かび上がり、垂れる鍾乳石をよける,画面を押し続けている間だけ上昇する。離すと沈む。左右には流されず自機は中央固定、障害物が下から迫る,,223,dodge,cave_firefly_rescue,dodge,med,jp,,,0,,5,se_bad se_coin se_milestone se_success se_tap,,true,false,true,burst popup,true,true,true,true,false,false,,31,15,true,false,地底湖の洞窟を昇るホタル。仲間を待つ地上の巣まで、垂れ下がる鍾乳石の群れをかわしながら上昇する,8bit HANDHELD,false,false,false,true,true,90,20/20/15/15/15/5,0,全入力ハンドラで即時フィードバック(feedback/fx/audio)を返す
,I-Switch2-0007-belltower-relay-strike.js,I-Switch2-0007-belltower-relay-strike,0,ベルタワーリレー,塔の左右に立つ鐘突き番が交互に撞木を引いて大鐘を鳴らし続ける,光る側(左/右)の撞木エリアを交互にタップして鐘を打ち続ける,,195,alternate_tap,tower_bell_relay,alternate_tap,med,jp,,10,0,,6,se_bad se_coin se_failure se_good se_success se_tap,,true,true,true,popup,true,true,true,false,false,false,,28,15,true,false,山寺の古い鐘楼。左右に構える二人の鐘突き番が、綱を交互に引いて大鐘を絶やさず鳴らし続ける奉納行,SKEUOMORPH,false,false,false,true,true,95,25/20/15/15/15/5,0,
,I-Wii-0007-comet-seed-cutter.js,I-Wii-0007-comet-seed-cutter,0,コメットシード・カッター,落ちてくる彗星の種鞘を、光る帯の中でスパッと下方向に切る,種鞘が中央の光る帯にかかった瞬間だけ、画面を下方向にスワイプして切る,,232,slice,rooftop_comet_garden,slice,med,jp,,,0,,7,se_bad se_coin se_failure se_good se_milestone se_success se_tap,,true,false,true,burst popup,true,true,true,false,false,false,,34,15,true,false,屋上温室のロボット庭師。降ってくる彗星の種鞘を、割れる前に光る帯の高さでスパッと切って発芽させる,8bit HANDHELD,false,false,false,true,true,95,25/20/15/15/15/5,0,
,K-DS-0014-canyon-echo-call.js,K-DS-0014-canyon-echo-call,0,谷間の鳴き交わし,対岸の生き物の合図に、間髪入れず鳴き返す,対岸の影が喉を光らせて鳴いた瞬間、間を置かずタップして鳴き返す(光る前のフライングは失敗),,210,reaction_duel,canyon_call_and_response,reaction_duel,low,jp-weak,,,0,,7,se_bad se_coin se_failure se_good se_milestone se_success se_tap,bgm_dark,false,false,true,burst popup,true,true,true,false,false,false,,30,15,true,false,夕暮れの深い谷。対岸の岩棚に潜む生き物と、こちら岸の若い個体が縄張りの鳴き交わしをする。相手の合図より早くても遅くても群れに認められない,90s PRE-RENDER,false,false,false,true,true,88,25/18/15/10/15/5,0,CLEARとGAME OVERで異なる結果演出を出す
,K-DS-0017-trapdoor-pop-burst.js,K-DS-0017-trapdoor-pop-burst,0,トラップドア飛び出し,仕掛け床の下でバネを溜め、合図灯が変わった瞬間に飛び出す,指を押し続けてバネを溜め、合図灯が緑に変わった瞬間に指を離して飛び出す,,213,hold_charge,stage_trapdoor_launch,hold_charge,low,jp-weak,,,0,,7,se_bad se_coin se_failure se_milestone se_powerup se_success se_tap,,true,false,true,burst popup,true,true,true,true,false,false,,39,15,true,false,見世物小屋の仕掛け舞台。演者が床下のバネ台に潜み、合図灯が変わる刹那を狙ってトラップドアから飛び出す出し物,TOON SHADE,false,false,false,true,true,85,15/20/15/15/15/5,0,全入力ハンドラで即時フィードバック(feedback/fx/audio)を返す
,K-DS-0025-trap-corridor-sidestep.js,K-DS-0025-trap-corridor-sidestep,0,トラップコリドー,天井から突き出る石槍を、体をかわして避け続ける遺跡の回廊,落ちてくる槍の真下から、指を押さえたまま左右に動かして体をずらしてよける,,200,dodge,ancient_trap_corridor,dodge,med,jp,,,0,,6,se_bad se_coin se_failure se_good se_success se_tap,,true,false,true,popup,true,true,true,true,false,false,,24,15,true,false,忘れられた遺跡の回廊。天井の仕掛けから次々と石槍が落ちてくる中、探索者が体をかわしながら奥へ進もうとする,MODE7 PSEUDO,false,false,false,true,true,90,20/20/15/15/15/5,0,全入力ハンドラで即時フィードバック(feedback/fx/audio)を返す
,K-GBA-0013-firefly-freeze-catch.js,K-GBA-0013-firefly-freeze-catch,0,ホタル待ち伏せ,枝先で休むホタルを、翅が震えて飛び立つ直前の一瞬だけタップして捕まえる,ホタルが休んでいる間は待ち、翅が震え始めたその一瞬でタップする(早すぎ/遅すぎは失敗),,208,cooldown_tap,night_marsh_firefly,chase,low,jp-weak,,,0,,6,se_bad se_coin se_failure se_good se_success se_tap,bgm_dark,false,false,true,burst popup,true,true,true,false,false,false,,36,15,true,false,夜の湿地の一本の枝。休むホタルを驚かせず、飛び立つ直前の翅の震えだけを狙って網を振る採集者,90s 16bit,false,false,false,true,true,93,25/18/15/15/15/5,0,
,D-20092012-0016-oak-tile-spellboard.js,D-20092012-0016-oak-tile-spellboard,0,オークタイル・スペルボード,木製トレイの文字タイルを、盤面の空欄へ正しい順にドラッグして単語を完成させる,手持ちの文字タイルを指でつまみ、盤面の光る空欄へ順番にドラッグして置く,,280,drag_sort,oak_tile_spellboard,memory_sequence,med,jp,18,,0,,6,se_bad se_coin se_failure se_milestone se_success se_tap,,true,false,true,popup,true,true,true,true,false,false,,34,15,true,false,古い書斎机の上のオーク材トレイと盤面。手持ちの文字タイルを正しい順に並べ、盤面の単語を完成させる知恵比べ,SKEUOMORPH,false,false,false,true,true,95,25/20/15/15/15/5,0,
,D-20092012-0040-archive-card-sorter.js,D-20092012-0040-archive-card-sorter,0,アーカイブカード整理,バラバラな順のカードをドラッグで正しい順に並べ替える,カードを指でつかんで左右のスロットへドラッグし、番号の小さい順に並べる,,250,drag_sort,archive_card_sorter,memory_sequence,med,jp,16,,0,,4,se_coin se_failure se_milestone se_tap,,true,false,true,burst popup,true,true,true,true,false,false,,26,15,true,false,地下書庫の整理係が、崩れて順番の狂った記録カードの束を指で引き抜き、正しい番号順のスロットへ並べ直す,SKEUOMORPH,false,false,false,true,true,88,18/20/15/15/15/5,0,全入力ハンドラで即時フィードバック(feedback/fx/audio)を返す
,GH-PS-0001-mail-swipe-sort.js,GH-PS-0001-mail-swipe-sort,0,メールスワイプソート,荷物のランプ色を見て、同じ色の方向へスワイプして仕分ける,中央の荷物に付いたランプと同じ色のゲートへ向けて、その方向へスワイプする,,228,swipe_direction,night_sorting_dock,swipe_direction,high,slug+jp,,6,0,,7,se_bad se_coin se_failure se_good se_milestone se_success se_tap,,true,false,true,burst popup,true,true,true,false,false,false,,36,15,true,false,深夜の郵便区分局。ベルトに乗った荷物のランプが行き先の色を示す。上下左右4つのゲートへ、色を見誤らず払い続ける,2000s HANDHELD PASTEL,false,false,false,true,true,95,25/20/15/15/15/5,0,
,GH-PS-0018-exact-count-stop.js,GH-PS-0018-exact-count-stop,0,ジャストカウント,0〜9を行き来する数字を、指定された数でちょうど止める,上に出た目標の数と、動き続けるカウンターの数字が一致した瞬間にタップして止める,,231,count_exact,coin_counter_booth,timing_one_shot,low,jp-weak,,5,0,,6,se_bad se_coin se_good se_milestone se_success se_tap,,true,true,true,burst popup,true,true,true,false,false,false,,35,15,true,false,薄暗い両替窓口、旧式のコイン計数機。数字は0から9を行ったり来たりし続け、指定された数でちょうど止めないと硬貨がこぼれる。まれに数字の向きが急に反転する,HD POST 3D,false,false,false,true,true,95,25/20/15/15/15/5,0,
,GH-PS-0022-memory-flip.js,GH-PS-0022-memory-flip,0,メモリーフリップ,神経衰弱。同じ絵を2枚めくる。めくるたびに残り時間が減る,伏せた札を2枚タップしてめくる。絵が揃えば残る、違えば伏せ直る,,215,pair_match,dim_parlor,pair_match,med,jp,,,0,,5,se_bad se_coin se_failure se_success se_tap,bgm_tense,false,false,true,burst popup,true,true,true,false,false,false,,21,15,true,false,薄暗い一室、卓に伏せられた札。めくるたびに蝋燭の時間が短くなる。急ぎすぎても揃わない,HD POST 3D,false,false,false,true,true,93,25/18/15/15/15/5,0,
,GH-PS-0038-sugoroku-dash.js,GH-PS-0038-sugoroku-dash,0,スゴロクダッシュ,サイコロを振って進む。止まったマスの指示で戻る・休む・進む,回る数字が欲しい目に来た瞬間にタップして止める,,188,counting,board_race,timing_one_shot,low,jp-weak,,,0,,5,se_bad se_coin se_failure se_success se_tap,bgm_cute,false,false,true,burst popup,true,true,true,false,false,false,,24,13,true,false,10マスの道。回る数字を止めて進む。矢印マスに止まると前後にずれる。5手番でゴールを目指す,2000s ARCADE POP,false,false,false,true,true,93,25/18/15/15/15/5,0,
,GH-PS-0051-five-block.js,GH-PS-0051-five-block,0,ファイブブロック,相手の3を止めるか、自分の4を作るかを1手で決める,盤面を見て、次の1手を置くマスをタップ,,187,judge,tactic_board,timing_one_shot,low,jp-weak,,,0,,4,se_coin se_failure se_success se_tap,bgm_tense,false,false,true,burst popup,true,true,true,false,false,false,,21,15,true,false,五目並べの一局面。自分の石を1つ置くだけ。相手の3並びを止めるか、自分の4並びを作れる急所は1つしかない,8bit HOME,false,false,false,true,true,93,25/18/15/15/15/5,0,
,GH-PS-0062-corner-flip.js,GH-PS-0062-corner-flip,0,コーナーフリップ,オセロ。挟んでひっくり返す。角を取れる手を探す,盤面を見て、角を取れる1手をタップ,,188,judge,tactic_disc,timing_one_shot,low,default,,,0,,4,se_coin se_failure se_success se_tap,bgm_tense,false,false,true,burst popup,true,true,true,false,false,false,,21,15,true,false,オセロの一局面。角を取れる手は1つだけ。見つけて置く,2000s HANDHELD PASTEL,false,false,false,true,true,93,25/18/15/15/15/5,0,
,GH-PS-0084-koikoi.js,GH-PS-0084-koikoi,0,こいこい,役ができた。続けて倍にするか、ここで取るか,上半分をタップで札をめくる(続ける)。下半分をタップでその時点の点を取る(止める),,230,jackpot_combo,paper_table,timing_one_shot,low,jp-weak,25,,0,,7,se_bad se_coin se_failure se_good se_milestone se_success se_tap,,true,false,true,burst flash popup,true,false,true,false,false,false,,45,15,true,false,白黒の畳の上。めくるたびに点は増え、相手の手も進む。相手が先に揃えたら、その回の点は全部消える,70s MONO,true,false,false,true,true,83,25/17/15/6/15/5,0,背景に game.draw.gradient を使う(黒一色回避); GAME OVERとNEW RECORD/BESTで結末の差を出す; 進捗バーか達成カウンタを常時表示する
,GH-PS2-0016-turn-strike-clash.js,GH-PS2-0016-turn-strike-clash,0,ターンストライククラッシュ,交互に一手ずつ、壁を撃ち合う陣地戦,自分の番は相手壁の亀裂(弱点)側をタップして攻撃。相手の番は狙われる側を先読みしてタップし防御,,319,turn_attack,floor_arena_duel,alternate_tap,med,jp,,,0,,6,se_break se_coin se_failure se_milestone se_success se_tap,,true,false,true,burst popup,true,true,true,false,false,false,,48,17,true,false,回転する闘技場の床を挟んで向き合う二枚の防壁。一手ごとに崩し合い、最後まで立つ側を決める,MODE7 PSEUDO,false,false,false,true,true,95,25/20/15/15/15/5,0,
,GH-PS2-0034-tile-swap.js,GH-PS2-0034-tile-swap,0,タイルスワップ,相手が見ていない隙に牌をすり替える。見られたら終わり,相手の目が閉じている(見ていない)間にタップしてすり替える。見られている時に押すと即アウト,,233,timing_window,night_table,freeze,med,jp,,3,0,,4,se_coin se_failure se_success se_tap,bgm_tense,false,false,true,burst popup,true,true,true,false,false,false,,31,15,true,false,夜の卓、対面の相手の目だけが光る。長く見て、短く逸らす。逸らす直前にわずかに覗くフェイントもある,70s VECTOR,false,false,false,true,true,93,25/18/15/15/15/5,0,
,GH-PS2-0075-buzzer-duel-2p.js,GH-PS2-0075-buzzer-duel-2p,0,ブザーデュエル2P,1台の画面を上下分割し、合図が光った瞬間だけ自分側をタップして早押し,画面上半分がP2、下半分がP1。中央ランプが光った瞬間に自分側をタップ。光る前のタップはお手つき,,216,duel_2p,split_screen_buzzer_hall,reaction_duel,high,slug+jp,,,0,,6,se_bad se_coin se_failure se_milestone se_success se_tap,,true,true,true,burst popup,true,true,true,false,false,false,,32,11,true,false,1台の筐体を上下から挟んで向き合う早押しホール。合図が光る間隔は毎回変わり、お手つきは相手に1本を献上する,8bit HOME,false,false,false,true,true,95,25/20/15/15/15/5,0,
,GH-PS2-0151-dual-hand-carry.js,GH-PS2-0151-dual-hand-carry,0,デュアルキャリー,左手でレーンを選び、右手で穴を飛び越えさせて、光る部品を搬入口まで運ぶ,画面左半分に触れてレーンを移動(左手=操舵)。画面右半分をタップして落とし穴を飛び越える(右手=跳躍)。両手を同時に使う,,333,coop_2zone,factory_conveyor,drop_timing,low,jp-weak,22,,0,,7,se_bad se_coin se_failure se_jump se_milestone se_success se_tap,,true,false,true,burst flash popup,true,true,true,true,true,false,,55,15,true,false,稼働中の工場ベルトコンベア。左右2本のロボアームが1つの発光部品を挟んで運搬する。左のアームがレーンを選び、右のアームが落とし穴を飛び越えさせる。息を合わせないと部品を落とす,PIXEL HD,false,false,false,true,true,95,25/20/15/15/15/5,0,
,I-3DS-0013-twin-seal-stones.js,I-3DS-0013-twin-seal-stones,0,ツインシール,古い社の巫女が左右の封印石を同時に押さえ続けて中央のひびを鎮める,左右に置かれた2つの石を2本の指で同時に押さえ続ける。片方だけだとひびが戻ってしまう,,212,pinch_zone,shrine_twin_seal_stones,timing_one_shot,low,default,12,,0,,6,se_coin se_failure se_good se_milestone se_success se_tap,,true,false,true,burst popup,true,true,true,true,false,false,,24,15,true,false,山中の古い社、巫女が左右一対の封印石を両手で同時に押さえ続け、中央で広がる禍のひびを鎮める,SKEUOMORPH,false,false,false,true,true,95,25/20/15/15/15/5,0,
,I-DS-0019-ice-lane-flick.js,I-DS-0019-ice-lane-flick,0,アイスレーン・フリック,木箱盤の上で、指ではじいたどんぐりコマを的の輪の中まで滑らせる,コマを指で軽くはじく。はじく強さと向きでコマの飛ぶ距離と横のずれが決まる,,249,flick_launch,tabletop_ice_lane_curling,swipe_direction,low,slug-weak,15,,0,,8,se_bad se_coin se_failure se_good se_jump se_milestone se_success se_tap,,true,false,true,burst popup,true,true,true,true,false,false,,26,15,true,false,木箱の上のミニアイスレーン。リス顔の遊び人がどんぐりコマを弾いて的の輪を狙う卓上遊戯,80s ISO,false,false,false,true,true,88,18/20/15/15/15/5,0,全入力ハンドラで即時フィードバック(feedback/fx/audio)を返す
,I-GBA-0009-tile-inspector.js,I-GBA-0009-tile-inspector,0,タイルインスペクター,ずらりと並んだ検品タイルの中から、模様が1つだけ違うタイルを見つけて押す,盤面に並ぶ同じ模様のタイルの中から、1つだけ違う模様のタイルを見つけてタップする,,202,spot,tile_inspection_counter,spot,med,jp,12,,0,,7,se_bad se_coin se_failure se_good se_milestone se_success se_tap,,true,false,true,burst popup,true,true,true,false,false,false,,27,15,true,false,タイル工房の検品台。検品員が並んだ量産タイルの中から模様のズレた1枚を見抜き続ける,90s 16bit,false,false,false,true,true,95,25/20/15/15/15/5,0,
,I-GBA-0026-teacup-tray-balance.js,I-GBA-0026-teacup-tray-balance,0,ティーカップトレイバランス,今にも傾いて落ちそうなお盆を、傾いた側をタップして支え倒れないようにする,トレイが傾いた側を見て、その側をタップして下から支え水平に戻す,,199,balance,teahouse_tray_balancing,balance,med,slug,,,0,,8,se_bad se_coin se_failure se_good se_milestone se_success se_tap se_tray_balancing,,true,false,true,burst popup,true,true,true,false,false,false,,25,15,true,false,茶房の給仕見習いが、揺れる卓の上で今にも滑り落ちそうな茶器の盆を、傾いた側を支え続けて守り抜く,1BIT INK,false,false,false,true,true,91,25/20/15/11/15/5,0,進捗バーか達成カウンタを常時表示する
,I-GBA-0035-costume-connect-rush.js,I-GBA-0035-costume-connect-rush,0,コスチューム・コネクト,早着替えステージ裏で、衣装パーツを指でドラッグしてマネキンの正しい位置に結ぶ,浮かんでいる衣装パーツを指でつまみ、マネキンの対応する場所までドラッグして結ぶ,,252,connect,backstage_costume_change,connect,med,jp,18,,0,,5,se_coin se_failure se_milestone se_success se_tap,,true,true,true,burst popup,true,true,true,true,false,false,,38,15,true,false,早着替えショーの舞台裏。進行マスコットが、幕が上がる前に衣装パーツをマネキンの正しい位置へ結び付ける,SKEUOMORPH,false,false,false,true,true,95,25/20/15/15/15/5,0,
,I-GBA-0046-rune-stone-recall.js,I-GBA-0046-rune-stone-recall,0,ルーンストーンリコール,一瞬だけ光る石版の順番を覚え、同じ順になぞって封印を解く,光った順を覚え、5つの石版を記憶した順番でタップしていく,,234,memory_sequence,sealed_shrine_runestones,memory_sequence,high,slug+jp,,,0,,5,se_coin se_failure se_milestone se_success se_tap,,true,false,true,popup,true,true,true,false,false,false,,50,15,true,false,森の奥の封印された祠。台座に並ぶ5つの石版が一瞬だけ光り、見習い巫女がその順を記憶してなぞり封印を解く,90s 16bit,false,false,false,true,true,95,25/20/15/15/15/5,0,
,I-GBA-0060-nesting-doll-lineup.js,I-GBA-0060-nesting-doll-lineup,0,木彫り人形の棚整列,棚に散らばった木彫り人形を、指でドラッグして大きい順に並べる,人形を指でつまんで動かし、左から大きい順になるよう台座の上に並べ替える,,255,drag_sort,nesting_doll_lineup,memory_sequence,med,jp,,,0,,5,se_coin se_failure se_milestone se_success se_tap,,true,false,true,burst popup,true,true,true,true,false,false,,25,15,true,false,開店前のおもちゃ店のショーウィンドウ。棚から転げ落ちた木彫り人形を、開店の鐘までに大きい順へ並べ直す,8bit HOME,false,false,false,true,true,95,25/20/15/15/15/5,0,
,I-Switch-0011-rope-bridge-porter.js,I-Switch-0011-rope-bridge-porter,0,ロープブリッジ・ポーター,荷物を担いだ運び屋が渓谷の吊り橋を渡る。指でなぞって板から落ちないよう誘導する,吊り橋の板の上を、はみ出さないよう指でなぞって荷物を対岸まで運ぶ。突風が来たら押し戻されるので押し返すように動かす,,241,guide_path,canyon_rope_bridge_porter,trace,med,jp,,,0,,5,se_coin se_failure se_milestone se_success se_tap,bgm_tense,false,false,true,burst popup,true,true,true,true,false,false,,23,15,true,false,渓谷にかかる古い吊り橋。荷物を担いだ運び屋が、突風で揺れる板の上を踏み外さずに対岸の集落まで荷物を届ける,PIXEL HD,false,false,false,true,true,93,25/18/15/15/15/5,0,
,I-Switch2-0011-marble-roll-carry.js,I-Switch2-0011-marble-roll-carry,0,マーブルロールキャリー,木箱の傾斜盤にのった玉を指でつまみ、転がすように動かして巣穴へ運ぶ,玉に指を置いたままドラッグして転がし、縁の穴に落とさず目的の巣穴まで運ぶ,,219,drag_follow,wooden_maze_board_marble,gap_fit,low,jp-weak,,,0,,4,se_bad se_coin se_success se_tap,bgm_cute,false,true,true,burst popup,true,true,true,true,false,false,,24,15,true,false,木工職人が彫った傾斜盤ゲーム。指でつまんだ玉を転がし穴だらけの盤上を渡って目的の巣穴まで運ぶ遊び,90s LOW POLY,false,false,false,true,true,93,25/18/15/15/15/5,0,
,I-Wii-0004-lantern-keeper-freeze.js,I-Wii-0004-lantern-keeper-freeze,0,灯番人の静止番,腰に構えた提灯番が、見回りの目が光っている間は指を離さず止まる,見回りの目が開いている間は画面から指を離さず押さえ続け、閉じた合図の瞬間だけ指を離す,,212,freeze,night_watch_lantern_keeper,reaction_duel,low,jp-weak,,,0,,7,se_bad se_coin se_failure se_good se_milestone se_success se_tap,,true,false,true,burst popup,true,true,true,true,false,false,,27,15,true,false,夜番の番小屋。腰に提灯を構えた見張り番が、見回りの目が光る間はぴくりとも動かず息を潜める,2010s FLAT MOBILE,false,false,false,true,true,95,25/20/15/15/15/5,0,
,I-Wii-0013-rune-lever-flip.js,I-Wii-0013-rune-lever-flip,0,ルーンレバー・フリップ,金庫の回転レバーを、冷え切った合図が出た瞬間だけひねって刻印を裏返す,レバーの光る環が一周して合図が出た瞬間だけタップしてひねる。早すぎるとレバーが空回りして詰まる,,215,cooldown_tap,vault_rune_lever,reaction_duel,low,jp-weak,,7,0,,9,se_bad se_break se_coin se_failure se_good se_milestone se_powerup se_success se_tap,bgm_tense,false,false,true,burst popup,true,true,true,false,false,false,,21,15,true,false,地下金庫の番人モグラ。回転レバーの環が満ちた合図の瞬間だけひねって壁の刻印を裏返し、宝物庫を解錠する,8bit PC MONITOR,false,false,false,true,true,93,25/18/15/15/15/5,0,
,K-DS-0002-campfire-call-turn.js,K-DS-0002-campfire-call-turn,0,焚き火のかけ声,火の粉が自分の位置に巡ってきた瞬間に声を出すタイミングゲーム,輪になった仲間を巡る火の粉が自分(手前)の位置に来た瞬間にタップして声を出す,,224,reaction_duel,campfire_circle_call,timing_one_shot,low,jp-weak,,,0,,6,se_coin se_failure se_good se_milestone se_success se_tap,bgm_dark,false,false,true,burst popup,true,true,true,false,false,false,,21,15,true,false,夜の焚き火を囲む輪。火の粉が仲間の間をぐるりと巡り、自分の番に来た刹那だけ声を上げて受け取る遊び,1BIT INK,false,false,false,true,true,93,25/18/15/15/15/5,0,
,D-20092012-0006-orchard-orb-slice.js,D-20092012-0006-orchard-orb-slice,0,オーチャードオーブスライス,飛び上がる果実を指で素早く払って斬る。混じる爆弾を斬ると即終了,飛んでくる果実めがけて指で素早く払う(スワイプの軌跡が触れれば斬れる),,247,slice,orchard_orb_slice,slice,high,slug+jp,13,6,0,,7,se_bad se_coin se_failure se_good se_milestone se_success se_tap,,true,false,true,burst popup,true,true,true,true,false,false,,27,15,true,false,夜の果樹園に住む番人。宙に舞い上がる果実を次々斬り落とすが、混じる爆弾だけは絶対に斬ってはいけない,TOON SHADE,false,false,false,true,true,88,18/20/15/15/15/5,0,全入力ハンドラで即時フィードバック(feedback/fx/audio)を返す
,D-20092012-0018-ink-blade-standoff.js,D-20092012-0018-ink-blade-standoff,0,インクブレード・スタンドオフ,墨絵の剣士と対峙し、斬撃はスワイプで斬り返し、突きはタップでかわす一騎討ち,敵が横に構えたら斬り返す方向へスワイプ、敵が突いてきたら素早くタップしてかわす,,230,turn_attack,ink_blade_standoff,slice,med,jp,,,0,,7,se_bad se_coin se_failure se_good se_milestone se_success se_tap,,true,false,true,popup,true,true,true,false,false,false,,55,15,true,false,墨一色の野原に立つ二人の剣士。交互に繰り出される斬撃と突きを見切り、最後まで立っていた方が勝つ一騎討ち,1BIT INK,false,false,false,true,true,95,25/20/15/15/15/5,0,
,GH-PS-0043-grapple-mash-struggle.js,GH-PS-0043-grapple-mash-struggle,0,アームロック,組み合った腕を連打で押し倒す。放っておくと勝手に押し戻される,画面のどこでもいいので連打し続ける。腕の血管が光ったら渾身の連打で耐える,,242,mash,arm_lock_table,mash,high,slug+jp,9.2,,0,,6,se_coin se_failure se_milestone se_powerup se_success se_tap,,true,true,true,burst flash popup,true,true,true,false,false,false,,41,15,true,false,薄暗い酒場の卓、組んだ腕がせめぎ合う。連打を止めると自然に押し戻され、相手の血管が光ると渾身の一押しが来る。決着がつかなければ最後の力比べで決まる,80s ISO,false,false,false,true,true,95,25/20/15/15/15/5,0,
,GH-PS-0082-ring-push.js,GH-PS-0082-ring-push,0,リングプッシュ,相手の構え(押す/引く/はたく)を読み、正しい返し技で押し返す,相手の構えを見て、それに勝つ技を選んでタップ(押す<引く<はたく<押す の三すくみ),,248,turn_attack,ring_duel,judge,low,jp-weak,,,0,,6,se_bad se_coin se_failure se_good se_success se_tap,bgm_cute,false,false,true,burst popup,true,true,true,false,false,false,,40,15,true,false,土俵の上、二人が組み合う。相手は毎回どれかの構えを見せる。三すくみで勝つ技を選べば押し、外せば押される,90s 16bit,false,false,false,true,true,93,25/18/15/15/15/5,0,
,GH-PS-0127-kendo-strike.js,GH-PS-0127-kendo-strike,0,ケンドーストライク,相手が打ち込む瞬間に出る。早いと空振り、遅いと打たれる,相手の竹刀が振り下ろされる瞬間にタップして打ち返す,,184,timing_window,dojo_duel,timing_one_shot,low,default,,,0,,5,se_bad se_coin se_failure se_success se_tap,bgm_tense,false,true,true,burst popup,true,true,true,false,false,false,,46,15,true,false,道場での一本勝負。相手は構えてから打ち込む。早すぎれば空振り、遅ければ一本取られる,90s HANDHELD COLOR,false,false,false,true,true,93,25/18/15/15/15/5,0,
,GH-PS2-0017-bomb-toss.js,GH-PS2-0017-bomb-toss,0,ボムトス,導火線が短い爆弾を、消える前に相手側へ投げ返す(2人),自分側(左/右)が光ったら、消える前に自分側をタップ,,203,duel_2p,bomb_yard,duel_2p,med,jp,,,0,,4,se_coin se_failure se_good se_tap,bgm_tense,false,true,true,burst popup,true,true,true,true,true,false,,62,15,true,false,中央の壁を挟んだ2人。導火線付きの爆弾を投げ合う。自分側で消えたら負け。ラリーごとに導火線は短くなる,90s HANDHELD COLOR,false,false,false,true,true,93,25/18/15/15/15/5,0,
,GH-PS2-0022-shoulder-read.js,GH-PS2-0022-shoulder-read,0,ショルダーリード,相手の殴りをかわして返す。かわす方向は相手の肩で分かる,相手の肩が傾いた側と逆方向にタップしてかわし、そのままカウンター,,197,judge,alley_brawl,dodge,med,jp,,,0,,5,se_bad se_coin se_failure se_success se_tap,bgm_tense,false,false,true,burst popup,true,true,true,false,false,false,,38,15,true,false,路地裏の喧嘩。相手は殴る直前に肩がどちらかに傾く。傾いた側と逆をタップすればかわしてカウンターできる,TOON SHADE,false,false,false,true,true,93,25/18/15/15/15/5,0,
,GH-PS2-0029-guard-window-counter.js,GH-PS2-0029-guard-window-counter,0,ガードウィンドウ・カウンター,輪が光った一瞬だけガードして打ち返す組手,相手の脚が上がったら身構え、輪が光った窓の間だけタップしてガード→カウンター。輪が光らないフェイントではタップ禁物,,264,timing_window,padded_dojo_sparring,timing_window,low,jp-weak,,,0,,7,se_bad se_coin se_failure se_milestone se_powerup se_success se_tap,,true,true,true,burst popup,true,true,true,false,false,false,,51,15,true,false,パステルの道場で行われる見習い同士の組手。蹴りは輪が光る一瞬だけガードできる。稽古が進むほど相手はフェイントを混ぜてくる,2000s HANDHELD PASTEL,false,false,false,true,true,95,25/20/15/15/15/5,0,
,GH-PS2-0043-blade-wipe-slice.js,GH-PS2-0043-blade-wipe-slice,0,ブレードワイプ,迫る刺客を斬る。刃に付いた返り血を拭わないと次の予兆が見えづらくなる,光る刺客めがけて指で素早く払って斬る。斬った直後、画面下の刃を指でこすって血を拭う,,278,slice,night_guard_duel,slice,high,slug+jp,14,5,0,,7,se_bad se_break se_coin se_failure se_milestone se_success se_tap,bgm_tense,false,true,true,burst popup,true,true,true,true,false,false,,43,15,true,false,夜番の剣士。次々と迫る覆面の刺客を、間合いに入る前に斬る。刃を拭う手間を怠ると視界が滲む,TOON SHADE,false,false,false,true,true,93,25/18/15/15/15/5,0,
,GH-PS2-0130-guard-down.js,GH-PS2-0130-guard-down,0,ガードダウン,相手のガードが下がる、その瞬間だけ拳が通る,タップで打つ,,266,timing_window,neon_ring,timing_one_shot,low,default,15,,0,,5,se_bad se_coin se_failure se_success se_tap,,true,false,true,burst flash,false,true,true,false,false,false,,57,15,true,false,深夜のリング。相手は肩を落としてからガードを下げる。肩だけ落として下げない「見せ」もある,80s NEON,true,false,false,true,true,83,25/15/15/8/15/5,0,キャラ/モチーフを game.draw.sprite で描く; 進捗バーか達成カウンタを常時表示する; 走行中のマイルストーン演出(fx.popup)を入れる
,I-3DS-0001-rooftop-signal-duel.js,I-3DS-0001-rooftop-signal-duel,0,ルーフトップ・シグナル・デュエル,屋上で睨み合う相手と、街灯が灯った瞬間だけ先にボタンを押す,街灯が緑に灯った瞬間にだけタップする。灯る前に押すとフライング,,172,reaction_duel,rooftop_streetlamp_duel,reaction_duel,high,slug+jp,,,0,,7,se_bad se_coin se_failure se_good se_milestone se_success se_tap,bgm_tense,false,false,true,burst,true,true,true,false,false,false,,34,15,true,false,夜の屋上で睨み合う二人の影が、通りの街灯が緑に灯った刹那だけ先にボタンを叩いて決着をつける,70s VECTOR,false,false,false,true,true,93,25/18/15/15/15/5,0,
,I-3DS-0009-forge-spark-strike.js,I-3DS-0009-forge-spark-strike,0,スパークストライク,鍛冶場の見習いが火花が散った瞬間だけ金づちを打ち込み刀身を鍛える,刃が白熱して火花が散った瞬間に画面を叩く。早すぎても遅すぎても失敗,,219,reaction_duel,forge_ember_strike,timing_one_shot,low,default,,,0,,7,se_bad se_coin se_failure se_good se_milestone se_success se_tap,bgm_tense,false,true,true,burst popup,true,true,true,false,false,false,,23,15,true,false,山あいの鍛冶場、見習い職人が炉から出した刃が白熱し火花が散った一瞬だけを狙い金づちを打ち込む,2000s ARCADE POP,false,false,false,true,true,93,25/18/15/15/15/5,0,
,I-DS-0009-log-seam-speed-cut.js,I-DS-0009-log-seam-speed-cut,0,ログシームスピードカット,丸太に浮かぶ光る切れ目の向きを見て、示された方向へ素早く指を払って断つ,丸太に光る切れ目の矢印が出たら、示された方向(上下左右)へ素早くスワイプして断ち切る,,206,slice,woodyard_seam_cutting_trial,slice,high,slug+jp,,,0,,8,se_bad se_break se_coin se_failure se_good se_milestone se_success se_tap,,true,false,true,burst popup,true,true,true,false,false,false,,29,15,true,false,木材置き場の試し切り台。切り出し職人が次々並ぶ丸太の光る切れ目を、示された向きへ素早く払って断つ,70s VECTOR,false,false,false,true,true,88,18/20/15/15/15/5,0,全入力ハンドラで即時フィードバック(feedback/fx/audio)を返す
,I-GBA-0025-pillar-shove-topple.js,I-GBA-0025-pillar-shove-topple,0,ピラーショウブトップル,円の中に立つ木柱に連打で勢いをぶつけ、時間内に倒す,円内の木柱を連続タップで押し、勢いゲージを満タンにして倒す,,186,push_out,training_yard_pillar_shove,mash,med,jp,,,0,,7,se_bad se_break se_coin se_failure se_milestone se_success se_tap,,true,false,true,burst popup,true,true,true,false,false,false,,25,15,true,false,道場の稽古場、円の中に立つ丸太の的を連打の勢いだけで押し倒そうとする力比べの修行,90s BIG SPRITE,false,false,false,true,true,91,25/20/15/11/15/5,0,進捗バーか達成カウンタを常時表示する
,I-Switch-0012-spotter-tower-climb.js,I-Switch-0012-spotter-tower-climb,0,スポッター・タワー・クライム,道場の稽古櫓を、相棒の肩を踏み台にして左右交互に蹴り上がって登る,崩れかけの足場が点滅したら、その足場がある側(画面左/右)をタップして蹴り上がる。カメラは登るごとに上へ追従する,,227,camera_climb,dojo_training_tower,alternate_tap,med,jp,,,0,,7,se_bad se_coin se_failure se_jump se_milestone se_success se_tap,,true,false,true,burst popup,true,true,true,true,false,false,,36,15,true,false,山中の道場に建つ稽古櫓。相棒が下で肩を貸し、弟子は崩れかけの足場を交互に蹴って頂上の鐘まで駆け上がる,VOXEL BLOCK,false,false,false,true,true,88,18/20/15/15/15/5,0,全入力ハンドラで即時フィードバック(feedback/fx/audio)を返す
,I-Switch2-0001-mirror-stance-duel.js,I-Switch2-0001-mirror-stance-duel,0,ミラースタンス,相方と同じ構えを同時に取り、光の合図と同時にボタンを押す反射勝負,画面下の構えゾーンを指で押さえて溜め、光る合図が出た瞬間だけ離してタップし直す,,211,reaction_duel,mirror_stance_duel,reaction_duel,high,slug+jp,,,0,,7,se_bad se_coin se_failure se_good se_milestone se_success se_tap,bgm_tense,false,false,true,burst popup,true,true,true,true,false,false,,41,15,true,false,鏡合わせの道場で向き合う二人の演武家。同じ構えを同時に取って静止し、光の合図と同時に技を繰り出す,PIXEL HD,false,false,false,true,true,88,20/18/15/15/15/5,0,
,I-Switch2-0003-backpace-duel-turn.js,I-Switch2-0003-backpace-duel-turn,0,バックペースデュエル,背中合わせに構え、指定された歩数ぶんだけ押し続けてから振り向いて放つ,ボタンを押し続けて歩数ゲージを溜め、指定の歩数ちょうどで離す(早すぎ・遅すぎは失敗),,218,hold_duration,back_to_back_energy_duel,hold_charge,low,jp-weak,,,0,,6,se_bad se_coin se_failure se_powerup se_success se_tap,,true,false,true,burst popup,true,true,true,true,false,false,,29,15,true,false,荒野の決闘場。背中合わせに立つ二人の決闘者(自分とAIの相手)が、決められた歩数だけ歩みを保ち、合図で振り向いてエネルギー弾を放つ,80s NEON,false,false,false,true,true,90,20/20/15/15/15/5,0,
,I-Wii-0001-guard-flash-react.js,I-Wii-0001-guard-flash-react,0,構え早撃ち,縦の構えを保ち、合図の閃光が走った瞬間だけ指でタップして先手を取る,予備動作(構えの盛り上がり)を見て早タップせず我慢し、閃光が出た瞬間にタップする,,217,reaction_duel,dojo_torch_duel,reaction_duel,high,slug+jp,,,0,,8,se_bad se_coin se_failure se_good se_milestone se_powerup se_success se_tap,bgm_tense,false,false,true,burst popup,true,true,true,false,false,false,,19,15,true,false,灯りを落とした道場の対峙。縦の構えを取った門下生が、師範の閃光の合図だけを頼りに先手を取る,90s BIG SPRITE,false,false,false,true,true,93,25/18/15/15/15/5,0,
,K-DS-0012-triple-guard-duel.js,K-DS-0012-triple-guard-duel,0,三重構え演武,立て札の型が仕掛ける三種の攻めを見切り、正しい構えで受け返す,画面下の3つの構えゾーン(しゃがむ/斬る/跳ぶ)から、攻めの型に合う構えを見て選んでタップ,,265,judge,dojo_practice_dummy,slice,med,jp,,,0,,6,se_bad se_coin se_failure se_good se_success se_tap,,true,false,true,burst popup,true,true,true,false,false,false,,47,15,true,false,型稽古の道場。中央に立つ稽古人形が三種の型(高い振り/低い薙ぎ/直突き)で仕掛けてくる。見習い剣士は型を見極め、しゃがむ・跳ぶ・斬るの三つの構えから正しいものを選んで受け返す,80s ISO,false,false,false,true,true,90,25/20/15/10/15/5,0,CLEARとGAME OVERで異なる結果演出を出す
,K-DS-0024-opening-strike-read.js,K-DS-0024-opening-strike-read,0,オープニングストライク,相手の構えが崩れる隙の窓に合わせて拳を打ち込む,相手の構えが光って崩れた(隙ができた)瞬間だけタップして打つ。早すぎ・遅すぎは失敗,,192,timing_window,dojo_sparring_opening,timing_window,low,jp-weak,,,0,,6,se_bad se_coin se_failure se_good se_success se_tap,,true,false,true,burst popup,true,true,true,false,false,false,,31,15,true,false,古びた道場の朝稽古。師範格の相手と向き合い、構えが崩れる一瞬の隙だけを狙って拳を放つ修行,8bit HANDHELD,false,false,false,true,true,95,25/20/15/15/15/5,0,
,K-DS-0040-forge-strip-cut.js,K-DS-0040-forge-strip-cut,0,試し斬り連斬,師匠が放る試し斬り材を、宙にある間に次々と斬る,材が斬撃ラインに重なった瞬間にタップ。複数本同時の回もある。早すぎ/遅すぎ/取りこぼしは失敗数に加算,,258,slice,forge_test_strip_cut,slice,high,slug+jp,,,0,,6,se_bad se_coin se_failure se_good se_success se_tap,,true,false,true,burst flash popup,true,true,true,false,false,false,,26,15,true,false,刃物鍛冶の裏庭。見習いが、師匠が次々放り投げる試し斬り材(和紙を巻いた検品用の帯材)を、火花散る炉の前で間合いに入った瞬間だけ斬り続ける修練,90s 16bit,false,false,false,true,true,95,25/20/15/15/15/5,0,
,K-DS-0049-mirror-gesture-duel.js,K-DS-0049-mirror-gesture-duel,0,ミラージェスチャー・デュエル,影武者が出す合図の方向を見て、寸分違わず同じ方向へ手を払い返す,相手の影武者が腕を振った方向を見て、同じ向きへスワイプして動作を返す,,242,swipe_direction,mirror_dojo_duel,reaction_duel,high,slug+jp,,,0,,6,se_bad se_coin se_failure se_good se_success se_tap,,true,false,true,burst popup,true,true,true,false,false,false,,50,15,true,false,鏡張りの道場。向き合う影武者が出す合図の腕振りに、寸分違わず同じ方向で応じる鏡合わせの稽古,TOON SHADE,false,false,false,true,true,88,18/20/15/15/15/5,0,全入力ハンドラで即時フィードバック(feedback/fx/audio)を返す
,K-DS-0056-carnival-ribbon-cut.js,K-DS-0056-carnival-ribbon-cut,0,加速紙吹雪斬り,回転舞台で次々放られる色紙玉を、加速する太鼓に合わせ窓が開いた瞬間だけ斬る,色紙玉が斬撃窓(赤い円)に入っている間だけタップが有効。テンポは打つごとに加速する,,225,timing_window,carnival_paper_burst_cut,slice,high,slug+jp,,,0,,6,se_bad se_coin se_failure se_good se_success se_tap,,true,false,true,burst popup,true,true,true,false,false,false,,29,15,true,false,旅回り一座の回転舞台。二刀の大道芸人が、加速する太鼓に煽られながら次々放り上げられる色紙玉を、斬撃窓が開いた一瞬だけ斬り飛ばす花形演目,MODE7 PSEUDO,false,false,false,true,true,95,25/20/15/15/15/5,0,
,K-GBA-0001-return-punch-ring.js,K-GBA-0001-return-punch-ring,0,リターンパンチリング,迫る的球を見切り、届く間合いで正確に打ち返す,中央に寄ってくる的球が拳の届く間合いに入った瞬間、球そのものをタップして打ち返す,,218,aim_shoot,carnival_return_punch,timing_one_shot,low,default,,,0,,6,se_bad se_coin se_failure se_good se_success se_tap,,true,false,true,burst popup,true,true,true,false,false,false,,25,15,true,false,見世物小屋の返し突きブース。宙を漂い迫る的球を、届く間合いで拳を突き出して打ち返す腕比べ,90s BIG SPRITE,false,false,false,true,true,95,25/20/15/15/15/5,0,
,K-GBA-0007-crouch-jump-dodge.js,K-GBA-0007-crouch-jump-dodge,0,クラウチ&ジャンプ避け,迫る攻撃の高さを見て、しゃがむか跳ぶかを選んでかわす,相手が下段/上段どちらで来るか予告動作を見て、下段には上スワイプ・上段には下スワイプでかわす,,211,swipe_direction,dueling_ring_dodge,judge,low,jp-weak,,,0,,6,se_bad se_coin se_failure se_good se_success se_tap,,true,false,true,burst popup,true,true,true,false,false,false,,39,15,true,false,円形の決闘リング。相手が放つ下段の薙ぎ払いと上段の振り下ろしを、跳ぶかしゃがむかで見切り続ける,PIXEL HD,false,false,false,true,true,88,18/20/15/15/15/5,0,全入力ハンドラで即時フィードバック(feedback/fx/audio)を返す
,K-GBA-0022-moonlit-blade-cut.js,K-GBA-0022-moonlit-blade-cut,0,月夜の一閃,夜庭に飛来する的を、間合いに入った瞬間だけ刀を振って斬る,的が斬撃ラインに重なった瞬間にスワイプ(方向不問)して斬る。早すぎ/遅すぎは失敗,,224,slice,moonlit_yard_cut,slice,high,slug+jp,,,0,,6,se_bad se_coin se_failure se_good se_success se_tap,,true,false,true,burst popup,true,true,true,false,false,false,,28,15,true,false,夜の道場庭で棒立ちの剣士が、四方八方から飛んでくる的板を間合いぴったりで斬り続ける修練,90s BIG SPRITE,false,false,false,true,true,88,18/20/15/15/15/5,0,全入力ハンドラで即時フィードバック(feedback/fx/audio)を返す
,K-GBA-0026-arena-guard-stance.js,K-GBA-0026-arena-guard-stance,0,構え見切り,増えていく攻撃の型を見切り、下段はしゃがみ、上段は跳んで正しく受け流す,相手の予告(足元が光れば下段、頭上が光れば上段)を見て、下段はホールド、上段はスワイプ上でかわす,,236,judge,arena_guard_stance,timing_one_shot,low,default,,,0,,6,se_bad se_coin se_failure se_good se_success se_tap,,true,false,true,burst popup,true,true,true,false,false,false,,40,15,true,false,円形闘技場の中央に立つ守り手。相手の繰り出す型が増えるたび、下段の払いはしゃがみ、上段の払いは跳躍で見切り抜く,MODE7 PSEUDO,false,false,false,true,true,90,20/20/15/15/15/5,0,全入力ハンドラで即時フィードバック(feedback/fx/audio)を返す
,K-GBA-0031-signal-duel-drill.js,K-GBA-0031-signal-duel-drill,0,合図連続稽古,師範の手の合図が次々切り替わる中、出た方向へその都度素早く正確にスワイプする,光る矢印の合図が出た瞬間、同じ向きへスワイプする。合図の向きは毎回ランダムに切り替わる,,209,swipe_direction,signal_duel_drill,reaction_duel,high,slug+jp,,,0,,6,se_bad se_coin se_failure se_good se_success se_tap,,true,false,true,burst popup,true,true,true,false,false,false,,30,15,true,false,稽古場で師範と向き合う弟子。矢継ぎ早に切り替わる手の合図それぞれに、正しい向きへ瞬時にスワイプして応じる反射稽古,SKEUOMORPH,false,false,false,true,true,95,25/20/15/15/15/5,0,
,GH-DS-0022-net-catch.js,GH-DS-0022-net-catch,0,ネットキャッチ,木を揺らして落ちてきた虫を、飛び去る前に網で捕まえる,まず木をタップして揺らす。虫が落ちて止まった瞬間、もう一度タップして網で捕まえる,,200,timing_one_shot,backyard_trees,timing_one_shot,low,jp-weak,,,0,,5,se_bad se_coin se_failure se_success se_tap,bgm_cute,false,false,true,burst popup,true,true,true,false,false,false,,53,15,true,false,裏庭の木が3本並ぶ。揺らすと虫が落ちてくる。着地して一瞬止まった隙だけ網で捕まえられる。逃すと飛んでいく,8bit HOME,false,false,false,true,true,93,25/18/15/15/15/5,0,
,GH-PS-0050-strike-moment.js,GH-PS-0050-strike-moment,0,ストライクモーメント,当たりの瞬間に竿を上げる。早いと逃げる、遅いと糸が切れる,浮きが沈んだ瞬間にタップ,,247,timing_one_shot,night_pier,timing_one_shot,low,default,,,0,,5,se_bad se_coin se_failure se_success se_tap,bgm_tense,false,false,true,burst popup,true,true,true,false,false,false,,63,15,true,false,夜の桟橋。浮きは何度か小さく揺れてから、本当の当たりで一気に沈む。揺れに反応すると早すぎて逃げる,PIXEL HD,true,false,false,true,true,93,25/18/15/15/15/5,0,
,GH-PS2-0150-alley-pursuit-catch.js,GH-PS2-0150-alley-pursuit-catch,0,アレイパースート,路地を逃げる怪盗を、追い詰めた一瞬だけタップして捕まえる,逃げる怪盗が壁際で足を止めた「隙」の間だけタップして確保する。逃走中にタップすると外す,,228,chase,rooftop_alley_thief,chase,high,slug+jp,20,3,0,,6,se_bad se_coin se_failure se_milestone se_success se_tap,,true,false,true,burst popup,true,true,true,false,false,false,,50,15,true,false,夜の路地裏。巾着袋を抱えた怪盗ネズミが逃げ込む。行き止まりで一瞬立ち止まる隙だけが捕まえる好機,2010s FLAT MOBILE,false,false,false,true,true,95,25/20/15/15/15/5,0,
,I-3DS-0008-tank-glass-scrub.js,I-3DS-0008-tank-glass-scrub,0,タンクシャイン,水族館の夜間清掃員が曇った水槽ガラスをこすって魚を見えるようにする,曇った部分を指で素早く往復させてこする。次々出る曇りを制限時間内に全部落とす,,223,rub,aquarium_glass_scrub,rub,med,jp,12,,0,,5,se_coin se_failure se_milestone se_success se_tap,,true,false,true,burst popup,true,true,true,true,false,false,,28,15,true,false,閉館後の水族館、夜間清掃員が大水槽の曇ったガラスをこすり、中を泳ぐ魚が見えるまで磨き上げる,90s HANDHELD COLOR,false,false,false,true,true,91,21/20/15/15/15/5,0,全入力ハンドラで即時フィードバック(feedback/fx/audio)を返す
,I-DS-0002-porthole-wipe.js,I-DS-0002-porthole-wipe,0,ポートホール・ワイプ,潜水艇の丸窓にびっしり付いた藻を、指でこすり続けて時間内に払い落とす,窓ガラスの上を指で素早く往復させてこする。動かし続けるほど藻が落ちる。止まっている間は落ちない,,249,rub,submarine_porthole_algae,rub,med,jp,11,,0,,5,se_coin se_failure se_milestone se_success se_tap,,true,false,true,burst popup,true,true,true,true,false,false,,33,15,true,false,深海を進む小さな潜水艇。丸窓びっしりに藻が付いて外が見えない。乗員がガラスをこすって、窓の奥で光る深海魚を見つけようとする,TOON SHADE,false,false,false,true,true,95,25/20/15/15/15/5,0,
,I-DS-0026-poi-scoop-lift.js,I-DS-0026-poi-scoop-lift,0,紙すくい上げ,指をなぞらせて池の生き物を紙のすくいで持ち上げる,指で水面をなぞって生き物にすくいを重ね、そのまま指で上のかごまで運ぶ,,261,drag_follow,night_festival_pond,trace,med,jp,19,,0,,6,se_bad se_coin se_failure se_milestone se_success se_tap,,true,false,true,burst popup,true,true,true,true,false,false,,32,15,true,false,夜店の縁日の水盆。すくいの紙を持った子どもが、泳ぐ生き物を破らないよう静かにかごへ運ぶ,2000s HANDHELD PASTEL,false,false,false,true,true,91,21/20/15/15/15/5,0,全入力ハンドラで即時フィードバック(feedback/fx/audio)を返す
,I-GBA-0002-dock-catch.js,I-GBA-0002-dock-catch,0,ドックキャッチ,桟橋の魚屋が、放られてくる魚を地面に落とす前に受け止める,落下してくる魚が受け皿の高さに来た瞬間にタップしてつかむ,,204,timing_one_shot,dockside_fish_catch,timing_one_shot,low,jp-weak,,,0,,6,se_bad se_coin se_failure se_good se_success se_tap,,true,false,true,burst popup,true,true,true,false,false,false,,30,15,true,false,早朝の魚市場の桟橋。威勢のいい魚屋が、船から放り投げられる魚を受け皿で連続キャッチする実演,8bit HANDHELD,false,false,false,true,true,95,25/20/15/15/15/5,0,
,I-GBA-0027-river-net-scoop.js,I-GBA-0027-river-net-scoop,0,リバーネットスクープ,指に付いてくる手網で、流れてくる魚を器からこぼさずすくい取る,指を動かすと手網が付いてくる。流れてくる魚の下に網を差し入れてすくう,,224,drag_follow,river_net_fisherman,timing_one_shot,low,default,,,0,,6,se_bad se_coin se_failure se_milestone se_success se_tap,,true,false,true,popup,true,true,true,true,false,false,,28,15,true,false,浅瀬に立つ川漁師が、指に付いてくる手網を流れに差し入れ、次々流れてくる魚を一匹もこぼさずすくい続ける,2000s HANDHELD PASTEL,false,false,false,true,true,90,20/20/15/15/15/5,0,全入力ハンドラで即時フィードバック(feedback/fx/audio)を返す
,I-GBA-0032-pond-catch-leap.js,I-GBA-0032-pond-catch-leap,0,ポンドキャッチ,池の水面すれすれで、落ちてくる木の実が着水する前に口を合わせて飲み込む,水面の魚を指でドラッグして左右に動かし、落ちてくる木の実の真下に口を合わせる,,230,drag_follow,pond_fish_catch,chase,low,slug-weak,18,,0,,6,se_bad se_coin se_failure se_milestone se_success se_tap,,true,false,true,burst popup,true,true,true,true,false,false,,27,15,true,false,森の奥の池。丸々とした魚が、水面に降り注ぐ木の実を着水前に次々と飲み込んで腹を満たす,TOON SHADE,false,false,false,true,true,95,25/20/15/15/15/5,0,
,I-GBA-0050-sonar-call-match.js,I-GBA-0050-sonar-call-match,0,ソナーコールマッチ,似た魚群の鳴き声の中から、指定された音高の一匹だけを聞き分ける,最初に流れる基準音を覚え、同じ高さで鳴く魚をタップする,,245,spot,deep_sea_sonar_operator,memory_sequence,low,jp-weak,,,0,,5,se_coin se_failure se_milestone se_success se_tap,bgm_dark,false,true,true,popup,true,true,true,false,false,false,,33,15,true,false,深海調査船のソナー室。見た目が同じ魚群の中で、基準の鳴き声とぴったり同じ音高の一匹だけを操作員が耳で探し当てる,90s PRE-RENDER,false,false,false,true,true,93,25/18/15/15/15/5,0,
,I-GBA-0062-reel-exact-wind.js,I-GBA-0062-reel-exact-wind,0,ぴったりリール巻き,針にかかった大物を、規定回数ぴったりクランクを回して引き寄せる,リールのハンドルをタップして巻く。指定回数ちょうどで止める(多すぎても少なすぎても糸が切れる),,208,count_exact,reel_exact_wind,count_exact,med,jp,,,0,,5,se_coin se_failure se_milestone se_success se_tap,,true,false,true,burst popup,true,true,true,false,false,false,,28,15,true,false,桟橋の一本釣り。大物がかかった竿のリールを、糸が切れないよう指示された回数だけぴったり巻き上げる,90s BIG SPRITE,false,false,false,true,true,95,25/20/15/15/15/5,0,
,I-Switch2-0014-twin-hand-angler.js,I-Switch2-0014-twin-hand-angler,0,ツインハンドアングラー,見習い漁師が左手で竿を巻き上げ、右手で跳ねる魚を同時に網ですくう,左ゾーンは連続タップで巻き上げ、右ゾーンは跳ねた魚が来た瞬間にタップして網ですくう。両方を並行して行う,,234,coop_2zone,twin_task_angler_dock,timing_one_shot,low,jp-weak,,12,0,,6,se_bad se_coin se_failure se_good se_success se_tap,,true,true,true,burst popup,true,true,true,true,false,false,,34,15,true,false,朝の船着き場。二人分の仕事を任された見習い漁師が、左手で竿を巻き上げながら右手で跳ねる魚を網ですくう掛け持ち仕事,8bit HANDHELD,false,false,false,true,true,95,25/20/15/15/15/5,0,
,I-Wii-0008-tidepool-hook-reflex.js,I-Wii-0008-tidepool-hook-reflex,0,タイドプール・フック・リフレックス,潮だまりの竿を構え、貝の影が水面を割った瞬間だけ跳ね上げて掛ける,水面下の影が膨らみ、水しぶきが上がった瞬間に画面を上方向へスワイプして掛ける。早すぎても遅すぎても逃げる,,243,reaction_duel,tidepool_shellfish_angling,swipe_direction,med,jp,,,0,,7,se_bad se_coin se_failure se_good se_milestone se_success se_tap,,true,false,true,burst popup,true,true,true,false,false,false,,44,15,true,false,磯のカニの釣り人。竿を構えて潮だまりに潜む光る貝を待ち、水しぶきが弾けた瞬間だけ竿を跳ね上げて掛ける,90s 16bit,false,false,false,true,true,95,25/20/15/15/15/5,0,
,I-Wii-0014-deepspear-charge-thrust.js,I-Wii-0014-deepspear-charge-thrust,0,ディープスピア・チャージスラスト,銛を押し続けて溜め、深度の的に合わせて前へ突き出す,押し続けると銛のバネが溜まる(溜めすぎると失速)。深度ゲージの光る帯に合わせて指を離して突く,,217,hold_charge,deep_sea_spear_diver,hold_charge,high,slug+jp,,,0,,7,se_bad se_coin se_failure se_good se_milestone se_success se_tap,bgm_dark,false,false,true,burst popup,true,true,true,true,false,false,,25,15,true,false,深海の銛突き潜水士。光る深度ゲージの帯に合わせて銛を溜めて突き、闇に潜むちょうちんアンコウを仕留める,1BIT INK,false,false,false,true,true,83,15/18/15/15/15/5,0,全入力ハンドラで即時フィードバック(feedback/fx/audio)を返す
,I-Wii-0015-hook-set-pull.js,I-Wii-0015-hook-set-pull,0,フックセットプル,竿先が跳ねた合図の瞬間、竿を手前へ強く引いて針を掛ける,浮きが沈む合図が出た瞬間、竿の握りを指で下(手前)へ強く素早くドラッグして引き合わせる,,214,slingshot,riverside_hook_set,reaction_duel,low,jp-weak,,,0,,6,se_bad se_coin se_failure se_good se_success se_tap,,true,false,true,burst popup,true,true,true,true,false,false,,28,15,true,false,川辺の桟橋に立つ釣り人。浮きが消える一瞬のアタリを見極め、竿を力いっぱい引いて魚に針を掛ける,TOON SHADE,false,false,false,true,true,88,18/20/15/15/15/5,0,全入力ハンドラで即時フィードバック(feedback/fx/audio)を返す
,K-DS-0033-bite-timing-cast.js,K-DS-0033-bite-timing-cast,0,バイトタイミングキャスト,浮きが沈んだ瞬間だけ竿を上げる。早合わせも遅れも禁物,静かに浮かぶ浮きが不意に沈んだ瞬間にタップして竿を上げる。沈む前のタップは早合わせで失敗,,188,reaction_duel,bite_timing_cast,timing_one_shot,low,default,,,0,,7,se_bad se_coin se_failure se_good se_milestone se_success se_tap,bgm_tense,false,false,true,burst popup,true,true,true,false,false,false,,36,15,true,false,独自デザインの釣り人が静かな池に糸を垂らす。浮きが沈む一瞬の合図だけを頼りに竿を上げる真剣勝負,90s PRE-RENDER,false,false,false,true,true,93,25/18/15/15/15/5,0,
,D-20092012-0034-lantern-peg-shot.js,D-20092012-0034-lantern-peg-shot,0,ランタンペグショット,玉を引いて放ち、光る色の提灯釘だけを撃ち落とす,手前の玉入れ袋を指で引いて離す(スリングショット)。狙いと強さは引いた分だけ,,287,slingshot,lantern_peg_festival,slingshot,med,jp,,,0,,8,se_bad se_break se_coin se_failure se_jump se_milestone se_success se_tap,,true,false,true,burst popup,true,true,true,true,false,false,,27,15,true,false,夜店の玉打ち台。台の提灯提灯マスコットが見守る中、盤面に並ぶ提灯釘のうち光る色だけを玉で撃ち落とす一発勝負の的当て,8bit HANDHELD,false,false,false,true,true,88,18/20/15/15/15/5,0,全入力ハンドラで即時フィードバック(feedback/fx/audio)を返す
,GH-DS-0045-last-spin.js,GH-DS-0045-last-spin,0,ラストスピン,止まる前に賭ける。賭け直しは1回だけ,タップで賭ける(1回目)。もう一度タップで賭け直す(2回目、最後),,225,near_miss,night_wheel,rotate_gesture,low,slug-weak,,,0,,4,se_coin se_failure se_success se_tap,,true,false,true,burst flash,true,true,true,false,false,false,,38,15,true,false,深夜のカウンター。回るホイールに玉を投げ込み、自分の色の枠に止まれば勝ち。惜しい所で止まることが多い,SKEUOMORPH,true,false,false,true,true,88,25/20/15/8/15/5,0,進捗バーか達成カウンタを常時表示する; 走行中のマイルストーン演出(fx.popup)を入れる
,GH-PS-0003-stroke-count.js,GH-PS-0003-stroke-count,0,ストロークカウント,現れる線の数を数える。数え終えると吉凶が出る,線が1本現れるたびにタップして数える,,183,counting,fortune_paper,counting,med,slug,,,0,,4,se_coin se_failure se_success se_tap,bgm_cute,false,true,true,burst popup,true,true,true,false,false,false,,22,15,true,false,紙に線が1本ずつ引かれていく。全部数え終えると、その本数から吉凶が決まる,2000s HANDHELD PASTEL,false,false,false,true,true,93,25/18/15/15/15/5,0,
,GH-PS-0009-combo-multiplier-luck.js,GH-PS-0009-combo-multiplier-luck,0,ラッキーレーダー,回る針が光る扇の中を通った瞬間にタップ。当て続けるほど倍率が伸びる,針が光る扇の範囲に重なった瞬間にタップ。外すか、扇の外でタップすると倍率が1に戻る,,234,jackpot_combo,neon_luck_radar,timing_one_shot,low,jp-weak,,,0,,8,se_bad se_coin se_failure se_good se_milestone se_powerup se_success se_tap,,true,false,true,popup,true,true,true,false,false,false,,41,15,true,false,暗闇に光る円盤レーダー。針が一周する間、光る扇形が一箇所だけ現れる。そこを射抜き続けるほど倍率が伸び、黄金の扇は当てれば倍率がその場で跳ね上がる,70s VECTOR,false,false,false,true,true,95,25/20/15/15/15/5,0,
,GH-PS-0030-flipper-knock.js,GH-PS-0030-flipper-knock,0,フリッパーノック,フリッパーで玉を弾く。落ちる前に3つの的を全部倒す,押している間だけ力をためる。離すと玉が飛ぶ。狙った的の高さでちょうど離す,,194,hold_charge,pinball_table,hold_charge,med,jp,,,0,,5,se_bad se_coin se_failure se_success se_tap,bgm_cute,false,false,true,burst popup,true,true,true,true,false,false,,22,15,true,false,小さな盤の中、3つの的が高さ違いで並ぶ。ためた分だけ玉が高く飛ぶ。的の高さぴったりで離せば倒せる,2010s FLAT MOBILE,false,false,false,true,true,93,25/18/15/15/15/5,0,
,GH-PS-0034-peg-launch-pocket.js,GH-PS-0034-peg-launch-pocket,0,ペグランチポケット,引いて放った玉が釘の海を跳ねて落ちる。中央の穴を狙う,玉を下に引いて狙いと強さを決め、離して発射。落下中は釘に当たって不規則に跳ねる,,375,slingshot,neon_peg_parlor,slingshot,med,jp,,,0,,6,se_coin se_failure se_jump se_milestone se_success se_tap,,true,true,true,burst popup,true,true,true,true,false,false,,73,17,true,false,ネオンが唸る夜のペグ場。玉の精が釘の群れを抜けて、中央の金の穴を目指す,80s NEON,false,false,false,true,true,95,25/20/15/15/15/5,0,
,GH-PS-0035-reel-stop.js,GH-PS-0035-reel-stop,0,リールストップ,回る3つのリールを、狙った絵で順に止める,左から順に、狙った絵が窓に来た瞬間にタップして止める,,212,timing_window,lucky_panel,memory_sequence,med,jp,,,0,,5,se_bad se_coin se_failure se_success se_tap,bgm_cute,false,false,true,burst popup,true,true,true,false,false,false,,29,15,true,false,3つの窓が縦に回り続ける。狙う絵は上に常に示される。順番に、絵が来た瞬間だけ止められる,TOON SHADE,false,false,false,true,true,93,25/18/15/15/15/5,0,
,GH-PS-0046-horse-pick-near-miss.js,GH-PS-0046-horse-pick-near-miss,0,レーンピック,調子の良い走者を見極めて1頭を選び、あとは声援を送って見守る,出走前、各レーンのオーラの強さ(調子)を見て1つタップして選ぶ。レース中は下の声援ゾーンを連打して盛り上げる,,246,near_miss,track_form_pick,mash,med,jp,,,0,,5,se_coin se_failure se_powerup se_success se_tap,bgm_cute,false,false,true,burst popup,true,true,true,false,false,false,,48,15,true,false,4レーンの走路。出走前に見えるオーラの強さだけが手がかり。選んだ後は声援を送るだけで、結果は僅差になる,90s LOW POLY,false,false,false,true,true,93,25/18/15/15/15/5,0,
,GH-PS-0091-spin-plate.js,GH-PS-0091-spin-plate,0,スピンプレート,回転する床の上で、傾きに逆らって指で支え続ける。落ちたら終わり,指で押さえて左右にドラッグし、傾いた方向と逆に重心を戻し続ける,,217,balance,spin_deck,balance,low,jp-weak,,,0,,3,se_coin se_failure se_tap,bgm_tense,false,true,true,burst popup,true,true,true,true,false,true,,19,15,true,false,回る円盤の上。円盤の傾き(スポークの回転)が周期的に変わり、傾いた側へ重心が流される。指を離すと支えられない,MODE7 PSEUDO,false,false,false,true,true,93,25/18/15/15/15/5,0,
,I-3DS-0010-lantern-wish-blow.js,I-3DS-0010-lantern-wish-blow,0,ウィッシュブリーズ,夜祭りの提灯守りが息を溜め願い札をちょうど良い強さで空へ吹き上げる,画面を長押しして息ゲージを溜め、狙いの帯に入ったら指を離して吹く。弱すぎ・溜めすぎは失敗,,217,hold_charge,lantern_wish_blow,hold_charge,low,jp-weak,,,0,,7,se_bad se_coin se_failure se_milestone se_powerup se_success se_tap,,true,false,true,burst popup,true,true,true,true,false,false,,28,15,true,false,夜祭りの提灯守りが、灯芯の願い札に息を吹きかけて空へ舞い上げる。溜めすぎれば札が燃え尽きる,2000s HANDHELD PASTEL,false,false,false,true,true,95,25/20/15/15/15/5,0,
,I-DS-0006-lucky-drum-spin.js,I-DS-0006-lucky-drum-spin,0,ラッキードラムスピン,抽選ドラムの上で指を円を描くように回し、勢いよく回し続けてカプセルを弾き出す,ドラムの上で指を円を描くように動かし続けて回転させる。速く回すほどゲージが早く溜まる,,209,rotate_gesture,prize_booth_lottery_drum,rotate_gesture,high,slug+jp,,,0,,6,se_coin se_failure se_milestone se_powerup se_success se_tap,,true,false,true,burst popup,true,true,true,true,false,false,,25,15,true,false,縁日の景品ブース。挑戦者が抽選ドラムを指で勢いよく回し続け、満タンになった瞬間に当たりカプセルが飛び出す,2000s ARCADE POP,false,false,false,true,true,87,21/20/15/11/15/5,0,全入力ハンドラで即時フィードバック(feedback/fx/audio)を返す; 進捗バーか達成カウンタを常時表示する
,I-DS-0017-golden-acorn-hunt.js,I-DS-0017-golden-acorn-hunt,0,ゴールデンドングリ・ハント,縁日の穴から一斉に顔を出すモグラの中から、金の帽子の一匹だけを探して触れる,一斉に顔を出す数匹のモグラの中から、金色の帽子をかぶった一匹だけを指で触れる,,212,spot,carnival_golden_hat_moles,spot,med,jp,13,,0,,7,se_bad se_coin se_failure se_good se_milestone se_success se_tap,,true,false,true,burst popup,true,true,true,false,false,false,,31,15,true,false,縁日のモグラ叩き屋台。店番のタヌキが見守る中、客は金の帽子のモグラだけを見抜いて当てる,2000s HANDHELD PASTEL,false,false,false,true,true,95,25/20/15/15/15/5,0,
,I-DS-0024-lucky-ticket-tear.js,I-DS-0024-lucky-ticket-tear,0,ラッキーチケットティア,両端をつまんだ福引き券を、時間内に一気に引き裂いて景品を開封する,券の両端を指で押さえ、素早く強く左右に引いて一気に破る。ゆっくり引くと破けない,,204,flick_launch,lottery_ticket_booth,timing_one_shot,low,default,,,0,,6,se_bad se_break se_coin se_failure se_success se_tap,,true,false,true,burst popup,true,true,true,true,false,false,,25,15,true,false,縁日の福引き所。景品係が呼び込む中、挑戦者が次々渡されるチケットを制限時間内に力強く引き裂いて当たりを確かめる,2000s ARCADE POP,false,false,false,true,true,88,18/20/15/15/15/5,0,全入力ハンドラで即時フィードバック(feedback/fx/audio)を返す
,I-DS-0030-lucky-charm-chase.js,I-DS-0030-lucky-charm-chase,0,福だるま追いかけ,逃げ回る縁起玉を指で連続タップして追いつき捕まえる,転がり逃げる縁起玉を指で連続タップし続け、距離を詰めて捕まえる,,201,chase,festival_luck_booth,chase,low,jp-weak,17,,0,,6,se_coin se_failure se_good se_milestone se_success se_tap,,true,false,true,burst popup,true,true,true,false,false,false,,34,15,true,false,夜店の福引き屋台。転がり出た縁起玉が逃げ回り、店番の子どもが連続タップで追いつめて捕まえる,2000s ARCADE POP,false,false,false,true,true,91,25/20/15/11/15/5,0,進捗バーか達成カウンタを常時表示する
,I-GBA-0010-gem-flash-count.js,I-GBA-0010-gem-flash-count,0,ジェムフラッシュカウント,見世物小屋の壺が一瞬だけ開き、中の宝石の数を覚えて数字ボタンで答える,壺が一瞬開いて宝石が見える。閉じたら覚えた個数の数字パネルをタップして答える,,219,counting,carnival_gem_jar,memory_sequence,low,jp-weak,,,0,,7,se_bad se_coin se_failure se_good se_milestone se_success se_tap,,true,false,true,burst popup,true,true,true,false,false,false,,41,15,true,false,縁日の見世物小屋。壺番が一瞬だけ壺を開けて見せる宝石の数を、客が言い当てる当て物芸,SKEUOMORPH,false,false,false,true,true,95,25/20/15/15/15/5,0,
,I-GBA-0013-claw-pit-escape.js,I-GBA-0013-claw-pit-escape,0,クロークピット・エスケープ,景品箱のうさぎ、降りてくるクレーンから逃げる,指でうさぎをドラッグして動かし、降りてくるクレーンのアームに掴まれないよう逃げる,,231,drag_follow,claw_machine_plush_escape,timing_one_shot,low,default,,,0,,6,se_bad se_coin se_failure se_milestone se_success se_tap,,true,false,true,burst popup,true,true,true,true,false,false,,42,15,true,false,景品箱の中のうさぎのぬいぐるみが主役。頭上から降りてくるクレーンのアームに掴まれる前に、山の中を逃げ回る,2000s ARCADE POP,false,false,false,true,true,95,25/20/15/15/15/5,0,
,I-GBA-0018-beanbag-barrel-toss.js,I-GBA-0018-beanbag-barrel-toss,0,ビーンバッグ樽投げ,屋台の的樽めがけ、引いて放して狙いと強さを決めて投げ入れる,指を引いて角度と強さを決め、離すとその通りに投げる(スリングショット),,226,slingshot,carnival_barrel_toss_stall,slingshot,med,jp,,,0,,8,se_bad se_coin se_failure se_good se_jump se_milestone se_success se_tap,,true,false,true,burst popup,true,true,true,true,false,false,,26,15,true,false,縁日の射的ならぬ投げ入れ屋台。転がる的樽の中にビーンバッグを投げ込む一発勝負の屋台芸,2000s ARCADE POP,false,false,false,true,true,91,25/20/15/11/15/5,0,進捗バーか達成カウンタを常時表示する
,I-GBA-0036-fortune-charm-polish.js,I-GBA-0036-fortune-charm-polish,0,フォーチュン・チャーム・ポリッシュ,屋台に置かれた曇った護符を指で往復させてこすり、運勢の輝きを時間内に磨き出す,護符の上で指を素早く往復させてこする。往復のたびに曇りが晴れていく,,198,rub,fortune_stall_charm,rub,med,jp,12,,0,,5,se_coin se_failure se_milestone se_success se_tap,,true,true,true,burst popup,true,true,true,true,false,false,,33,15,true,false,夜店の占い屋台。店主マスコットが、客に渡す前の曇った護符を指でこすり、内に眠る運勢の光を磨き出す,1BIT INK,false,false,false,true,true,88,18/20/15/15/15/5,0,全入力ハンドラで即時フィードバック(feedback/fx/audio)を返す
,I-GBA-0049-fortune-sigil-flash.js,I-GBA-0049-fortune-sigil-flash,0,フォーチュンシジルフラッシュ,占い玉に一瞬浮かぶ紋章を覚え、同じ紋章の札を選ぶ,占い玉に一瞬浮かぶ紋章を覚え、下に並ぶ4枚の札から同じものをタップする,,245,pair_match,carnival_fortune_sigils,memory_sequence,low,jp-weak,,,0,,5,se_coin se_failure se_milestone se_success se_tap,,true,false,true,popup,true,true,true,false,false,false,,44,15,true,false,場末のカーニバルの占い小屋。占い玉に一瞬浮かぶ紋章を弟子の占い師が覚え、同じ紋章の札を選んで的中させる,80s NEON,false,false,false,true,true,95,25/20/15/15/15/5,0,
,I-GBA-0063-prize-dial-needle.js,I-GBA-0063-prize-dial-needle,0,賞品ダイヤル,ぐるぐる回る針を、光った当たり数字にぴったり重なった瞬間タップして止める,針が当たりの数字の真上に来た瞬間にタップする,,198,timing_one_shot,prize_dial_needle,timing_one_shot,low,jp-weak,,,0,,5,se_coin se_failure se_milestone se_success se_tap,,true,false,true,burst popup,true,true,true,false,false,false,,21,15,true,false,縁日の景品ダイヤル抽選機。ぐるぐる回る針を、光る当たり数字の真上でタップして止め景品を当てる,80s NEON,false,false,false,true,true,95,25/20/15/15/15/5,0,
,I-GBA-0067-tumbler-uprighting.js,I-GBA-0067-tumbler-uprighting,0,起き上がり縁起玉,横倒しの縁起玉を、倒れた側をタップして揺り起こし、まっすぐ立たせる,縁起玉が傾いている側の親指ゾーンをタップして押し上げる。突風が来る前にタップして構える,,270,balance,lucky_tumbler_stall,timing_one_shot,low,default,24,,0,,5,se_coin se_failure se_milestone se_success se_tap,,true,false,true,burst popup,true,true,true,true,false,false,,69,15,true,false,縁日の屋台の隅で横倒しになった張り子の縁起玉。参道の客が指先で揺すり起こし、まっすぐ立たせて福を呼ぼうとする,SKEUOMORPH,false,false,false,true,true,95,25/20/15/15/15/5,0,
,I-Switch2-0010-mirror-hall-defy.js,I-Switch2-0010-mirror-hall-defy,0,ミラーホールディファイ,鏡張りの遊戯場で、鏡の中の相方と同じ動きにならないよう、あえて逆方向へ払う,鏡の中の影が払った方向を見て、それとは違う方向へスワイプする,,201,swipe_direction,carnival_mirror_hall_defiance,swipe_direction,med,jp,,,0,,6,se_bad se_coin se_failure se_good se_success se_tap,,true,false,true,burst popup,true,true,true,false,false,false,,34,15,true,false,夜の縁日にある鏡張りの遊戯場。鏡の中の影がふざけて同じ動きを迫ってくるので、あえて逆へ払って鏡を出し抜く遊び,MODE7 PSEUDO,false,false,false,true,true,95,25/20/15/15/15/5,0,
,D-20092012-0001-toppling-tower-launch.js,D-20092012-0001-toppling-tower-launch,0,タワーノック,引いて放った石弾を積み木の砦へ飛ばし、上に潜む敵ごと崩す,弾を下に引いて狙いと強さを決め、離して発射。石弾は積み木に当たって砦を崩す,,315,slingshot,block_fortress_siege,slingshot,med,jp,,,0,,7,se_break se_coin se_failure se_jump se_milestone se_success se_tap,,true,true,true,burst popup,true,true,true,true,false,false,,55,15,true,false,岩山に積まれた木箱の砦。てっぺんに居座る見張りたちを、放り投げた岩弾で箱ごと崩して追い払う,8bit HANDHELD,false,false,false,true,true,90,20/20/15/15/15/5,0,game.feedback.good/bad で行動の正否を提示する
,D-20092012-0004-candy-rope-feed.js,D-20092012-0004-candy-rope-feed,0,キャンディロープフィード,吊るされた飴を、ロープをなぞって切りながら下の生き物の口へ落とす,飴を吊るすロープを指でなぞって切る。切ると飴が落ちて弾む,,270,trace,candy_rope_feed,trace,med,jp,,,0,,5,se_break se_coin se_failure se_success se_tap,,true,false,true,burst popup,true,true,true,true,false,false,,42,15,true,false,洞穴の巣に住む小さな生き物。天井から吊るされた飴を、ロープをなぞり切って口元まで届ける,2000s HANDHELD PASTEL,false,false,false,true,true,91,21/20/15/15/15/5,0,全入力ハンドラで即時フィードバック(feedback/fx/audio)を返す
,D-20092012-0013-canal-dig-flow.js,D-20092012-0013-canal-dig-flow,0,カナルフロー,乾いた大地に指で水路を掘り、井戸の水を待つ旅人まで一本につなげる,井戸から中継石を順になぞってつなぎ、旅人まで水路を通す。ひび割れた岩には触れない,,246,connect,dry_land_canal,memory_sequence,med,jp,15,,0,,5,se_bad se_coin se_milestone se_success se_tap,bgm_cute,false,false,true,burst popup,true,true,true,true,false,false,,25,15,true,false,干上がった荒野。井戸のそばに倒れそうな旅人が水を待つ。井戸番が指で水路を掘り、水を旅人まで導く話,8bit HOME,false,false,false,true,true,93,25/18/15/15/15/5,0,
,D-20092012-0028-chute-roller-guide.js,D-20092012-0028-chute-roller-guide,0,シュート・ローラーガイド,曲がりくねった落下シュートを転がり落ちる玉ころを、指で寄り添わせながらゴールまで導く,玉ころを指で軽く押すように左右にドラッグし、シュートの壁に当てずゴールまで誘導する,,198,guide_path,winding_chute_roller,timing_one_shot,low,default,,,0,,6,se_bad se_coin se_failure se_milestone se_success se_tap,,true,false,true,burst popup,true,true,true,true,false,false,,28,15,true,false,縦に曲がりくねる木製シュート。転がり落ちる小さな玉ころ生き物を、壁にぶつけないよう指でそっと寄り添わせて底のゴール鉢まで送り届ける,8bit HANDHELD,false,false,false,true,true,95,25/20/15/15/15/5,0,
,D-20092012-0029-shard-row-align.js,D-20092012-0029-shard-row-align,0,シャード・ロウアライン,一列に並んだ結晶の欠片を指でドラッグして入れ替え、同じ色を3つ並べて割る,欠片を指でつかんで別の位置までドラッグし、別の欠片と入れ替える,,266,drag_sort,crystal_shard_row,drag_sort,low,jp-weak,18,,0,,5,se_coin se_failure se_milestone se_success se_tap,,true,false,true,burst popup,true,true,true,true,false,false,,30,15,true,false,台座に一列に並ぶ色違いの結晶の欠片。職人見習いが欠片をドラッグで並べ替え、同色を3つ揃えて共鳴させる,VOXEL BLOCK,false,false,false,true,true,95,25/20/15/15/15/5,0,
,D-20092012-0035-twin-swap-garden.js,D-20092012-0035-twin-swap-garden,0,ツインスワップガーデン,隣り合う宝玉を1回だけ入れ替えて、同じ色を3つ並べる,宝玉を1つタップして選び、隣の宝玉をタップして入れ替える(線でつなぐ),,257,connect,garden_gem_bed,connect,med,jp,15,,0,,5,se_bad se_coin se_good se_success se_tap,,true,false,true,burst popup,true,true,true,false,false,false,,29,15,true,false,石庭の宝玉花壇。9個の玉が並ぶ花壇で、隣り合う2個だけをつなぎ替えられる庭師が、正しい一組を見極めて同色を3つ並べる,2000s HANDHELD PASTEL,false,false,false,true,true,95,25/20/15/15/15/5,0,
,D-20092012-0036-lantern-combo-swap.js,D-20092012-0036-lantern-combo-swap,0,ランタン・コンボスワップ,隣り合う提灯を光る側へ次々スワイプで送り込み、コンボ倍率を伸ばして得点を稼ぐ,光っている提灯の並びを見て、正しい側へ素早くスワイプして送り込む。テンポは徐々に加速する,,236,swipe_direction,festival_lantern_combo,timing_one_shot,low,default,,,0,,7,se_bad se_coin se_failure se_good se_milestone se_success se_tap,,true,false,true,burst popup,true,true,true,false,false,false,,31,15,true,false,夜祭りの提灯係。次々と光る提灯を正しい側へ素早く送り込み、連続成功でコンボを伸ばして祭りを盛り上げる,2000s ARCADE POP,false,false,false,true,true,95,25/20/15/15/15/5,0,
,D-20092012-0037-comet-gate-breaker.js,D-20092012-0037-comet-gate-breaker,0,コメットゲート破し,夜空の関所に迫る彗星の列へ、色を選んで光弾を撃ち込み3つ揃えて消す,下部の3色ボタンをタップして同色の光弾を発射し、列の先頭に合わせて3つ揃えると消える,,256,aim_shoot,comet_gate_guardian,judge,low,jp-weak,,,0,,5,se_break se_coin se_failure se_milestone se_tap,,true,false,true,burst popup,true,true,true,false,false,false,,30,15,true,false,夜空の関所を守る門番ロボットが、迫りくる彗星の隊列に同色の光弾を撃ち込み、3つ揃えて消し去る,80s NEON,false,false,false,true,true,95,25/20/15/15/15/5,0,
,D-20092012-0038-fluffbloom-garden.js,D-20092012-0038-fluffbloom-garden,0,フラフブルーム庭園,並んだ毛玉を同色方向へスワイプで滑らせ、3つ揃えて消す,毛玉を1匹選んでスワイプすると、隣の同色の列へ滑って合流する。3匹揃うと消える,,248,swipe_direction,fluff_garden_grooming,swipe_direction,med,jp,13,,0,,4,se_coin se_failure se_milestone se_tap,,true,false,true,burst popup,true,true,true,true,false,false,,26,15,true,false,小さな庭で丸まって暮らす毛玉たちの世話係が、指で毛玉をなでて同色の仲間へ寄せ集め、3匹揃えて空へ見送る,2000s HANDHELD PASTEL,false,false,false,true,true,90,20/20/15/15/15/5,0,全入力ハンドラで即時フィードバック(feedback/fx/audio)を返す
,D-20092012-0039-brick-wall-mender.js,D-20092012-0039-brick-wall-mender,0,ブロック壁のつくろい,落ちてくるブロックを回して欠けた壁の隙間に合わせ、横一列を埋めて消す,タップでブロックを90度回転、スワイプ下で即落下。隙間の形に合わせて落とす,,293,gap_fit,brick_wall_mender,gap_fit,low,jp-weak,,,0,,5,se_break se_coin se_failure se_milestone se_tap,,true,false,true,burst popup,true,true,true,false,false,false,,30,15,true,false,崩れかけた古い城壁を修復するちいさな石工ロボットが、落ちてくる石ブロックを回して欠けた隙間にぴったり合わせ、横一列を埋めていく,90s 16bit,false,false,false,true,true,95,25/20/15/15/15/5,0,
,D-20092012-0042-relic-tile-dig.js,D-20092012-0042-relic-tile-dig,0,遺跡タイル発掘,伏せられた絵柄タイルを2枚ずつめくり、同じ絵柄を見つけて片付ける,タイルを1枚タップしてめくり、続けてもう1枚タップ。同じ絵柄なら消える,,226,pair_match,relic_tile_dig,pair_match,med,jp,15,,0,,4,se_coin se_failure se_milestone se_tap,,true,false,true,burst popup,true,true,true,false,false,false,,38,15,true,false,砂に埋もれた遺跡の発掘隊員が、伏せられた紋様タイルを2枚ずつめくって同じ紋様を探し当て、盤面をすべて片付ける,TOON SHADE,false,false,false,true,true,95,25/20/15/15/15/5,0,
,D-20092012-0043-bombbay-scanner.js,D-20092012-0043-bombbay-scanner,0,爆弾ベイ走査,数字の手がかりから安全なマスを推理して開き、地雷を避けて盤面を片付ける,周囲の数字ヒントを見て、地雷でないと確信できるマスをタップして開ける,,240,spot,bombbay_scanner,dodge,med,jp,12,,0,,5,se_coin se_failure se_good se_milestone se_tap,,true,false,true,popup,true,true,true,false,false,false,,27,15,true,false,無人の貨物ベイに残された地雷原を、処理班員が数字ヒントだけを頼りに1マスずつ確信を持って開き、安全な区画を片付ける,8bit PC MONITOR,false,false,false,true,true,90,25/20/10/15/15/5,0,プレイフィールド(画面中央帯)に遊びを配置する
,GH-3DS-0002-odd-blob.js,GH-3DS-0002-odd-blob,0,オッドブロブ,並んだ塊の中で、わずかに息づく1つだけを探して触る。3回外すと閉じ込められたまま終わり,静かに脈打っている1つを探してタップ,,197,spot,quiet_room,spot,med,jp,,,0,,5,se_bad se_coin se_failure se_success se_tap,bgm_cute,false,false,true,burst popup,true,true,true,false,false,false,,21,15,true,false,白い部屋に並ぶ塊。ほとんどは完全に静止しているが、1つだけかすかに息づいている。3回外すと部屋に閉じ込められる,HYPERCASUAL 3D,false,false,false,true,true,93,25/18/15/15/15/5,0,
,GH-DS-0020-pixel-paint.js,GH-DS-0020-pixel-paint,0,ピクセルペイント,数字のヒントどおりにマスを塗って絵を出す。塗り間違いは3回まで,マスをタップして塗る。行と列の数字はそのマスに塗るべき数,,232,count_exact,mono_grid,timing_one_shot,low,default,,,0,,6,se_bad se_coin se_failure se_good se_success se_tap,bgm_tense,false,false,true,burst popup,true,true,true,false,false,false,,25,15,true,false,白いドットだけの盤面。行と列の数字だけを頼りに、正しいマスを塗って絵を浮かび上がらせる,70s VECTOR,false,false,false,true,true,93,25/18/15/15/15/5,0,
,GH-DS-0030-brick-break.js,GH-DS-0030-brick-break,0,ブリックブレイク,板で玉を打ち返してブロックを崩す。玉は板の当たった位置で角度が変わる,指で板を左右にドラッグ。板の端に当てると玉が鋭く跳ねる,,205,drag_follow,block_break,timing_one_shot,low,default,,,0,,5,se_coin se_failure se_good se_success se_tap,bgm_tense,false,false,true,burst popup,true,true,true,true,false,false,,19,15,true,false,積まれたブロックに玉をぶつけて崩す。板の端で当てるほど玉は鋭く跳ね返る。落とせば終わり,PIXEL HD,false,false,false,true,true,93,25/18/15/15/15/5,0,
,GH-DS-0032-cut-line.js,GH-DS-0032-cut-line,0,カットライン,3本の導線から正しい1本を切る。手がかりはランプの点滅,点滅するランプと同じ色の導線を、その導線の向きへスワイプして切る,,241,swipe_direction,defusal_panel,slice,high,slug+jp,,,0,,4,se_coin se_failure se_success se_tap,bgm_tense,false,false,true,burst,true,true,true,false,false,false,,33,15,true,false,薄暗い制御盤。3本の導線が垂れ下がる。1つのランプだけが色を灯して点滅する。同じ色の導線をその向きへ払えば解除、違えば終わる,90s 16bit,false,false,false,true,true,90,25/18/15/12/15/5,0,走行中のマイルストーン演出(fx.popup)を入れる
,GH-PS-0040-crate-stack-height.js,GH-PS-0040-crate-stack-height,0,クレートスタッカー,埠頭のクレーンで積み荷を落とし、崩さず高く積む,左右に揺れる積み荷を、下の山の真上に来た瞬間にタップして落とす,,264,stack,harbor_crane,stack,high,slug+jp,,9,0,,6,se_coin se_failure se_milestone se_powerup se_success se_tap,,true,true,true,burst popup,true,true,true,false,false,false,,27,15,true,false,埠頭のクレーンで、目のついた木箱を船倉に積み上げる。積むほど山は細く許容範囲が狭まり、時おり突風で箱が大きく振れる,NEO-RETRO,false,false,false,true,true,95,25/20/15/15/15/5,0,
,GH-PS-0044-gate-course-guide.js,GH-PS-0044-gate-course-guide,0,ゲートコースガイド,玉を指で運び、番号順にゲートを通す。最後のゲートは開閉する,玉を指でつまみ、1→5の番号順にゲートへ通す。順番違いや罠に触れると失格,,289,guide_path,signal_relay_field,memory_sequence,med,jp,18,,0,,5,se_coin se_failure se_milestone se_success se_tap,,true,false,true,burst popup,true,true,true,true,false,false,,30,17,true,false,信号中継フィールドの制御室。散らばる中継ゲートへ、信号玉を正しい順番で送り込む,8bit PC MONITOR,false,false,false,true,true,95,25/20/15/15/15/5,0,
,GH-PS-0081-maze-trace.js,GH-PS-0081-maze-trace,0,メイズトレース,見下ろしの迷路を指でなぞって出口へ。壁に触れたら終わり,入口から出口まで、通路からはみ出さないよう指でなぞる,,221,trace,overhead_maze,trace,high,slug+jp,,,0,,4,se_coin se_failure se_success se_tap,bgm_tense,false,false,true,burst popup,true,true,true,true,false,false,,19,15,true,false,見下ろしの石造りの迷路。入口から出口まで一本の通路が曲がりくねる。通路の外は壁で、触れれば失格,NEO-RETRO,false,false,false,true,true,93,25/18/15/15/15/5,0,
,GH-PS-0105-line-clear.js,GH-PS-0105-line-clear,0,ラインクリア,同じ色を、曲がり角2回以内の線で繋いで消す,1枚目をタップ、繋がる2枚目をタップ。有効なら消える,,280,connect,cold_storage_grid,timing_one_shot,low,default,25,,0,,5,se_coin se_failure se_milestone se_success se_tap,,true,false,true,burst popup,false,true,true,false,false,false,,27,15,true,false,倉庫の棚。同じ荷札の箱を、通路を2回までしか曲がれない配送ルートで繋いで運び出す,8bit PC MONITOR,true,false,false,true,true,81,25/15/15/6/15/5,0,キャラ/モチーフを game.draw.sprite で描く; GAME OVERとNEW RECORD/BESTで結末の差を出す; 進捗バーか達成カウンタを常時表示する
,GH-PS2-0007-shape-drop-fit.js,GH-PS2-0007-shape-drop-fit,0,シェイプソーター,落ちてくる立体ブロックを、形の合う穴へドラッグして通す,落下中のブロックを左右にドラッグし、同じ形の穴の真上に合わせて通過させる,,255,gap_fit,voxel_sorter,gap_fit,low,jp-weak,,8,0,,5,se_bad se_coin se_milestone se_success se_tap,,true,false,true,burst popup,true,true,true,true,false,false,,38,15,true,false,木箱の仕分け台。上から丸・四角・三角のブロックが落ちてくる。台には同じ形の穴が並び、合わない穴に落とすと詰まる,VOXEL BLOCK,false,false,false,true,true,95,25/20/15/15/15/5,0,
,GH-PS2-0096-road-connect-link.js,GH-PS2-0096-road-connect-link,0,ロードリンク,家から街の広場まで指で道を引く。川に触れると道は流される,家の丸から街の広場までドラッグして道を引く。川(斜めの帯)を避けて自由に引いてよい,,312,connect,aerial_road_planner,dodge,med,jp,,,0,,6,se_bad se_coin se_failure se_milestone se_success se_tap,,true,false,true,burst popup,true,true,true,true,false,false,,31,15,true,false,空から見た開拓地。広場を中心に家が次々に現れる。家ごとに猶予の輪が細っていき、切れる前に道を広場までつながないと孤立する,MODE7 PSEUDO,false,false,false,true,true,95,25/20/15/15/15/5,0,
,I-3DS-0005-causeway-marble-guide.js,I-3DS-0005-causeway-marble-guide,0,コーズウェイマーブル,宙に浮く回廊の細道から落とさぬよう、玉を指で導いて奥の受け皿へ届ける,玉に指を重ねてドラッグし続け、細道からはみ出さないよう奥の受け皿まで導く,,237,guide_path,floating_causeway_marble,stack,low,jp-weak,,,0,,4,se_coin se_failure se_success se_tap,bgm_cute,false,false,true,burst popup,true,true,true,true,false,false,,21,15,true,false,霧の谷に浮かぶ石造りの回廊。転がる玉を指で支えながら、細く曲がる道を外れずに奥の受け皿まで送り届ける運搬係,MODE7 PSEUDO,false,false,false,true,true,89,21/18/15/15/15/5,0,全入力ハンドラで即時フィードバック(feedback/fx/audio)を返す
,I-3DS-0006-valve-align-turn.js,I-3DS-0006-valve-align-turn,0,バルブアライン,円を描いて指でバルブを回し、示された矢印の向きにぴったり合わせる,バルブの上で指を円を描くように動かして回転させ、示された矢印の角度に合わせて指を離す,,243,rotate_gesture,pipe_valve_alignment,rotate_gesture,med,jp,,,0,,6,se_bad se_coin se_failure se_powerup se_success se_tap,,true,false,true,burst popup,true,true,true,true,false,false,,24,15,true,false,地下水路の配管室。示された矢印の向きに合わせてバルブを回し切る整備士。合わせ損なえば水が噴き出す,8bit PC MONITOR,false,false,false,true,true,95,25/20/15/15/15/5,0,
,I-3DS-0007-wire-walk-trace.js,I-3DS-0007-wire-walk-trace,0,ワイヤーウォーク,送電線点検ドローンが高圧線をなぞって対岸の鉄塔まで進む,起点から終点まで、線からはみ出さないよう指でなぞる。進むほど許容幅が狭くなる,,231,trace,hot_wire_drone,trace,high,slug+jp,,,0,,6,se_bad se_coin se_failure se_milestone se_success se_tap,,true,false,true,burst popup,true,true,true,true,false,false,,29,15,true,false,深夜の渓谷、送電線点検ドローンがたわむ高圧線を伝って対岸の鉄塔まで進む。線を外れれば感電し墜落する,1BIT INK,false,false,false,true,true,95,25/20/15/15/15/5,0,
,I-DS-0001-circuit-walker.js,I-DS-0001-circuit-walker,0,サーキットウォーカー,基板の上を歩くゼンマイ仕掛けの豆ロボを、銅線の帯からはみ出さず指でなぞって電源端子まで導く,豆ロボの現在地から、銅線の帯の上だけを指でなぞって進める。帯を外れたら失格。電力切れ(時間切れ)も失格,,245,trace,circuit_board_robot,trace,med,jp,12,,0,,5,se_coin se_failure se_milestone se_success se_tap,,true,false,true,burst popup,true,true,true,true,false,false,,32,15,true,false,巨大な基板の上をひとりで歩くゼンマイ仕掛けの豆ロボ。足元の銅線の帯だけが歩ける道で、外れれば基板の海に落ちる。電力が切れる前に電源端子へ辿り着きたい,8bit PC MONITOR,false,false,false,true,true,95,25/20/15/15/15/5,0,
,I-DS-0010-kiln-shard-fit.js,I-DS-0010-kiln-shard-fit,0,キルンシャードフィット,2つに割れた陶片を指でつまんで動かし、継ぎ目にぴったり貼り合わせる,離れた場所にある陶片を指で押さえてドラッグし、固定された片方の継ぎ目までぴったり運んで合わせる,,216,gap_fit,kiln_repair_workshop,timing_one_shot,low,default,,,0,,6,se_coin se_failure se_good se_milestone se_success se_tap,,true,false,true,burst popup,true,true,true,true,false,false,,30,15,true,false,窯元の修復工房。職人が割れた器の陶片を指でつまみ、継ぎ目の形にぴったり合わせて次々と接ぎ直す,TOON SHADE,false,false,false,true,true,88,18/20/15/15/15/5,0,全入力ハンドラで即時フィードバック(feedback/fx/audio)を返す
,I-DS-0011-circuit-solder.js,I-DS-0011-circuit-solder,0,サーキットソルダー,基板の発光パッドを同色の相手まで指でなぞって繋ぐ,光っている発端パッドから指を離さずドラッグし、同じ色の受けパッドの上で離す,,260,connect,circuit_repair,trace,med,jp,18,,0,,6,se_bad se_coin se_failure se_milestone se_success se_tap,,true,false,true,burst popup,true,true,true,true,false,false,,37,15,true,false,深夜の基板修理工房。小さな修理ドローンが過熱寸前の基板の断線を直す。発端と受けを同色で繋ぐたび冷えていくが、繋ぎ違えると過熱する,8bit PC MONITOR,false,false,false,true,true,84,14/20/15/15/15/5,0,全入力ハンドラで即時フィードバック(feedback/fx/audio)を返す
,I-DS-0012-crate-drop-stack.js,I-DS-0012-crate-drop-stack,0,クレートドロップスタック,落ちてくる木箱を指でつまんで動かし、崩れないよう塔に積み上げる,落下中の木箱を指で押さえて左右に動かし、今積まれている塔の真上に重なるよう位置を合わせて着地させる,,215,stack,dockyard_crate_tower_stack,stack,high,slug+jp,,,0,,7,se_bad se_coin se_failure se_good se_milestone se_success se_tap,,true,false,true,burst popup,true,true,true,true,false,false,,28,15,true,false,波止場の荷捌き場。荷役係が次々落ちてくる木箱を指先で誘導し、崩さずに高い塔へ積み上げていく,90s 16bit,false,false,false,true,true,88,18/20/15/15/15/5,0,全入力ハンドラで即時フィードバック(feedback/fx/audio)を返す
,I-DS-0015-plaza-chalk-fill.js,I-DS-0015-plaza-chalk-fill,0,プラザ・チョーク・フィル,広場の石畳に描かれた輪の中を、時間内にこすって色で塗りつぶす,指を輪の中で素早く往復させてこすり、マス目を塗る。止まっていると塗った部分が色褪せていく,,239,rub,plaza_chalk_fill,rub,med,jp,11,,0,,5,se_coin se_failure se_milestone se_success se_tap,,true,false,true,burst popup,true,true,true,true,false,false,,31,15,true,false,縁日の広場でキツネの大道絵師が、閉店の鐘が鳴るまでにチョークの輪を塗りきる一発芸,2000s ARCADE POP,false,false,false,true,true,95,25/20/15/15/15/5,0,
,I-DS-0023-wire-bend-angle.js,I-DS-0023-wire-bend-angle,0,ワイヤーベンド,台に固定された針金の先端を指でつまんで倒し、示された角度に曲げて合わせる,針金の先端(丸い持ち手)を指で押さえたままドラッグすると根元を軸に倒れる。3本連続で角度マークに合わせて指を離す,,216,drag_follow,wire_bending_bench,connect,low,slug-weak,,,0,,6,se_bad se_coin se_failure se_good se_success se_tap,,true,false,true,burst popup,true,true,true,true,false,false,,22,15,true,false,街角の金属加工台。見習い職人が師匠の指す角度に合わせて、一本の針金を根元から曲げて仕上げていく,SKEUOMORPH,false,false,false,true,true,88,18/20/15/15/15/5,0,全入力ハンドラで即時フィードバック(feedback/fx/audio)を返す
,I-DS-0028-cloth-tear-line.js,I-DS-0028-cloth-tear-line,0,反物まっすぐ裂き,両手の指で布の両端をつまみ、織り目の線に沿ってまっすぐ引き裂く,左手側と右手側、それぞれの指で同時に外側へドラッグして布を左右に引き裂く,,212,coop_2zone,weaving_workshop,timing_one_shot,low,default,,,0,,7,se_break se_coin se_failure se_good se_milestone se_success se_tap,,true,false,true,burst popup,true,true,true,true,false,false,,25,15,true,false,反物を扱う織物工房。職人見習いが、織り目の線通りに布を両手で正確に引き裂いて仕分ける,1BIT INK,false,false,false,true,true,91,21/20/15/15/15/5,0,全入力ハンドラで即時フィードバック(feedback/fx/audio)を返す
,I-GBA-0007-scratch-reveal.js,I-GBA-0007-scratch-reveal,0,スクラッチリビール,銀色の膜で覆われた札を指で素早くこすり、下の絵柄を完全に露わにする,覆われた面を指で素早く往復させてこすり、削れた面積が規定量に達するまで削る,,229,rub,scratch_ticket_booth,rub,med,jp,10,,0,,6,se_bad se_coin se_failure se_milestone se_success se_tap,,true,false,true,burst popup,true,true,true,true,false,false,,24,15,true,false,縁日の富くじ屋台。削り師が銀色の膜に覆われた木札を、時間内にこすり切って下の紋様を当てる,2000s ARCADE POP,false,false,false,true,true,91,21/20/15/15/15/5,0,全入力ハンドラで即時フィードバック(feedback/fx/audio)を返す
,I-GBA-0023-star-tracer.js,I-GBA-0023-star-tracer,0,星結び観測員,見習い観測員が、夜空に浮かぶ二つの発光体を指でなぞって結び軌道図を作る,光点Aに触れたまま光点Bまで指を運んで離す,,214,connect,star_tracer,trace,med,jp,,,0,,6,se_bad se_coin se_failure se_milestone se_success se_tap,bgm_tense,false,false,true,burst popup,true,true,true,true,false,false,,20,15,true,false,夜間観測所の見習いが、望遠鏡モニターに浮かぶ二つの発光体を指でなぞって結び、軌道図を完成させていく,70s VECTOR,false,false,false,true,true,82,14/18/15/15/15/5,0,全入力ハンドラで即時フィードバック(feedback/fx/audio)を返す
,I-GBA-0024-gear-dial-align.js,I-GBA-0024-gear-dial-align,0,ギアダイヤルアライン,バラバラの向きの歯車を、円を描く指で回してお手本の向きに揃える,歯車の上で円を描くように指を動かして回転させ、目印をお手本の角度に合わせる,,230,rotate_gesture,clockmaker_gear_alignment,rotate_gesture,high,slug+jp,,,0,,7,se_bad se_coin se_failure se_good se_milestone se_success se_tap,,true,false,true,popup,true,true,true,true,false,false,,24,15,true,false,古時計店の工房で、バラバラな向きに外れた歯車を指で回してお手本の刻印と同じ向きに揃え直す時計職人,VOXEL BLOCK,false,false,false,true,true,88,18/20/15/15/15/5,0,全入力ハンドラで即時フィードバック(feedback/fx/audio)を返す
,I-GBA-0029-loose-bolt-pull.js,I-GBA-0029-loose-bolt-pull,0,ルーズボルト,ボイラー壁に並んだボルトの中から、わずかに揺れる1本だけを見抜いて引き抜く,常時かすかに揺れて光る1本だけをタップする。他のボルトに触れると即失敗,,244,spot,boiler_room_bolts,timing_one_shot,low,default,,,0,,5,se_coin se_failure se_milestone se_success se_tap,,true,true,true,burst popup,true,true,true,false,false,false,,28,15,true,false,蒸気ボイラー室の壁一面のボルト。整備ロボットが、緩んで震える1本だけを毎ラウンド見抜いて引き抜く,8bit PC MONITOR,false,false,false,true,true,95,25/20/15/15/15/5,0,
,I-GBA-0039-vault-pry-open.js,I-GBA-0039-vault-pry-open,0,ヴォルトプライオープン,閉じたままの石扉を、両手の指でそれぞれの端をつまんで時間内にこじ開ける,画面左右それぞれの端を指でつかみ、両手同時に外側へ引っぱって扉をこじ開ける,,212,coop_2zone,block_vault_door,timing_one_shot,low,default,17,,0,,5,se_coin se_failure se_milestone se_success se_tap,,true,false,true,burst popup,true,true,true,true,false,false,,26,15,true,false,ブロック積みの地下遺跡。固く閉じた扉を、両手で左右の端をつかみ同時に引いてこじ開ける探検者,VOXEL BLOCK,false,false,false,true,true,95,25/20/15/15/15/5,0,
,I-GBA-0040-sticker-exact-stick.js,I-GBA-0040-sticker-exact-stick,0,ステッカーエグザクトスティック,指でつまんだシールを、決まった枠の位置にぴったり貼り付ける,シールを指で押さえてドラッグし、点線の枠まで運んで指を離して貼る,,237,gap_fit,sticker_album_fit,timing_one_shot,low,default,,,0,,7,se_bad se_coin se_failure se_good se_milestone se_success se_tap,,true,false,true,burst popup,true,true,true,true,false,false,,27,15,true,false,手のひらサイズのシール帳。台紙から剥がしたシールを、点線で示された枠にぴったり合わせて貼っていく几帳面な作業,2000s HANDHELD PASTEL,false,false,false,true,true,88,18/20/15/15/15/5,0,全入力ハンドラで即時フィードバック(feedback/fx/audio)を返す
,I-GBA-0042-parcel-rank-sort.js,I-GBA-0042-parcel-rank-sort,0,パーセルランクソート,深夜の無人仕分け場で、バラバラに積まれた小包を大きさ順にスロットへ振り分ける,小包をつまんで、対応する大きさのスロットまでドラッグして放す,,301,drag_sort,midnight_parcel_depot,memory_sequence,med,jp,20,,0,,5,se_coin se_failure se_milestone se_success se_tap,,true,false,true,burst popup,true,true,true,true,false,false,,27,15,true,false,深夜稼働の無人仕分け場。ロボットの仕分け係が、山積みの小包を大きさの順にベルトのスロットへ収めていく,NEO-RETRO,false,false,false,true,true,88,18/20/15/15/15/5,0,全入力ハンドラで即時フィードバック(feedback/fx/audio)を返す
,I-GBA-0054-neon-dial-align.js,I-GBA-0054-neon-dial-align,0,ネオンダイヤルアライン,指で円を描くようにダイヤルを回し、示された向きにぴったり合わせる,ダイヤル中心の周りを指でなぞって回し、光る目標マークの向きに針を合わせて少し保つ,,227,rotate_gesture,neon_vault_dial,trace,med,jp,,,0,,7,se_bad se_coin se_failure se_good se_milestone se_success se_tap,,true,false,true,burst popup,true,true,true,true,false,false,,24,15,true,false,夜の金庫室に浮かぶ発光ダイヤル。円を描く指の動きで針を回し、示された向きにぴったり合わせて解錠していく錠前師,80s NEON,false,false,false,true,true,91,21/20/15/15/15/5,0,全入力ハンドラで即時フィードバック(feedback/fx/audio)を返す
,I-GBA-0056-marble-tray-maze.js,I-GBA-0056-marble-tray-maze,0,マーブルトレイ,木彫りの溝の中で玉を指でなぞり転がし、ゴールの穴まで届かせる,玉に触れたまま溝からはみ出さないよう指でなぞって進める,,230,guide_path,marble_tray_maze,trace,med,jp,,,0,,5,se_coin se_failure se_milestone se_success se_tap,,true,false,true,burst popup,true,true,true,true,false,false,,26,15,true,false,職人が彫った木製トレイ。彫られた一本溝の中を鉄球が転がり、入口の穴からゴールの穴まで導く,SKEUOMORPH,false,false,false,true,true,95,25/20/15/15/15/5,0,
,I-GBA-0066-tray-tilt-drop.js,I-GBA-0066-tray-tilt-drop,0,トレイティルトドロップ,傾くトレイを指でずらし、玉を通路の外に落とさず的穴まで導く,画面を押さえてそのままドラッグし、玉の左右位置をずらして通路の中に保つ。手を離すと玉は中央に戻ろうとする,,239,guide_path,workshop_marble_chute,drop_timing,low,slug-weak,,,0,,5,se_coin se_failure se_milestone se_success se_tap,,true,false,true,burst popup,true,true,true,true,false,false,,34,15,true,false,木工房の作業台に組まれた長い樋。職人が玉受けトレイを傾けて玉を転がし、奥の的穴まで一直線に落とす,80s ISO,false,false,false,true,true,87,21/20/15/11/15/5,0,全入力ハンドラで即時フィードバック(feedback/fx/audio)を返す; 進捗バーか達成カウンタを常時表示する
,I-Switch-0009-corridor-flip-hopper.js,I-Switch-0009-corridor-flip-hopper,0,コリドー・フリップ・ホッパー,左右の壁からせり出す針を見て、閉まる直前の窓の間にタップして跳ね返る方向を反転する,画面をタップするたびに、跳ねている機械仕掛けの相棒が反転して逆向きに跳ねる。針が出る壁に向かう前にタップする,,228,timing_window,mechanical_corridor_hopper,timing_window,low,jp-weak,,,0,,6,se_bad se_coin se_failure se_good se_success se_tap,,true,false,true,burst popup,true,true,true,false,false,false,,35,15,true,false,歯車仕掛けの細い通路を跳ね回るぜんまい仕掛けの相棒。左右の壁からせり出す針を見切り、タップで跳ねる向きを反転してかわす,TOON SHADE,false,false,false,true,true,95,25/20/15/15/15/5,0,
,I-Switch2-0008-twin-pendulum-stop.js,I-Switch2-0008-twin-pendulum-stop,0,ツインペンデュラムストップ,時計職人見習いが、左右の大時計の振り子を合図でぴたりと同時に止める,振り子が中央(最下点)に来る少し前から指を置いて押し続け、中央で離して止める,,221,hold_duration,clockmaker_apprentice_pendulum,hold_charge,low,jp-weak,,,0,,7,se_bad se_coin se_failure se_good se_powerup se_success se_tap,,true,true,true,burst popup,true,true,true,true,false,false,,27,15,true,false,古い時計塔の工房。師匠に代わり左右の大時計を任された見習いが、振り子を狙った瞬間にぴたり止める試験,90s PRE-RENDER,false,false,false,true,true,95,25/20/15/15/15/5,0,
,I-Wii-0006-fuse-cord-trace.js,I-Wii-0006-fuse-cord-trace,0,ヒューズコードトレース,基板に這う導線を先端から終端まで、外れないよう指でなぞる,導線の始点から、そのまま指で導線の上をなぞって終点まで届かせる。線から外れたら失敗,,220,trace,circuit_fuse_bench,trace,high,slug+jp,,,0,,5,se_bench se_coin se_failure se_success se_tap,,true,false,true,burst popup,true,true,true,true,false,false,,24,15,true,false,解体待ちの旧型制御盤。整備士が焼けかけた導線をたどり、切れる前に終端の端子まで指でつないで安全を確かめる,8bit PC MONITOR,false,false,false,true,true,95,25/20/15/15/15/5,0,
,I-Wii-0012-windchime-gust-tuner.js,I-Wii-0012-windchime-gust-tuner,0,ウィンドチャイム・ガストチューナー,葉が揺れた側から風が来た瞬間、その方向へ払って鳴らす,揺れる葉で予告された側(左/右)へ、風が吹いた瞬間に画面をその方向へスワイプする,,215,swipe_direction,rooftop_windchime_tuning,swipe_direction,med,jp,,,0,,7,se_bad se_coin se_failure se_good se_milestone se_success se_tap,,true,false,true,burst popup,true,true,true,false,false,false,,31,15,true,false,屋根の上の風鈴調律士キャラクター。葉の揺れで予告された側から風が来た瞬間、その方向へ払って澄んだ音を鳴らす,NEO-RETRO,false,false,false,true,true,88,18/20/15/15/15/5,0,全入力ハンドラで即時フィードバック(feedback/fx/audio)を返す
,I-Wii-0019-astrolabe-angle-dial.js,I-Wii-0019-astrolabe-angle-dial,0,アストロラーベ・アングル,岬の灯台守が古い天測儀のリングを回し、示された星の角度に合わせる,中心のリングを指で円を描くようにドラッグして回し、外周に光る目標角度に合わせて止める,,236,rotate_gesture,lighthouse_star_dial,rotate_gesture,high,slug+jp,,4,0,,7,se_bad se_coin se_failure se_good se_star_dial se_success se_tap,,true,true,true,burst popup,true,true,true,true,false,false,,26,15,true,false,岬の灯台守が、夜ごと古い真鍮の天測儀リングを回し、示された星の角度に合わせて船の進路を導く,SKEUOMORPH,false,false,false,true,true,95,25/20/15/15/15/5,0,
,K-DS-0027-clock-peekaboo.js,K-DS-0027-clock-peekaboo,0,クロックピーカブー,針が印を指した瞬間だけ顔を出す,円を回る針が頭上の印を指した瞬間にタップして顔を出す。ずれると引っ込んだまま,,198,timing_one_shot,clock_peekaboo,timing_one_shot,low,default,,,0,,6,se_bad se_coin se_failure se_good se_success se_tap,,true,false,true,burst popup,true,true,true,false,false,false,,29,15,true,false,独自デザインの時計塔にひそむ小さな生き物。文字盤を回る針が窓の印を指した瞬間だけ、顔を出して挨拶する,2000s HANDHELD PASTEL,false,false,false,true,true,95,25/20/15/15/15/5,0,
,K-GBA-0011-cue-stroke-line.js,K-GBA-0011-cue-stroke-line,0,キューストローク,合図の太鼓に合わせて筆を一気に引き、まっすぐな線を書き切る,太鼓が鳴るまでは触れずに待ち、鳴った瞬間に始点から終点まで一気に指をまっすぐ引く,,223,slice,ink_dojo_stroke,freeze,med,jp,,,0,,6,se_bad se_coin se_failure se_good se_success se_tap,,true,false,true,burst popup,true,true,true,true,false,false,,45,15,true,false,墨一色の書道道場。太鼓の合図ぴったりに筆を構え、一気に一本の線を引き切る一発勝負,1BIT INK,false,false,false,true,true,88,18/20/15/15/15/5,0,全入力ハンドラで即時フィードバック(feedback/fx/audio)を返す
,D-20092012-0015-shadow-charade-flash.js,D-20092012-0015-shadow-charade-flash,0,シャドウチャレード,スポットライトに浮かぶお題の輪郭を時間内になぞりきり、観客のシルエットに閃かせる,光る点線の輪郭を指でなぞる。線から離れすぎず、制限時間内になぞりきる,,250,trace,silhouette_charade_stage,trace,med,jp,10,,0,,6,se_bad se_coin se_failure se_milestone se_success se_tap,,true,false,true,burst popup,true,true,true,true,false,false,,24,15,true,false,幕の下りたステージ裏。演者が布の上に浮かぶお題の輪郭を指でなぞって完成させ、客席のシルエットに一瞬で伝える一発芸,1BIT INK,false,false,false,true,true,95,25/20/15/15/15/5,0,
,D-20092012-0033-glowvine-word-link.js,D-20092012-0033-glowvine-word-link,0,グロウバイン・ワードリンク,発光する葉のタイルを指でなぞってつなぎ、隠れた単語を光らせて咲かせる,隣り合う葉タイルを指でなぞってつなぎ、単語を完成させて離す,,277,connect,glowing_word_garden,trace,med,jp,18,,0,,5,se_coin se_failure se_milestone se_success se_tap,,true,false,true,burst popup,true,true,true,true,false,false,,33,15,true,false,夜光る蔓草の庭。葉のタイルに眠る単語を指でつなぎ合わせて咲かせ、庭全体を光らせる庭師の仕事,2010s FLAT MOBILE,false,false,false,true,true,95,25/20/15/15/15/5,0,
,D-20092012-0041-lockdial-deduction.js,D-20092012-0041-lockdial-deduction,0,ロックダイヤル推理,数字盤の空欄マスを、縦横の並びから推理して正しい数字を選ぶ,盤面を見て空欄に入る数字を、下の4択ボタンからタップして選ぶ,,255,judge,lockdial_deduction,timing_one_shot,low,default,13,,0,,5,se_coin se_failure se_good se_milestone se_tap,,true,false,true,burst popup,true,true,true,false,false,false,,27,15,true,false,古い金庫の錠前師が、4×4の数字盤に空いた一マスを縦横の並びから推理し、正しい数字を選んで解錠していく,1BIT INK,false,false,false,true,true,95,25/20/15/15/15/5,0,
,GH-DS-0002-chalk-math.js,GH-DS-0002-chalk-math,0,チョークマス,黒板の計算問題を、消される前に答える。3問間違えると放課後,答えの数字を消される前にタップ,,205,reaction_duel,chalkboard,timing_one_shot,low,default,,,0,,5,se_bad se_coin se_failure se_success se_tap,bgm_cute,false,false,true,burst popup,true,true,true,false,false,false,,20,15,true,false,黒板に問題が書かれ、チョークの粉が消していく。消える前に正しい数字を選べば次の問題へ,70s MONO,false,false,false,true,true,93,25/18/15/15/15/5,0,
,GH-DS-0003-flash-count-recall.js,GH-DS-0003-flash-count-recall,0,フラッシュ・カウント・リコール,一瞬散らばる金の星だけを数えて、数字ボタンで答える,金と銀の星が一瞬散らばる。金の星の数だけを数え、消えたあとに並ぶ数字ボタンをタップして答える,,250,counting,giant_quizmaster_flash,counting,high,slug+jp,,3,0,,6,se_bad se_coin se_failure se_milestone se_success se_tap,,true,false,true,burst popup,true,true,true,false,false,false,,44,15,true,false,巨大な司会者が仕切るクイズ番組。一瞬のフラッシュで散らばる金の星だけを数え、銀の星には惑わされない,90s BIG SPRITE,false,false,false,true,true,95,25/20/15/15/15/5,0,
,GH-DS-0044-flash-order.js,GH-DS-0044-flash-order,0,フラッシュオーダー,一瞬光った場所を順に押す。目の速さだけで勝負,4つのランプが光った順番を覚えて、同じ順にタップ,,183,memory_sequence,lamp_panel,memory_sequence,med,jp,,,0,,6,se_bad se_coin se_failure se_good se_success se_tap,bgm_cute,false,true,true,burst popup,true,true,true,false,false,false,,33,15,true,false,木目のパネルに4つの光沢ボタン。光った順を覚えて、同じ順に押し返す,SKEUOMORPH,false,false,false,true,true,93,25/18/15/15/15/5,0,
,GH-PS-0111-first-note.js,GH-PS-0111-first-note,0,ファーストノート,曲が流れた瞬間に押す。早いほど高得点,5曲を聴き分ける。曲名が分かった瞬間にタップ,,223,reaction_duel,sign_lounge,timing_one_shot,low,default,,,0,,5,se_coin se_failure se_milestone se_success se_tap,bgm_cute,false,true,true,burst popup,true,true,true,false,false,false,,50,15,true,false,サイン一つで進行するラウンジ。曲は流れ続け、分かった瞬間に手を挙げれば点が入る。遅いほど点は落ちる,2010s FLAT MOBILE,false,false,false,true,true,93,25/18/15/15/15/5,0,
,GH-PS2-0104-stroke-trace-write.js,GH-PS2-0104-stroke-trace-write,0,ストロークトレース,光る手本の線を一画ずつなぞって呪符を完成させる,光る手本の線から指を離さず、はみ出さないようになぞる。1画終えたら次の画へ自動で進む,,260,trace,apprentice_seal_room,trace,high,slug+jp,,,0,,6,se_bad se_coin se_failure se_milestone se_success se_tap,,true,false,true,burst popup,true,true,true,true,false,false,,35,15,true,false,薄暗い道場の奥、見習い術者が机に置かれた呪符を仕上げる。手本の光る線をなぞるほど呪符の紋様が完成に近づくが、線を外れると墨が滲んで最初からになる,8bit HANDHELD,false,false,false,true,true,95,25/20/15/15/15/5,0,
,GH-PS2-0126-flash-pair-match.js,GH-PS2-0126-flash-pair-match,0,フラッシュペア,一瞬だけ見えた6枚の絵を覚えて、同じ絵の対を当てていく,開始直後に全部の絵が一瞬光って伏せられる。覚えた場所を2枚ずつタップして対を揃える,,246,pair_match,conjurer_card_table,pair_match,high,slug+jp,16,,0,,5,se_bad se_coin se_failure se_success se_tap,,true,false,true,burst popup,true,true,true,false,false,false,,34,15,true,false,奇術師の卓上。6枚の札が一瞬だけ絵を見せて伏せる。同じ絵の2枚を記憶だけで当て続ける,8bit HOME,false,false,false,true,true,95,25/20/15/15/15/5,0,
,GH-PS2-0156-echo-sequence-recall.js,GH-PS2-0156-echo-sequence-recall,0,エコーシーケンス,祠の4つの燭台が光った順を覚え、同じ順になぞって再現する。波を追うごとに列が伸びる,光った順番を覚えて、同じ順に燭台をタップする。1ヶ所でも順を外すと終わり,,222,memory_sequence,shrine_candle_echo,memory_sequence,high,slug+jp,,,0,,7,se_bad se_coin se_failure se_good se_milestone se_success se_tap,,true,true,true,burst popup,true,true,true,false,false,false,,37,15,true,false,石造りの祠に並ぶ4つの燭台。灯る順が波ごとに長くなっていく。灯った順そのままになぞり返す,2000s ARCADE POP,false,false,false,true,true,95,25/20/15/15/15/5,0,
,GH-PSP-0003-card-compare-judge.js,GH-PSP-0003-card-compare-judge,0,カードジャッジ,2枚の数字札から強い方を瞬時にタップ。冠つきの1だけは別格の最強札,左右どちらかの札をタップ。数字は大きい方が勝ちだが、冠のついた1の札だけはどんな数字にも勝つ,,234,size_judge,card_duel_table,size_judge,med,jp,,5,0,,6,se_bad se_coin se_good se_milestone se_success se_tap,,true,true,true,burst popup,true,true,true,false,false,false,,35,15,true,false,灯りの落ちた賭け卓。めくられた2枚の札のうち強い方を瞬時に見抜く。数字は大きいほど強いが、冠のついた1の札だけはどんな大きな数字にも勝つ下克上の一枚,PIXEL HD,false,false,false,true,true,95,25/20/15/15/15/5,0,
,I-3DS-0014-quickfire-booth-judge.js,I-3DS-0014-quickfire-booth-judge,0,クイックブース,縁日の早押しブース係が、次々出る形の的を正しいゾーンに瞬時に振り分ける,中央に出た形と同じ形のゾーン(下段3つ)を素早くタップする。制限時間は徐々に短くなる,,235,judge,carnival_quickfire_booth,swipe_direction,med,jp,,,0,,7,se_bad se_coin se_failure se_good se_milestone se_success se_tap,,true,false,true,popup,true,true,true,false,false,false,,33,15,true,false,縁日の的当てブース、案内係が次々飛んでくる的の形を見極め、同じ形のゾーンへ瞬時に投げ分ける,TOON SHADE,false,false,false,true,true,95,25/20/15/15/15/5,0,
,I-DS-0003-lantern-flash-tap.js,I-DS-0003-lantern-flash-tap,0,ランタン・フラッシュ,夜店の提灯が灯った一瞬だけを指で叩く反射神経の出店,提灯が消えている間は触らない。パッと灯った瞬間だけ画面をタップする。早すぎても遅すぎても失格,,199,reaction_duel,night_stall_lantern_booth,freeze,med,jp,,,0,,6,se_bad se_coin se_failure se_good se_success se_tap,,true,false,true,burst popup,true,true,true,false,false,false,,48,15,true,false,夜店の片隅、覆面の店主が吊るす提灯の出店。提灯がパッと灯る一瞬だけが当たりで、客はその瞬間だけを狙って叩く,1BIT INK,false,false,false,true,true,95,25/20/15/15/15/5,0,
,I-DS-0008-glow-glyph-race-trace.js,I-DS-0008-glow-glyph-race-trace,0,グロウグリフレーストレース,光る手本の文字を、乾く前に指でなぞって書き切る,光る手本の線の上を指でなぞって進む。線は奥に進むほど細くなり、下から追いかけてくる乾燥ラインに追いつかれる前に書き切る,,239,trace,exam_booth_glyph_race,trace,high,slug+jp,,,0,,5,se_coin se_failure se_milestone se_success se_tap,,true,false,true,burst popup,true,true,true,true,false,false,,28,15,true,false,試験場の書写台。受験者が光る手本の文字をなぞって覚え書きを仕上げるが、墨は乾くのが早く、なぞる線は先に行くほど細く難しくなる,2000s HANDHELD PASTEL,false,false,false,true,true,95,25/20/15/15/15/5,0,
,I-DS-0016-chalkboard-erase.js,I-DS-0016-chalkboard-erase,0,チョークボード・ワイプ,放課後の黒板に残った落書きを、左右のイレイザーを交互に叩いて消す,黒板下の左右イレイザーを交互にタップする。同じ側を連打しても消えない,,244,alternate_tap,afterschool_chalkboard_erase,mash,med,jp,10,,0,,7,se_bad se_coin se_failure se_good se_milestone se_success se_tap,,true,false,true,burst popup,true,true,true,false,false,false,,29,15,true,false,放課後の教室、フクロウの用務員が下校ベルまでに黒板いっぱいの落書きを消し去る,8bit PC MONITOR,false,false,false,true,true,95,25/20/15/15/15/5,0,
,I-GBA-0003-lantern-flame.js,I-GBA-0003-lantern-flame,0,ランタンフレイム,夜市に並ぶ3つの提灯から、本物の炎が灯る1つを見分けて選ぶ,3つの提灯のうち、揺れ方が本物の炎らしい1つをタップして選ぶ。偽物を選ぶと失敗,,201,judge,night_market_lantern,timing_one_shot,low,default,,,0,,7,se_bad se_coin se_failure se_good se_milestone se_success se_tap,,true,false,true,burst popup,true,true,true,false,false,false,,25,15,true,false,夜の縁日の屋台。3つ並んだ提灯のうち2つは偽の明かり、1つだけ本物の炎が揺れている。鑑定人がそれを見抜き続ける,2000s HANDHELD PASTEL,false,false,false,true,true,95,25/20/15/15/15/5,0,
,I-GBA-0044-gem-spot-stall.js,I-GBA-0044-gem-spot-stall,0,ジェムスポットスタール,瓜二つに並んだ宝石を見比べ、本物だけに光る小さな煌めきを見抜く,左右2つの宝石のうち、本物(かすかな煌めき付き)をタップする,,195,judge,gem_appraisal_stall,spot,med,slug,,,0,,5,se_coin se_failure se_milestone se_success se_tap,,true,false,true,popup,true,true,true,false,false,false,,46,15,true,false,路地裏の宝石鑑定スタール。鑑定士見習いが、瓜二つの2石から本物だけをその場で見抜いて仕分ける,2000s HANDHELD PASTEL,false,false,false,true,true,95,25/20/15/15/15/5,0,
,I-Switch-0013-rescue-dispatch-call.js,I-Switch-0013-rescue-dispatch-call,0,レスキュー・ディスパッチ・コール,出動要請のアイコンを見て、山・海・空のどの救助隊員を送るべきか瞬時に選んでタップする,上に出る要請アイコン(山/波/雲)を見て、対応する隊員が立つ左/中/右のゾーンをタップする,,225,judge,rescue_dispatch_center,judge,low,jp-weak,,,0,,7,se_bad se_coin se_failure se_good se_milestone se_success se_tap,bgm_tense,false,false,true,burst popup,true,true,true,true,false,false,,29,15,true,false,山・海・空をまとめて担当する救助指令所。届いた要請アイコンを見て、登山隊・潜水隊・飛行隊のうち正しい1隊をその場で選んで出動させる,1BIT INK,false,false,false,true,true,86,18/18/15/15/15/5,0,全入力ハンドラで即時フィードバック(feedback/fx/audio)を返す
,I-Switch2-0009-shadow-mimic-dance.js,I-Switch2-0009-shadow-mimic-dance,0,シャドウミミック,灯りの下で踊る相方の影を見て、同じ順に体の位置(頭・両手・足)をタップして真似る,相方が光った部位の順番を覚え、消灯後に同じ順で自分の影の対応する部位をタップする,,215,memory_sequence,shadow_puppet_mirror_dance,memory_sequence,med,jp,,,0,,7,se_bad se_coin se_failure se_good se_milestone se_success se_tap,,true,false,true,popup,true,true,true,false,false,false,,39,15,true,false,提灯明かりの見世物小屋。壁に映る相方の影絵が体の部位を順に光らせて踊り、それを見た者が同じ順で自分の影を真似る芸,1BIT INK,false,false,false,true,true,95,25/20/15/15/15/5,0,
,K-DS-0032-one-on-one-nod.js,K-DS-0032-one-on-one-nod,0,ワンオンワンノッド,対話相手のひと言が終わった直後の合図にだけ頷く,相手が話し終え、ふきだしが弾けた瞬間だけタップして頷く。話している最中や早すぎるタップは失敗,,185,cooldown_tap,one_on_one_nod_exchange,reaction_duel,low,jp-weak,,,0,,6,se_bad se_coin se_failure se_good se_success se_tap,bgm_cute,false,false,true,burst popup,true,true,true,false,false,false,,41,15,true,false,独自デザインの聞き手が、対座する相手の話に相槌を打つ一対一の対話。話の切れ目でだけ頷くのが礼儀,1BIT INK,false,false,false,true,true,93,25/18/15/15/15/5,0,
,K-DS-0035-mixed-cue-response.js,K-DS-0035-mixed-cue-response,0,ミックスキュー・レスポンス,3種の合図が入り混じって出題され、その都度正しいゾーンを正確なタイミングで押す,中央に現れる合図の色/形に対応する下部3ゾーン(左・中央・右)を、点灯している間にタップする,,202,judge,mixed_cue_response,reaction_duel,low,jp-weak,,,0,,6,se_bad se_coin se_failure se_good se_success se_tap,bgm_tense,false,false,true,burst popup,true,true,true,false,false,false,,23,15,true,false,独自デザインの試験官の前に座る受験者。入り混じって出る3種の合図それぞれに、正しい手元ゾーンで即応する適性検査,HD POST 3D,false,false,false,true,true,93,25/18/15/15/15/5,0,
,K-GBA-0015-quiz-buzzer-rise.js,K-GBA-0015-quiz-buzzer-rise,0,クイズ挙手ライズ,出題ランプが光った瞬間に合わせて素早く手を挙げる,出題ランプが光るまで待ち、光った瞬間にタップして手を挙げる(光る前に挙げると失格),,208,reaction_duel,quiz_podium_buzzer,judge,low,slug-weak,,,0,,7,se_bad se_coin se_failure se_good se_milestone se_success se_tap,bgm_tense,false,false,true,burst popup,true,true,true,false,false,false,,36,15,true,false,早押しクイズの舞台。出題ランプが光った合図だけを頼りに、誰よりも早く手を挙げる解答者,2000s ARCADE POP,false,false,false,true,true,93,25/18/15/15/15/5,0,
,K-GBA-0020-harbor-signal-judge.js,K-GBA-0020-harbor-signal-judge,0,灯台信号ジャッジ,汽笛/鐘/灯りの3種の合図を見分け、対応するレバーを正しく引く,出た合図の種類(汽笛=左/鐘=中央/灯り=右)を見分けて、対応するレバーをすぐタップする,,231,judge,lighthouse_signal_watch,reaction_duel,high,slug+jp,,6,0,,9,se_bad se_coin se_failure se_good se_jump se_powerup se_signal_watch se_success se_tap,bgm_tense,false,false,true,burst popup,true,true,true,false,false,false,,40,15,true,false,港を見守る灯台の信号室。汽笛・鐘・灯りの3種の合図を瞬時に見分け、対応するレバーを引く見張り番,MODERN AD-GAME,false,false,false,true,true,93,25/18/15/15/15/5,0,
,D-20092012-0019-canyon-grip-circuit.js,D-20092012-0019-canyon-grip-circuit,0,キャニオン・グリップサーキット,疑似3Dで流れる峡谷コースを、ドラッグ操舵とブレーキタップでコーナーを攻める,進行方向へ指をドラッグしてハンドルを切り、コーナー手前で画面下を短くタップしてブレーキをかける,,249,guide_path,canyon_grip_circuit,timing_one_shot,low,default,,,0,,7,se_bad se_coin se_failure se_good se_milestone se_success se_tap,,true,false,true,popup,true,true,true,true,false,false,,25,15,true,false,岩壁に挟まれた峡谷の一本道サーキット。疑似3Dで流れる路面を、ハンドル操作とブレーキでコーナーごとに攻め抜くタイムアタック,MODE7 PSEUDO,false,false,false,true,true,95,25/20/15/15/15/5,0,
,D-20092012-0020-drift-relay.js,D-20092012-0020-drift-relay,0,ドリフトリレー,夜間の高架道を疾走する配送ドローン便が、連続カーブを片流れの重心操作で駆け抜ける,カーブの引っ張られる側と逆の親指ゾーンを繰り返しタップして重心を戻し続ける,,246,balance,elevated_night_courier,balance,low,jp-weak,,,0,,6,se_bad se_coin se_failure se_milestone se_success se_tap,,true,false,true,popup shake,true,true,true,false,false,false,,38,15,true,false,夜の高架配送路。荷物ドローン便のパイロットが、連続するカーブで機体の傾きを保ちながら終点まで走り抜ける,MODE7 PSEUDO,false,false,false,true,true,95,25/20/15/15/15/5,0,
,GH-DS-0014-tree-launch.js,GH-DS-0014-tree-launch,0,ツリーランチ,スタートの合図でクラッチを繋ぐ。早いとフライング、遅いと負け,ランプが全部消えて緑になった瞬間にタップ,,192,timing_one_shot,night_strip,reaction_duel,low,jp-weak,,,0,,4,se_coin se_failure se_success se_tap,bgm_tense,false,true,true,burst popup,true,true,true,false,false,false,,44,15,true,false,夜のドラッグ発進ライン。ランプが順に灯り、消えた瞬間が合図。早く押せばフライング、遅ければ相手に出し抜かれる,NEO-RETRO,false,false,false,true,true,93,25/18/15/15/15/5,0,
,GH-PS-0104-redline.js,GH-PS-0104-redline,0,レッドライン,400m。回転計の緑帯でギアを上げる。早いと失速、遅いとオーバーレブ,合図でタップして発進、以後は回転計が緑帯に入った瞬間にタップしてシフトアップ(4回),,279,timing_one_shot,night_strip,reaction_duel,low,jp-weak,,,0,,5,se_break se_coin se_jump se_success se_tap,,true,false,true,burst popup,true,true,true,false,false,false,,63,15,true,false,深夜の直線。回転計の針だけを見る。緑帯を過ぎれば針が赤に張り付いて伸びない,2000s BILLBOARD 3D,true,false,false,true,true,90,25/20/15/10/15/5,0,GAME OVERとNEW RECORD/BESTで結末の差を出す
,GH-PS2-0039-street-escape-run.js,GH-PS2-0039-street-escape-run,0,ストリートエスケープ,影に追われながら路地を走り抜ける横スクロール逃走劇,上スワイプでジャンプ、下スワイプでスライディング。障害物の高さに合わせて使い分ける,,263,camera_run,alley_chase,camera_run,high,slug+jp,18,,0,,7,se_bad se_coin se_failure se_jump se_milestone se_success se_tap,,true,false,true,flash popup,true,true,true,false,false,false,,54,15,true,false,夜の裏路地。追ってくる巨大な影から、低い樽は跳んで越え、頭上のパイプは滑って潜り抜けて逃げ切る,70s MONO,false,false,false,true,true,95,25/20/15/15/15/5,0,
,GH-PS2-0052-buggy-landing.js,GH-PS2-0052-buggy-landing,0,バギーランディング,凸凹の道を跳ねる。着地の向きを合わせる,空中で回る針が水平(まん中)に来た瞬間にタップして着地の姿勢を合わせる,,192,timing_window,dune_jump,timing_one_shot,low,jp-weak,,,0,,5,se_bad se_coin se_failure se_success se_tap,bgm_tense,false,false,true,burst popup,true,true,true,false,false,false,,21,15,true,false,暗い砂丘のコース。段差を跳ぶたび、機体が空中で回転する。針がまん中(水平)に来た瞬間だけ着地を合わせられる,90s PRE-RENDER,false,false,false,true,true,93,25/18/15/15/15/5,0,
,GH-PS2-0054-bike-jack.js,GH-PS2-0054-bike-jack,0,バイクジャック,走っている相手に飛び乗る瞬間を合わせる,バイクが横に並んだ瞬間にタップして飛び乗る,,160,timing_one_shot,highway_chase,timing_one_shot,low,default,,,0,,4,se_coin se_failure se_success se_tap,bgm_tense,false,false,true,burst popup,true,true,true,false,false,false,,21,15,true,false,斜め見下ろしの道路。相手のバイクが横に並ぶ一瞬だけ飛び移れる。ずれれば道に落ちる,80s ISO,false,false,false,true,true,93,25/18/15/15/15/5,0,
,I-3DS-0002-paddle-mash-sprint.js,I-3DS-0002-paddle-mash-sprint,0,パドル・マッシュ・スプリント,川下りの小舟をできるだけ速く連打で漕ぎ、制限時間内にゴールへ,制限時間内にできるだけ多くタップして舟を漕ぎ進める,,176,mash,river_paddle_race,mash,high,slug+jp,9.5,,0,,6,se_bad se_coin se_failure se_milestone se_success se_tap,bgm_tense,false,false,true,burst popup,true,true,true,false,false,false,,20,15,true,false,渓流の川下りレースで、漕ぎ手が制限時間内にできるだけ多く櫂を漕ぎ、ライバル舟より先にゴールへ滑り込む,8bit HANDHELD,false,false,false,true,true,93,25/18/15/15/15/5,0,
,I-GBA-0004-sled-dash.js,I-GBA-0004-sled-dash,0,スレッドダッシュ,雪山の坂道を、左右の足で交互に雪面を蹴って滑走し、制限時間内にゴールへ,左右の親指ゾーンを交互にタップして加速する。片側連打だけでは伸びない,,177,alternate_tap,snow_slope_sled,mash,med,jp,12,,0,,7,se_bad se_coin se_failure se_jump se_milestone se_success se_tap,,true,false,true,popup,true,true,true,false,false,false,,25,15,true,false,雪深い山の斜面。橇乗りが左右の雪面を交互に蹴って加速し、麓のゴール旗を目指す,90s BIG SPRITE,false,false,false,true,true,95,25/20/15/15/15/5,0,
,I-GBA-0064-sled-boulder-dodge.js,I-GBA-0064-sled-boulder-dodge,0,雪原ソリ回避,ハンドルのように左右を傾け、迫る岩塊をかわしながら滑り降りる,岩が来る側と逆をホールド移動して橇を寄せ、正面衝突を避ける,,216,dodge,sled_boulder_dodge,dodge,high,slug+jp,,,0,,6,se_coin se_failure se_good se_milestone se_success se_tap,,true,false,true,burst popup,true,true,true,false,false,true,,26,15,true,false,雪山の斜面を一気に滑り降りる木製ソリ乗り。正面から迫る雪玉状の岩塊を、ハンドルを切ってかわす,VOXEL BLOCK,false,false,false,true,true,95,25/20/15/15/15/5,0,
,I-Switch-0006-sled-launch-charge.js,I-Switch-0006-sled-launch-charge,0,スレッジ・ランチ・チャージ,雪山のロケットそりを押し続けて力を溜め、着地台の枠内で離して発射する,画面を押し続けるとパワーゲージが溜まる。狙いの枠内で指を離して発射する,,216,hold_charge,snow_rocket_sled,hold_charge,high,slug+jp,,,0,,7,se_coin se_failure se_jump se_milestone se_powerup se_success se_tap,,true,false,true,burst popup,true,true,true,true,false,false,,25,15,true,false,雪原を滑るロケットそり乗りのペンギン。谷を挟んだ対岸の着地台めがけ、溜めた勢いで一気に飛び出す,80s ISO,false,false,false,true,true,91,25/20/15/11/15/5,0,進捗バーか達成カウンタを常時表示する
,I-Switch2-0005-signal-flag-duel.js,I-Switch2-0005-signal-flag-duel,0,シグナルフラッグデュエル,片手に持った信号灯が光った瞬間だけ素早く押し込む反射勝負,灯りが「光った瞬間」だけタップする。光る前や消えてからのタップは失格,,199,reaction_duel,night_watch_signal_relay,reaction_duel,med,slug,,,0,,6,se_bad se_coin se_failure se_good se_success se_tap,,true,false,true,burst popup,true,true,true,false,false,false,,26,15,true,false,夜の岬に立つ見習い信号手。対岸の相方と交わす合図灯が瞬いた瞬間だけ手元の灯りを押し返す速さ勝負,NEO-RETRO,false,false,false,true,true,95,25/20/15/15/15/5,0,
,K-DS-0059-false-start-dash.js,K-DS-0059-false-start-dash,0,助走突進ゲート,フェイントの合図を見切り、本物の合図が出た瞬間だけ助走から突進する,旗がフェイントで揺れても押さず我慢し、本物の発光合図が出た瞬間だけタップして突進する,,217,reaction_duel,false_start_dash_gate,reaction_duel,low,jp-weak,,,0,,7,se_bad se_coin se_failure se_jump se_start_dash_gate se_success se_tap,bgm_tense,false,false,true,burst popup,true,true,true,false,false,false,,42,15,true,false,跳躍競技のゲート前に立つ選手。旗手が繰り出すフェイントの構えを見切り、本物の発光合図が灯った瞬間だけ助走から一気に突進する,VOXEL BLOCK,false,false,false,true,true,93,25/18/15/15/15/5,0,
,D-20092012-0017-signal-tower-beat.js,D-20092012-0017-signal-tower-beat,0,シグナルタワー・ビート,光の信号塔から降ってくるノーツを、拍に合わせてタップして打ち鳴らす,判定ラインに重なった瞬間にノーツをタップする,,227,rhythm,signal_tower_beat,rhythm,high,slug+jp,,,0,,7,se_bad se_coin se_failure se_good se_milestone se_success se_tap,,true,false,true,popup,true,true,true,false,false,false,,27,15,true,false,夜の岬に立つ信号塔。降り注ぐ光の粒を拍に合わせて叩き、塔いっぱいに音楽の灯をともす,80s NEON,false,false,false,true,true,95,25/20/15/15/15/5,0,
,GH-PS2-0018-beat-mirror-rhythm.js,GH-PS2-0018-beat-mirror-rhythm,0,ビートミラー,お手本が示した1拍前のポーズを、今の拍で追いかけて真似る,上の手本が拍ごとに示す方向を、1拍遅れて自分のパネル(下)で同じ方向にタップする,,220,rhythm,mirror_dance_lag,rhythm,med,slug,,,0,,5,se_coin se_failure se_good se_success se_tap,,true,true,true,popup,true,true,true,false,false,false,,46,15,true,false,影絵の鏡合わせダンス。手本は拍ごとに次のポーズへ移るが、自分は必ず1拍遅れてそれを真似る,90s HANDHELD COLOR,false,false,false,true,true,95,25/20/15/15/15/5,0,
,GH-PS2-0027-back-step.js,GH-PS2-0027-back-step,0,バックステップ,4方向を拍で踏む。裏拍に罠,表示された矢印方向へ、拍に合わせてスワイプ,,235,rhythm,dance_floor,rhythm,low,jp-weak,,,0,,6,se_bad se_coin se_failure se_good se_success se_tap,,true,true,true,popup,true,true,true,false,false,false,,50,15,true,false,月夜のダンスフロア。4方向の矢が拍に灯る。裏拍にだけ偽の矢が灯り、それに乗ると崩れる,2000s ARCADE POP,true,false,false,true,true,95,25/20/15/15/15/5,0,
,I-GBA-0014-pendulum-tick.js,I-GBA-0014-pendulum-tick,0,ペンデュラムティック,時計工房で一定のリズムで振れ続ける大振り子を、狙った真下のタイミングで止める,一定のリズムで左右に振れる振り子が、中央(真下)を通過する瞬間に合わせてタップする,,183,rhythm,clocksmith_pendulum,rhythm,low,jp-weak,,,0,,7,se_bad se_coin se_failure se_good se_milestone se_success se_tap,,true,false,true,burst popup,true,true,true,false,false,false,,23,15,true,false,時計工房の作業台。時計職人が調律のため、一定のリズムで振れる大振り子を狙った拍で止め続ける,HYPERCASUAL 3D,false,false,false,true,true,95,25/20/15/15/15/5,0,
,I-GBA-0048-lantern-beat-relay.js,I-GBA-0048-lantern-beat-relay,0,ランタンビートリレー,流れてくる灯りが輪に重なる拍にあわせてタップし続ける,蛍の灯りが中央の輪にちょうど重なった瞬間にタップする,,196,rhythm,firefly_bridge_relay,rhythm,high,slug+jp,,,0,,5,se_coin se_failure se_milestone se_success se_tap,,true,false,true,popup,true,true,true,false,false,false,,28,15,true,false,夜霧の吊り橋。橋番の蛙が太鼓の拍に合わせ、渡ってくる蛍の灯りを輪の中で受け取って橋を照らす,2000s ARCADE POP,false,false,false,true,true,95,25/20/15/15/15/5,0,
,I-Switch2-0006-twin-drummer-beat.js,I-Switch2-0006-twin-drummer-beat,0,ツインドラマービート,提灯祭りの双子太鼓打ちが、息を合わせて同じ拍で桴を振り下ろす,太鼓の上に光る輪が縮んで太鼓の縁に重なった瞬間にタップする,,192,rhythm,lantern_festival_twin_drum,timing_one_shot,low,jp-weak,,,0,,6,se_bad se_coin se_failure se_good se_success se_tap,,true,true,true,burst popup,true,true,true,false,false,false,,31,15,true,false,夏祭りの櫓の上、双子の打ち手が一つの大太鼓を挟んで向かい合い、同じ拍で桴を打ち下ろす奉納演奏,TOON SHADE,false,false,false,true,true,95,25/20/15/15/15/5,0,
,I-Wii-0005-umbrella-juggle-wait.js,I-Wii-0005-umbrella-juggle-wait,0,傘上げ玉待ち構え,頭上に傘を構え、玉が落ちてくる合図まで連打せずじっと待ってタップする,玉が傘に近づく光の合図が出るまで指を我慢し、合図が出た瞬間だけタップして弾き返す,,191,cooldown_tap,street_umbrella_juggler,mash,med,jp,,,0,,7,se_bad se_coin se_failure se_milestone se_powerup se_success se_tap,,true,false,true,burst popup,true,true,true,false,false,false,,26,15,true,false,大道芸の辻。頭上に傘を掲げた曲芸師が、落ちてくる玉を我慢強く待ち、合図の瞬間だけ弾き返し続ける,HYPERCASUAL 3D,false,false,false,true,true,95,25/20/15/15/15/5,0,
,I-Wii-0011-festival-bell-swing.js,I-Wii-0011-festival-bell-swing,0,フェスティバル・ベルスイング,灯りの満ちる窓に合わせ、鐘綱を上へ振り鳴らす,揺れる灯りゲージが光った窓の中にある時だけ、画面を上方向へスワイプして鐘を鳴らす,,213,timing_window,night_market_bell_keeper,swipe_direction,med,jp,,,0,,7,se_bad se_coin se_failure se_good se_milestone se_success se_tap,,true,false,true,burst popup,true,true,true,false,false,false,,27,15,true,false,夜市の灯り番のコウモリ。灯籠の明るさが揺れ動く中、光の窓に重なった瞬間だけ鐘綱を振り上げて鳴らす,2000s HANDHELD PASTEL,false,false,false,true,true,95,25/20/15/15/15/5,0,
,I-Wii-0017-gong-strike-timing.js,I-Wii-0017-gong-strike-timing,0,ゴングストライクタイミング,打ち手を振り上げ、輪が的に重なった瞬間だけ下へ振り下ろして鳴らす,縮んでくる輪が中央の的にちょうど重なった瞬間に、打ち手を下へスワイプして叩く,,202,timing_window,festival_gong_bench,timing_one_shot,low,jp-weak,,,0,,6,se_bad se_coin se_failure se_good se_success se_tap,,true,false,true,burst popup,true,true,true,false,false,false,,27,15,true,false,祭り囃子の楽屋裏。太鼓打ちの弟子が師匠の合図の輪に合わせ、ゴングを的確な瞬間に打ち鳴らす稽古をする,90s 16bit,false,false,false,true,true,88,18/20/15/15/15/5,0,全入力ハンドラで即時フィードバック(feedback/fx/audio)を返す
,I-Wii-0021-firefly-lantern-sway.js,I-Wii-0021-firefly-lantern-sway,0,ランタン・スウェイ,夜の川辺で提灯を一定のリズムで揺らし、蛍の群れを拍に乗せて集める,画面下の拍の光に合わせてタップし、提灯を一定のリズムで揺らし続ける,,202,rhythm,firefly_riverside_lantern,rhythm,low,jp-weak,,,0,,6,se_bad se_coin se_failure se_good se_success se_tap,,true,false,true,burst popup,true,true,true,false,false,false,,27,15,true,false,夜の川辺で蛍使いが提灯を一定のリズムで揺らし続け、拍に合わせて蛍の群れを呼び寄せる,80s NEON,false,false,false,true,true,95,25/20/15/15/15/5,0,
,I-Wii-0025-twin-bell-strike.js,I-Wii-0025-twin-bell-strike,0,ツインベルストライク,山あいの鐘楼で左右の鐘を合図と同時に両手で打ち鳴らす,光る左右のパッドを、合図と同時に2本指でほぼ同時にタップする,,269,pinch_zone,twin_bell_tower,reaction_duel,low,jp-weak,,,0,,7,se_bad se_coin se_failure se_good se_milestone se_success se_tap,,true,true,true,burst popup,true,true,true,true,false,false,,49,15,true,false,山あいの鐘楼で、鐘打ち役が両手のばちで左右の鐘を同時に打つ。合図とずれると音が乱れ失格になる,1BIT INK,false,false,false,true,true,88,18/20/15/15/15/5,0,全入力ハンドラで即時フィードバック(feedback/fx/audio)を返す
,K-3DS-0001-cue-flash-response.js,K-3DS-0001-cue-flash-response,0,キューフラッシュレスポンス,光った合図の形を見た瞬間、対応する方向へ即座にタップして返す,画面中央に光る合図(丸/三角/四角/菱形)を見て、決められた方向ゾーンを即タップする。合図は既出と新顔が混ざる,,229,reaction_duel,handheld_cue_response_booth,reaction_duel,low,jp-weak,,,0,,8,se_bad se_booth se_coin se_failure se_good se_milestone se_success se_tap,bgm_tense,false,false,true,burst popup,true,true,true,false,false,false,,46,15,true,false,小型の反射訓練ブース。次々光る合図の形を覚えたそばから、同じ合図が新顔と混ざって現れ、都度正しい方向へ即座に反応する,90s HANDHELD COLOR,false,false,false,true,true,93,25/18/15/15/15/5,0,
,K-DS-0007-chorus-relay-hold.js,K-DS-0007-chorus-relay-hold,0,コーラスリレー,前の歌い終わりに続けて、自分の番の歌声をちょうどの長さだけ伸ばして届ける,前の人の歌い終わりに続けて指を押さえ続け、示された長さぴったりで指を離す,,211,hold_duration,chorus_circle_relay,hold_charge,med,slug,,,0,,7,se_bad se_coin se_failure se_good se_milestone se_success se_tap,,true,false,true,popup,true,true,true,true,false,false,,25,15,true,false,輪になって一節ずつ歌をつなぐ合唱の輪。自分の番が来たら、示された長さぴったりに声を伸ばして次へつなぐ,2000s HANDHELD PASTEL,false,false,false,true,true,95,25/20/15/15/15/5,0,
,K-DS-0011-street-strum-sync.js,K-DS-0011-street-strum-sync,0,ストリートストラム,曲の拍に合わせて、示された向きに弦をかき鳴らす大道芸,拍のタイミングで、矢印が示す向き(上/下)に正しくスワイプして弦をかき鳴らす,,200,swipe_direction,street_string_busker,rhythm,low,jp-weak,,,0,,6,se_bad se_coin se_failure se_milestone se_success se_tap,,true,false,true,popup,true,true,true,false,false,false,,45,15,true,false,夜の路上で弦楽器をかき鳴らす大道芸人。曲の拍ごとに示される上下の向きに合わせて弦を弾き、通行人を沸かせる,NEO-RETRO,false,false,false,true,true,95,25/20/15/15/15/5,0,
,K-DS-0013-festival-drum-call.js,K-DS-0013-festival-drum-call,0,祭り太鼓連打,祭囃子の拍に合わせて太鼓を打ち続ける,太鼓の上に光る打点マーカーが来た瞬間に画面をタップして打つ,,206,rhythm,festival_drum_stage,rhythm,low,jp-weak,,,0,,6,se_bad se_coin se_failure se_good se_success se_tap,,true,false,true,popup,true,true,true,false,false,false,,29,15,true,false,夜祭りの櫓の上。囃子方の見習いが大太鼓の前に立ち、笛と鉦の拍に合わせて撥を打ち下ろす。ズレれば観客がどよめく,MODERN AD-GAME,false,false,false,true,true,90,25/20/15/10/15/5,0,CLEARとGAME OVERで異なる結果演出を出す
,K-DS-0015-pile-stake-pound.js,K-DS-0015-pile-stake-pound,0,杭打ちビート,地面に立てた杭を、振り下ろす掛矢の合図に合わせて打ち込む,掛矢が振り上がり切って落ち始める瞬間にタップして打ち込む,,212,rhythm,stake_pounding_worksite,slice,med,jp,,,0,,7,se_bad se_coin se_failure se_good se_milestone se_success se_tap,,true,false,true,burst popup,true,true,true,false,false,false,,27,15,true,false,河原の普請場。地面に半分刺さった杭を、大きな掛矢を担いだ作業員が拍に合わせて打ち込み、深く沈めていく,8bit HANDHELD,false,false,false,true,true,95,25/20/15/15/15/5,0,
,K-DS-0016-echo-disc-scratch.js,K-DS-0016-echo-disc-scratch,0,エコーディスクこすり,光る合図が来たら、円盤を素早く往復にこすって音を鳴らす,合図が光っている間、円盤の上で指を左右に素早く往復させてこする,,231,rub,echo_disc_street_stage,rub,med,jp,,,0,,7,se_bad se_coin se_failure se_good se_milestone se_success se_tap,,true,false,true,burst popup,true,true,true,true,false,false,,26,15,true,false,夜の広場に置かれた光る円盤の演台。合図灯が灯るたび、演者が円盤をこすって共鳴音を響かせ観衆を沸かせる,80s NEON,false,false,false,true,true,85,15/20/15/15/15/5,0,全入力ハンドラで即時フィードバック(feedback/fx/audio)を返す
,K-DS-0019-stage-step-stomp.js,K-DS-0019-stage-step-stomp,0,ステージステップ,光る左右のパネルを、一定のビートに合わせて交互に踏み鳴らす,ビートに合わせて光ったパネル(左右交互)をタップして踏む,,190,alternate_tap,stage_light_step_floor,alternate_tap,med,jp,,,0,,7,se_bad se_coin se_failure se_good se_milestone se_success se_tap,,true,false,true,popup,true,true,true,false,false,false,,27,15,true,false,発光床のダンスステージ。左右のパネルが交互に光り、踏み手はビートに合わせて足を踏み鳴らしステップを刻む,NEO-RETRO,false,false,false,true,true,95,25/20/15/15/15/5,0,
,K-DS-0020-fist-pump-beat.js,K-DS-0020-fist-pump-beat,0,フィストパンプビート,縮む輪が的の輪と重なった瞬間に拳を突き上げる,外側から縮んでくるリングが中央の的リングに重なった瞬間にタップ(拳を突き上げる),,216,rhythm,fist_pump_beat_dance,timing_one_shot,low,jp-weak,,,0,,6,se_bad se_coin se_failure se_good se_success se_tap,,true,false,true,burst popup,true,true,true,false,false,false,,31,15,true,false,屋上ステージに立つ、独自デザインのポップダンサー。流れる曲のビートに合わせ拳を突き上げ続ける一発芸,2000s ARCADE POP,false,false,false,true,true,95,25/20/15/15/15/5,0,
,K-DS-0031-signal-launch-timing.js,K-DS-0031-signal-launch-timing,0,シグナル打ち上げ,指で押さえて灯籠をチャージし、合図灯が光った瞬間に離して打ち上げる,画面を押し続けてチャージ。合図灯(上の丸)が光ったら指を離して打ち上げる,,210,hold_charge,night_signal_launch,hold_charge,low,jp-weak,,,0,,6,se_bad se_coin se_failure se_good se_success se_tap,bgm_dark,false,false,true,burst popup,true,true,true,true,false,false,,21,15,true,false,夜の川辺の合図係。灯籠を手元で押さえてチャージし、対岸の合図灯が光った瞬間だけ離して打ち上げる役目,80s ISO,false,false,false,true,true,86,18/18/15/15/15/5,0,全入力ハンドラで即時フィードバック(feedback/fx/audio)を返す
,K-DS-0037-clapper-song-beat.js,K-DS-0037-clapper-song-beat,0,クラッパーソング,流れる曲のリズムに合わせて拍子木を打ち鳴らす,画面上部から降りてくる拍のマーカーが打点ラインに重なった瞬間にタップする,,231,rhythm,stagehand_clapper_cue,rhythm,high,slug+jp,,,0,,6,se_bad se_coin se_failure se_good se_success se_tap,,true,false,true,burst popup,true,true,true,false,false,false,,29,15,true,false,舞台袖の進行係が、曲の拍に合わせて拍子木を打って場面転換の合図を出す,1BIT INK,false,false,false,true,true,95,25/20/15/15/15/5,0,
,K-DS-0038-busker-finger-snap.js,K-DS-0038-busker-finger-snap,0,バスカースナップ,一定のビートに合わせて指を鳴らす動作を繰り返す,光る輪が縮んで基準サイズに重なった瞬間にタップして指を鳴らす,,201,timing_window,street_busker_finger_snap,rhythm,low,jp-weak,,,0,,6,se_bad se_coin se_failure se_good se_success se_tap,,true,false,true,burst popup,true,true,true,false,false,false,,29,15,true,false,街角のジャズバスカーが、バンドの一定ビートを指を鳴らしてキープし続ける,70s VECTOR,false,false,false,true,true,95,25/20/15/15/15/5,0,
,K-DS-0039-jump-clap-sync.js,K-DS-0039-jump-clap-sync,0,ジャンプクラップシンク,掛け声の山に合わせて両手で同時に画面を叩き、跳びながら手を叩く動きを揃える,中央のゲージが山の頂点に来た瞬間、画面上の2箇所を同時に(2本指で)タップする,,205,pinch_zone,jump_clap_sync,timing_one_shot,low,jp-weak,,,0,,6,se_bad se_coin se_failure se_good se_success se_tap,,true,false,true,burst popup,true,true,true,true,true,false,,28,15,true,false,独自デザインの応援団員がスタンドで跳ねながら手拍子を打つ。掛け声の山に合わせて両手を同時に打ち鳴らす一体感の芸,HYPERCASUAL 3D,false,false,false,true,true,95,25/20/15/15/15/5,0,
,K-DS-0042-relay-tower-gong.js,K-DS-0042-relay-tower-gong,0,中継鐘打ち,遠くの塔から届く音の拍に合わせて、吊り鐘へバチを振り下ろす動作を繰り返す,光る拍マーカーが鐘に重なった瞬間に画面をタップしてバチを振り下ろす,,213,rhythm,relay_tower_gong_strike,rhythm,low,jp-weak,,,0,,6,se_bad se_coin se_failure se_good se_success se_tap,,true,false,true,burst popup,true,true,true,false,false,false,,28,15,true,false,山あいに並ぶ中継塔。鐘突き番が、遠くの塔から届く音の拍を聞き取り、自分の吊り鐘をバチで打って次の塔へ合図を送り継ぐ,8bit HANDHELD,false,false,false,true,true,95,25/20/15/15/15/5,0,
,K-DS-0043-rope-bridge-footfall.js,K-DS-0043-rope-bridge-footfall,0,吊り橋足運び,板が軋む音の合図に合わせ、決まった左右の順で踏み鳴らして渡る,光る足跡マーカーが左右交互に出るので、対応する左右のゾーンを合図の瞬間にタップする,,215,alternate_tap,rope_bridge_footfall,alternate_tap,med,jp,,,0,,6,se_bad se_coin se_failure se_good se_success se_tap,,true,false,true,burst popup,true,true,true,false,false,false,,27,15,true,false,山峡に架かる吊り橋。飛脚が、軋む板の音の合図に合わせて決まった左足・右足の順で踏み鳴らし、渡り切る,70s VECTOR,false,false,false,true,true,95,25/20/15/15/15/5,0,
,K-DS-0044-echo-verse-relay.js,K-DS-0044-echo-verse-relay,0,エコーヴァースリレー,呼びかけ役が発した節回しを、同じリズムで返す掛け合い,呼びかけ役の光る合図(節)が鳴った直後、同じ拍でタップして節を返す,,246,rhythm,call_and_response_duet,rhythm,low,jp-weak,,,0,,7,se_bad se_coin se_duet se_failure se_good se_success se_tap,,true,false,true,burst popup,true,true,true,false,false,false,,36,15,true,false,広場の即興掛け合い。呼びかけ役が節を投げ、返し役(プレイヤー)は同じ拍で節を打ち返し続ける,2000s ARCADE POP,false,false,false,true,true,95,25/20/15/15/15/5,0,
,K-DS-0051-twin-drum-relay.js,K-DS-0051-twin-drum-relay,0,ツインドラム・リレー,左右交互に灯る太鼓を、合図の光に合わせて交互に叩き続ける,光った側の太鼓(左または右)を、光ったタイミングでタップして叩く。左右交互に来る,,211,alternate_tap,twin_drum_shrine,alternate_tap,med,jp,,,0,,6,se_bad se_coin se_failure se_good se_success se_tap,,true,false,true,burst popup,true,true,true,true,false,false,,26,15,true,false,祭りの櫓に据えられた対の太鼓。左右交互に灯る合図の光に合わせて、太鼓打ちが交互打ちで囃子を刻む,8bit HOME,false,false,false,true,true,95,25/20/15/15/15/5,0,
,K-DS-0055-paired-step-dance.js,K-DS-0055-paired-step-dance,0,息合わせ二人舞,決まったステップを、相方と息を合わせて左右同時に踏む,相方が踏む足(左/右)が光って示されたら、合図の瞬間に同じ側のゾーンをタップして揃える,,209,coop_2zone,paired_step_dance,reaction_duel,low,jp-weak,,,0,,6,se_bad se_coin se_failure se_good se_success se_tap,,true,false,true,burst popup,true,true,true,false,false,false,,28,15,true,false,祭りの奉納舞。二人一組の舞い手が、太鼓の合図に合わせて相方と同じ側の足をぴったり同時に踏み出す,2000s HANDHELD PASTEL,false,false,false,true,true,95,25/20/15/15/15/5,0,
,K-DS-0060-crowd-clap-sync.js,K-DS-0060-crowd-clap-sync,0,客席手拍子合わせ,周りの手拍子に合わせて正確に打ち、指揮の合図でぴったり止める,観客の手が上がる拍のタイミングでタップし続け、指揮者が手を止めた瞬間には自分も止める(押さない),,225,count_exact,crowd_clap_sync,reaction_duel,low,jp-weak,,,0,,6,se_bad se_coin se_failure se_good se_success se_tap,,true,false,true,burst popup,true,true,true,false,false,false,,29,15,true,false,満員の客席。声援を送る観客の一人が、周りの手拍子にぴったり合わせて打ち続け、指揮者の静止合図が出た瞬間だけ手を止めてみせる,2000s ARCADE POP,false,false,false,true,true,95,25/20/15/15/15/5,0,
,K-DS-0061-broadcast-relay-cue.js,K-DS-0061-broadcast-relay-cue,0,放送切替合図,明滅する複数の信号灯から曲の切れ目を示す本物の合図を見つけ、鐘を鳴らして切り替える,並んだ信号灯がそれぞれ違う周期で明滅する中、一番外側まで満ちた「本物」の灯にタップして鳴らす,,221,spot,broadcast_relay_cue,reaction_duel,low,jp-weak,,,0,,6,se_bad se_coin se_failure se_milestone se_success se_tap,bgm_dark,false,false,true,burst popup,true,true,true,false,false,false,,23,15,true,false,放送塔の管制室。技師が、次々明滅する信号灯の中から曲の切れ目を示す本物の合図灯だけを見つけ出し、鐘を鳴らして放送を切り替える,8bit PC MONITOR,false,false,false,true,true,93,25/18/15/15/15/5,0,
,K-DS-0062-pulse-arrow-step.js,K-DS-0062-pulse-arrow-step,0,パルスアローステップ,光の床ステージ。降りてくる矢印の向きへ合図の瞬間にスワイプして踏む,中央のレーンを落ちてくる矢印を見て、消える直前に同じ向きへスワイプする,,235,swipe_direction,pulse_arrow_dance_stage,reaction_duel,low,jp-weak,,,0,,8,se_arrow_dance_stage se_bad se_coin se_failure se_good se_milestone se_success se_tap,,true,false,true,burst popup,true,true,true,false,false,false,,57,15,true,false,発光パネルのダンスステージ。中央レーンに矢印の光が降りてきて、踊り手はその向きへ体を弾ませ踏み込む,80s NEON,false,false,false,true,true,88,18/20/15/15/15/5,0,全入力ハンドラで即時フィードバック(feedback/fx/audio)を返す
,K-GBA-0006-festival-mochi-break.js,K-GBA-0006-festival-mochi-break,0,もちわり合わせ,左手で的を支え続け、合図の太鼓に合わせて右手で叩き割る,左半分を指で押さえ続けたまま、太鼓が鳴った瞬間に右半分をタップして振り下ろす,,222,coop_2zone,festival_target_break,reaction_duel,low,jp-weak,,,0,,6,se_bad se_break se_coin se_failure se_success se_tap,,true,false,true,burst popup,true,true,true,true,false,false,,32,15,true,false,縁日の的割りブース。相方役の左手で的を支え続けたまま、右手を太鼓の合図ぴったりに振り下ろして割る,TOON SHADE,false,false,false,true,true,90,20/20/15/15/15/5,0,全入力ハンドラで即時フィードバック(feedback/fx/audio)を返す
,K-GBA-0008-echo-delay-dance.js,K-GBA-0008-echo-delay-dance,0,エコーディレイダンス,相方が踏んだマスを見て、一拍遅れて同じマスを踏む,相方が光らせたマスを覚え、次の拍で同じマスをタップして一拍遅れでなぞる,,212,memory_sequence,mirror_dance_floor,trace,med,jp,,,0,,6,se_bad se_coin se_failure se_good se_success se_tap,,true,false,true,burst popup,true,true,true,false,false,false,,25,15,true,false,疑似3Dのダンスフロア。相方が踏んだ4マスの足跡を覚え、自分は必ず一拍遅れて同じマスをなぞり返す,MODE7 PSEUDO,false,false,false,true,true,95,25/20/15/15/15/5,0,
,K-GBA-0009-realtime-step-trace.js,K-GBA-0009-realtime-step-trace,0,リアルタイムステップトレース,音頭のリズムに合わせて動く足型を、その場でなぞり続ける,円を巡って動く光る足型に指を重ね続け、輪から離れないよう最後までなぞる,,183,trace,circle_dance_festival,trace,high,slug+jp,,,0,,5,se_coin se_failure se_milestone se_success se_tap,,true,false,true,burst popup,true,true,true,true,false,true,,25,15,true,false,縁日の輪踊り。音頭のリズムで巡る足型の光点を、今まさにその瞬間になぞって輪から遅れずついていく,HYPERCASUAL 3D,false,false,false,true,true,95,25/20/15/15/15/5,0,
,K-GBA-0012-echo-totem-relay.js,K-GBA-0012-echo-totem-relay,0,エコートーテム・リレー,光って鳴った石トーテムの並びを、直後に同じ順番とリズムでタップし返す,トーテムが光った順番を見て覚え、光り終わったら同じ順にタップして返す,,257,memory_sequence,echo_totem_canyon,memory_sequence,high,slug+jp,,,0,,6,se_bad se_coin se_failure se_milestone se_success se_tap,bgm_cute,false,true,true,burst popup,true,true,true,false,false,false,,34,15,true,false,霧の谷に並ぶ3体の石トーテム。谷の精霊が鳴らした音の並びを、そのまま石に触れて木霊のように返す儀式,8bit HANDHELD,false,false,false,true,true,93,25/18/15/15/15/5,0,
,K-GBA-0016-waltz-wand-cast.js,K-GBA-0016-waltz-wand-cast,0,ワルツ詠唱,三拍子の一拍目(強拍)に合わせて杖を振り下ろし、魔法陣を輝かせる,三拍子のリズムを聞き、一拍目(強拍)のタイミングだけタップして杖を振る,,213,rhythm,apprentice_waltz_spellcast,rhythm,low,jp-weak,,6,0,,5,se_bad se_coin se_failure se_success se_tap,,true,true,true,burst popup,true,true,true,false,false,false,,36,15,true,false,見習い魔術師の塔の一室。三拍子の魔力の鼓動に合わせて杖を振り、一拍目だけで魔法陣を輝かせる詠唱術,70s VECTOR,false,false,false,true,true,95,25/20/15/15/15/5,0,
,K-GBA-0018-triple-drum-focus.js,K-GBA-0018-triple-drum-focus,0,トリプルドラム・フォーカス,3つの異なるリズムが同時に鳴る中、光っている一つだけの拍に合わせて叩く,常時鳴り続ける3つの太鼓のうち、光っている一つの拍だけを聞き分けてその瞬間にタップする,,214,rhythm,triple_drum_shrine,rhythm,low,jp-weak,,6,0,,6,se_bad se_coin se_failure se_good se_success se_tap,bgm_tense,false,true,true,burst popup,true,true,true,false,false,false,,22,15,true,false,山あいの祠に並ぶ3つの太鼓。それぞれ違う速さで鳴り続ける中、灯が示す一つだけの拍を聞き分けて打つ修行,PIXEL HD,false,false,false,true,true,93,25/18/15/15/15/5,0,
,K-GBA-0024-festival-routine-copy.js,K-GBA-0024-festival-routine-copy,0,祭り振り写し,舞台で光る4つの型を見た順に、消灯後に同じ順でタップしてなぞる,光った型の順番を覚え、光が消えたら同じ順に型をタップする。ラウンドごとに型数が増え速くなる,,228,memory_sequence,festival_routine_copy,memory_sequence,med,jp,,,0,,6,se_bad se_coin se_failure se_milestone se_success se_tap,,true,false,true,popup,true,true,true,false,false,false,,44,15,true,false,夜祭りの舞台に立つ踊り手見習いが、師の振り付けの光る型を目で覚え、消灯後に同じ順でなぞり返す稽古,2010s FLAT MOBILE,false,false,false,true,true,95,25/20/15/15/15/5,0,
,K-GBA-0025-valley-drum-relay.js,K-GBA-0025-valley-drum-relay,0,谷間の太鼓返し,対岸から届く長い太鼓の連打を聞き終えた直後、同じ間隔で正確に打ち返す,対岸の光る太鼓の間隔(拍)を見て覚え、消音後に同じテンポで太鼓をタップして打ち返す,,231,rhythm,valley_drum_relay,mash,med,jp,,,0,,6,se_bad se_coin se_failure se_milestone se_success se_tap,,true,false,true,popup,true,true,true,false,false,false,,40,15,true,false,深い谷を挟んだ二つの太鼓見張り台。対岸が打った長い合図の連打を聞き終えた直後、寸分違わぬ間隔で打ち返す使者の務め,90s 16bit,false,false,false,true,true,95,25/20/15/15/15/5,0,
,K-GBA-0027-bell-beat-pick.js,K-GBA-0027-bell-beat-pick,0,鐘聴き分け,3つの鐘が別々の速さで鳴る中、印のついた1つの鐘の拍だけを聞き分けて手を叩く,印のついた鐘が鳴る瞬間(光の輪が届く瞬間)だけタップする。他の鐘や外れたタイミングは失敗,,218,spot,bell_beat_pick,rhythm,med,slug,,,0,,6,se_bad se_coin se_failure se_good se_success se_tap,,true,false,true,burst popup,true,true,true,false,false,false,,24,15,true,false,鐘堂に並ぶ三つの鐘。巫女はそれぞれ違う速さで鳴る鐘の中から、印を灯された一つの拍だけを聞き分けて手を叩く,2000s ARCADE POP,false,false,false,true,true,95,25/20/15/15/15/5,0,
,K-Wii-0001-echo-pose-recall.js,K-Wii-0001-echo-pose-recall,0,エコーポーズリコール,お手本の身振りを見て覚え、同じ向きへ体を振って再現する,シルエットが見せる身振り(上下左右)の並びを覚え、見終わったら同じ順にスワイプして再現する,,225,memory_sequence,mirror_pose_recall_stage,memory_sequence,high,slug+jp,,,0,,7,se_bad se_coin se_good se_milestone se_recall_stage se_success se_tap,,true,true,true,burst popup,true,true,true,false,false,false,,88,15,true,false,鏡張りの練習舞台。お手本のシルエットが見せた一連の身振りを、見習いが同じ向きへ体を振って再現する,2010s FLAT MOBILE,false,false,false,true,true,88,18/20/15/15/15/5,0,全入力ハンドラで即時フィードバック(feedback/fx/audio)を返す
,K-X-0001-drum-center-rim-call.js,K-X-0001-drum-center-rim-call,0,ドラムセンターリムコール,近づく音符が中央か縁かを見て、太鼓の正しい面を叩く,音符が的の位置に来た瞬間、それが中央マークなら太鼓の中央を、縁マークなら外側のリムをタップする,,227,judge,festival_drum_call_booth,rhythm,low,jp-weak,,,0,,7,se_bad se_coin se_failure se_good se_milestone se_success se_tap,,true,false,true,popup,true,true,true,true,false,false,,40,15,true,false,祭り囃子の太鼓台。流れてくる音符が中央打ちか縁打ちかを見分け、太鼓の正しい面を叩いて囃子を続ける,8bit HOME,false,false,false,true,true,88,18/20/15/15/15/5,0,全入力ハンドラで即時フィードバック(feedback/fx/audio)を返す
,K-X-0002-drum-steady-pulse.js,K-X-0002-drum-steady-pulse,0,ドラムスティディパルス,一定速度で縮む光輪が的に重なる瞬間だけ、中央か縁を正確に打つ,太鼓の上で縮んでくる光輪が的の大きさに重なった刹那、輪の色が示す面(中央/縁)を叩く,,217,timing_window,clockwork_drum_dojo,timing_one_shot,low,default,,,0,,7,se_bad se_coin se_failure se_good se_milestone se_success se_tap,,true,false,true,burst popup,true,true,true,true,false,false,,35,15,true,false,歯車仕掛けの稽古場。一定の速さで縮む光輪が太鼓に重なる一瞬だけを頼りに、中央と縁を寸分違わず打ち分ける鍛錬,90s 16bit,false,false,false,true,true,88,18/20/15/15/15/5,0,全入力ハンドラで即時フィードバック(feedback/fx/audio)を返す
,K-X-0003-drum-density-rush.js,K-X-0003-drum-density-rush,0,ドラムデンシティラッシュ,中央と縁を高速で交互に指定する音符を、切らさず打ち抜き続ける,太鼓の中央/縁を交互に指定する音符が高速で流れる。指定面を素早く連続で叩き続ける,,196,alternate_tap,overdrive_drum_core,alternate_tap,med,jp,,,0,,7,se_bad se_coin se_failure se_good se_milestone se_success se_tap,,true,false,true,popup,true,true,true,true,false,false,,44,15,true,false,過熱する機関室の太鼓コア。中央と縁を高速で指定する音符が途切れず流れ込み、叩き手はリズムを絶やさず打ち抜き続ける,NEO-RETRO,false,false,false,true,true,88,18/20/15/15/15/5,0,全入力ハンドラで即時フィードバック(feedback/fx/audio)を返す
,K-X-0004-drum-roll-bridge.js,K-X-0004-drum-roll-bridge,0,ドラムロールブリッジ,連続する音符の間、太鼓を連打して吊り橋を張り続ける,ロール区間が表示されている間、太鼓を連打してゲージを保つ。ゲージが落ち切る前に区間を抜ける,,189,mash,rope_bridge_drum_span,mash,med,jp,,,0,,6,se_bad se_coin se_failure se_milestone se_success se_tap,,true,false,true,popup,true,true,true,true,false,false,,24,15,true,false,谷にかかる吊り橋の太鼓仕掛け。連打が途切れると橋板が沈み、打ち手は連続する音符の間、絶え間なく太鼓を叩いて橋を張り渡す,2000s ARCADE POP,false,false,false,true,true,88,18/20/15/15/15/5,0,全入力ハンドラで即時フィードバック(feedback/fx/audio)を返す
,K-X-0005-drum-crack-break.js,K-X-0005-drum-crack-break,0,ドラムクラックブレイク,光る割符マークが出ている間に太鼓を連打し、時間内に叩き割る,太鼓の面に割符マークが浮かぶと、その場を連打して規定回数叩き割る。マーク自身の制限時間内に割り切る,,190,mash,sealstone_drum_shatter,mash,med,jp,,,0,,7,se_bad se_break se_coin se_failure se_milestone se_success se_tap,,true,false,true,burst popup,true,true,true,true,false,false,,25,15,true,false,儀式の太鼓に封じられた割符の石。浮かび上がる印を、限られた刻限のうちに連打で叩き割り封を解く,TOON SHADE,false,false,false,true,true,88,18/20/15/15/15/5,0,全入力ハンドラで即時フィードバック(feedback/fx/audio)を返す
,K-X-0006-drum-bonus-frenzy.js,K-X-0006-drum-bonus-frenzy,0,ドラムボーナスフレンジー,光るボーナス区間では音符が密になる。打ち続けて倍率を伸ばす,音符に合わせて太鼓の中央/縁を叩く。ボーナス区間(予告つき)では音符が増え、当て続けるほど倍率が伸びる,,225,jackpot_combo,festival_bonus_drum_relay,rhythm,low,jp-weak,,,0,,8,se_bad se_coin se_failure se_good se_milestone se_powerup se_success se_tap,,true,false,true,popup,true,true,true,true,false,false,,39,15,true,false,提灯が連なる祭りの太鼓台。時おり提灯列が輝くボーナス区間に入り、音符が密になる中を打ち抜くほど倍率が伸びていく,MODERN AD-GAME,false,false,false,true,true,88,18/20/15/15/15/5,0,全入力ハンドラで即時フィードバック(feedback/fx/audio)を返す
,K-X-0007-keys-five-lane-rain.js,K-X-0007-keys-five-lane-rain,0,キーズファイブレーンレイン,5つの鍵盤に降ってくる音符を、落ちた瞬間に押さえる,5本のレーンを落ちてくる音符が下の鍵盤に重なった瞬間、対応する鍵盤をタップする,,228,rhythm,five_key_light_organ,rhythm,low,jp-weak,,,0,,7,se_bad se_coin se_failure se_good se_milestone se_success se_tap,,true,false,true,popup,true,true,true,true,false,false,,30,15,true,false,灯りの鍵盤楽器。5本のレーンを音符が絶え間なく降り注ぎ、奏者は鍵盤に重なる刹那を狙って押さえ続ける,PIXEL HD,false,false,false,true,true,88,18/20/15/15/15/5,0,全入力ハンドラで即時フィードバック(feedback/fx/audio)を返す
,K-X-0008-keys-seven-disc-flow.js,K-X-0008-keys-seven-disc-flow,0,キーズセブンディスクフロー,7つの鍵盤に降る音符を押さえつつ、合間に光る円盤を弾いて回す,7本のレーンに落ちる音符を鍵盤で押さえる。合間に現れる円盤は、矢印が示す向きへスワイプして弾き回す,,304,coop_2zone,seven_key_relay_deck,rhythm,low,jp-weak,,,0,,7,se_bad se_coin se_failure se_good se_milestone se_success se_tap,,true,false,true,popup,true,true,true,true,false,false,,73,15,true,false,鍵盤と円盤が並ぶ演奏デッキ。片手で7つの鍵盤を渡り歩きながら、もう一方の手で合間に光る円盤を弾いて流れを繋ぐ,HD POST 3D,false,false,false,true,true,85,15/20/15/15/15/5,0,全入力ハンドラで即時フィードバック(feedback/fx/audio)を返す
,K-X-0009-nonet-note-catcher.js,K-X-0009-nonet-note-catcher,0,ナインパイプ・オルガン,9本のパイプを落ちてくる音符に合わせて押し分ける精密演奏,9本のパイプのうち、光る音符が判定ラインに来た瞬間、そのパイプの位置をタップする,,263,timing_window,underground_pipe_organ,rhythm,low,jp-weak,,,0,,8,se_bad se_coin se_failure se_good se_milestone se_powerup se_success se_tap,,true,false,true,flash popup,true,true,true,true,false,false,,26,15,true,false,地底の巨大歯車パイプオルガンを操る整備演奏士。9本のパイプが同時に音符を落とし、判定窓の中で正しいパイプを押さえて鳴らす,PIXEL HD,false,false,false,true,true,88,18/20/15/15/15/5,0,全入力ハンドラで即時フィードバック(feedback/fx/audio)を返す
,K-X-0010-color-stall-catch.js,K-X-0010-color-stall-catch,0,屋台トレー捌き,落ちてくる団子の色を見て、5つのトレーの正しい位置へタップで受け止める,落下してくる団子の色を見て、対応する色のトレー(5つ)を判定ラインでタップする,,246,judge,street_stall_tray_sorter,timing_one_shot,low,jp-weak,,,0,,6,se_bad se_coin se_failure se_milestone se_success se_tap,,true,false,true,popup,true,true,true,true,false,false,,26,15,true,false,縁日の屋台の職人。次々に降ってくる色団子を、色ごとに割り当てられた5つのトレーへ瞬時に振り分けて受け止める,2000s HANDHELD PASTEL,false,false,false,true,true,88,18/20/15/15/15/5,0,全入力ハンドラで即時フィードバック(feedback/fx/audio)を返す
,K-X-0011-twin-step-marcher.js,K-X-0011-twin-step-marcher,0,ぜんまい行進隊,左右交互に踏み替える4方向パネルで、ぜんまい仕掛けの行進を合わせる,光って予告されたパネル(上下左右)を、拍のタイミングでタップして踏む。必ず左足→右足の順に交互,,256,alternate_tap,windup_marching_drill,memory_sequence,med,jp,,,0,,7,se_bad se_coin se_failure se_good se_milestone se_success se_tap,,true,false,true,popup,true,true,true,false,false,false,,45,15,true,false,ぜんまい仕掛けの玩具兵隊の行進訓練場。左足パネルと右足パネルを拍に合わせて交互に踏み、隊列の歩調を揃える,8bit HANDHELD,false,false,false,true,true,95,25/20/15/15/15/5,0,
,K-X-0012-octant-step-arena.js,K-X-0012-octant-step-arena,0,コンパス床アリーナ,中心から放射状に伸びる合図を見切り、8方向パネルを踏み分ける,中心から外側へ伸びてくる光が本物なら、届いた瞬間その方向のパネルをタップ。偽の光には触れない,,267,timing_window,compass_floor_dance_arena,reaction_duel,low,jp-weak,,,0,,7,se_bad se_coin se_failure se_good se_milestone se_success se_tap,,true,false,true,popup,true,true,true,true,false,false,,27,15,true,false,円形のコンパス床を持つダンスアリーナの選抜審査。中心から8方向へ放たれる合図の本物だけを見切り、正しいパネルを踏む,90s BIG SPRITE,false,false,false,true,true,88,18/20/15/15/15/5,0,全入力ハンドラで即時フィードバック(feedback/fx/audio)を返す
,K-X-0013-tether-gust-hold.js,K-X-0013-tether-gust-hold,0,係留ロープ番,伸びる目印にロープを合わせ、指定の長さだけ押さえ続けて手を離す,ロープが伸び始めたら押さえ続け、示された長さの目印にちょうど届いたら指を離す。突風で目印が急に伸びることもある,,230,hold_duration,observation_balloon_mooring,hold_charge,med,slug,,,0,,7,se_bad se_coin se_failure se_good se_milestone se_success se_tap,,true,false,true,popup,true,true,true,true,false,false,,27,15,true,false,観測気球の係留員。突風のたびに伸びるロープの目印にちょうど合わせて指を離し、気球を安全な高さに留める,80s NEON,false,false,false,true,true,90,20/20/15/15/15/5,0,全入力ハンドラで即時フィードバック(feedback/fx/audio)を返す
,K-X-0014-echo-chant-circle.js,K-X-0014-echo-chant-circle,0,こだま太鼓の輪,輪の中心が打った掛け声の順番を聞き終えた直後、同じ順に太鼓を打ち返す,4つの太鼓が光って鳴る順番を最後まで聞き、鳴り終わったら同じ順にタップして打ち返す,,217,memory_sequence,drum_circle_call_response,memory_sequence,high,slug+jp,,,0,,6,se_bad se_coin se_good se_milestone se_success se_tap,bgm_dark,false,true,true,burst popup,true,true,true,false,false,false,,35,15,true,false,夜の広場に集う太鼓の輪。中心の音頭取りが打つ掛け声の順番を耳だけで覚え、鳴り終わった直後に同じ順で打ち返す新入りの試練,TOON SHADE,false,false,false,true,true,93,25/18/15/15/15/5,0,
,K-X-0015-freeform-break-beat.js,K-X-0015-freeform-break-beat,0,フリーブレイク,決まった型のビートを崩し、自分だけのタイミングでちょうどの回数だけ決めポーズを刻む,「BREAK!」の合図で自由なタイミングでステージをタップし、示された回数ぴったりで止める,,216,count_exact,street_freestyle_cypher,count_exact,med,jp,,,0,,8,se_bad se_coin se_failure se_good se_milestone se_powerup se_success se_tap,bgm_tense,false,false,true,popup,true,true,true,true,false,false,,40,15,true,false,路上のサイファーの輪の中心。決まった振り付けの型をあえて崩し、自分だけの間で決めポーズをちょうどの数だけ刻んで魅せるダンサー,MODERN AD-GAME,false,false,false,true,true,86,18/18/15/15/15/5,0,全入力ハンドラで即時フィードバック(feedback/fx/audio)を返す
,K-X-0016-duet-mirror-strings.js,K-X-0016-duet-mirror-strings,0,双弦のこだま,手本のフレーズを聞いた直後、左手の弦を押さえ右手の弦で同じ操作順に弾き返す,左の弦は押さえるだけ、右の弦は弾く(タップ)。手本が示した順で「左」「右」「両方(左を押さえたまま右を弾く)」を再現する,,255,coop_2zone,twin_string_duet,memory_sequence,med,jp,,,0,,7,se_bad se_coin se_failure se_good se_milestone se_success se_tap,bgm_cute,false,true,true,popup,true,true,true,true,false,false,,45,15,true,false,二本の弦を両手で操る独自の弦楽器。師匠が奏でた手本のフレーズを聞き終えた直後、左手と右手の役割を同じ順に再現して弾き返す弟子の稽古,1BIT INK,false,false,false,true,true,88,20/18/15/15/15/5,0,全入力ハンドラで即時フィードバック(feedback/fx/audio)を返す
,K-X-0019-ring-altar-pulse.js,K-X-0019-ring-altar-pulse,0,リングアルターパルス,石の祭壇に広がる光の輪を、広がりきった瞬間に手をかざして灯す,中央から広がっていく光の輪を、最大まで広がった瞬間に画面タップする,,194,timing_one_shot,ring_altar_pulse,timing_one_shot,low,default,,,0,,6,se_coin se_failure se_good se_milestone se_success se_tap,,true,false,true,burst popup,true,true,true,false,false,false,,27,15,true,false,石造りの祭壇の前に立つ守り手。祭壇が放つ光の輪は徐々に広がり、広がりきった一瞬だけ手をかざすと灯が宿る,80s NEON,false,false,false,true,true,95,25/20/15/15/15/5,0,
,K-X-0020-conduit-line-trace.js,K-X-0020-conduit-line-trace,0,コンジットライントレース,浮かび上がる導線を、火花をそのままなぞって指でスライドさせる,パネルに浮かぶ一本の導線を、始点から終点まで指でなぞって電流を通す,,234,trace,circuit_conduit_trace,trace,high,slug+jp,11,,0,,5,se_coin se_failure se_milestone se_success se_tap,,true,false,true,burst popup,true,true,true,true,false,false,,33,15,true,false,制御パネルの保守技師。浮かび上がった一本の導線を指でなぞり、火花を終点まで導いて回路を復旧させる,2010s FLAT MOBILE,false,false,false,true,true,95,25/20/15/15/15/5,0,
,K-X-0021-valve-wheel-spin.js,K-X-0021-valve-wheel-spin,0,バルブホイールスピン,巨大な水門の弁を、時間内にできるだけ何周も指でなぞって回す,中央の弁の周りを指でなぞるように円を描き続けて回す。速く回すほど周回が伸びる,,204,rotate_gesture,valve_wheel_spin,trace,med,jp,10,,0,,5,se_coin se_failure se_milestone se_success se_tap,,true,false,true,popup,true,true,true,true,false,false,,37,15,true,false,水路の奥にある巨大な手動水門。仕組み師が弁の縁を指でなぞって回し続け、時間内に水路を開ききる,90s 16bit,false,false,false,true,true,95,25/20/15/15/15/5,0,
,K-X-0022-ensemble-part-cue.js,K-X-0022-ensemble-part-cue,0,アンサンブルパートキュー,合奏の中、自分の担当パートに流れてくる音符を判定ラインで打つ,上から降りてくる音符が判定ラインに重なった瞬間にタップする,,219,rhythm,ensemble_solo_part,rhythm,low,jp-weak,,,0,,6,se_coin se_failure se_good se_milestone se_success se_tap,,true,false,true,popup,true,true,true,false,false,false,,33,15,true,false,合奏の輪の中、自分の持ち場に立つ演奏者。他の奏者は自動で音を刻み続け、自分は流れてくる自分のパートの音符だけを判定ラインで打つ,8bit HANDHELD,false,false,false,true,true,95,25/20/15/15/15/5,0,
,K-X-0023-rotating-stage-turn.js,K-X-0023-rotating-stage-turn,0,ローテイティングステージターン,回り舞台の奏者たちに続き、自分の出番の一瞬だけ演奏する,ゲージが手前の光る区間に入った瞬間だけタップする。それ以外のタップは効かない,,215,cooldown_tap,rotating_stage_turn,timing_one_shot,low,default,,,0,,7,se_bad se_coin se_failure se_good se_milestone se_success se_tap,,true,false,true,popup,true,true,true,false,false,false,,31,15,true,false,円形の回り舞台。奏者たちが順番に一節ずつ音を重ねていく合奏で、自分の出番は一巡につき一瞬だけ。我慢して待ち、その一瞬だけ音を重ねる,MODE7 PSEUDO,false,false,false,true,true,95,25/20/15/15/15/5,0,
,K-X-0024-mirror-step-mimic.js,K-X-0024-mirror-step-mimic,0,ミラーステップミミック,手本が示した順番の光る足場を、見た直後に同じ順で踏んで真似る,光って鳴った順番を見た直後、同じ順番で4つの足場をタップする,,245,memory_sequence,mirror_step_mimic,memory_sequence,med,jp,,,0,,5,se_coin se_failure se_milestone se_success se_tap,,true,true,true,popup,true,true,true,false,false,false,,52,15,true,false,稽古場の四方の足場。手本が一手ずつ順に光って音を鳴らし、見終えた直後に弟子(プレイヤー)が同じ順番で足場を踏んで型を真似る,PIXEL HD,false,false,false,true,true,95,25/20/15/15/15/5,0,
,K-X-0025-instant-call-response.js,K-X-0025-instant-call-response,0,インスタントコールレスポンス,問いかけられた合図の直後、間を置かずに答えて返す,呼びかけの合図(吹き出し)が出た瞬間、すぐに画面をタップして答える。合図の前に押すと失格,,189,reaction_duel,call_response_instant,reaction_duel,low,jp-weak,,,0,,7,se_coin se_failure se_good se_instant se_milestone se_success se_tap,bgm_tense,false,false,true,popup,true,true,true,false,false,false,,42,15,true,false,稽古場の問答。師が不定の間を置いて問いを投げ、弟子(プレイヤー)は合図が出た瞬間だけ間を置かずに答え返す,1BIT INK,false,false,false,true,true,93,25/18/15/15/15/5,0,
,K-X-0026-dual-string-button.js,K-X-0026-dual-string-button,0,デュアルストリングボタン,音符に合わせて右手でボタンを押しながら、左手で弦をかき鳴らす,右半分は流れる音符が判定ラインに来た瞬間タップ。左半分は弦が光ったら素早く横に指をドラッグしてかき鳴らす,,260,coop_2zone,dual_string_button,rhythm,low,jp-weak,,,0,,7,se_coin se_failure se_good se_milestone se_powerup se_success se_tap,,true,false,true,popup,true,true,true,true,false,false,,30,15,true,false,路上に立つ一人の弾き語り。右手は判定ラインに合わせてフレットボタンを押さえ、左手は光る弦をかき鳴らす。両手を同時に操って一曲を弾き切る,90s BIG SPRITE,false,false,false,true,true,95,25/20/15/15/15/5,0,
,K-X-0027-shared-drum-split.js,K-X-0027-shared-drum-split,0,シェアードドラムスプリット,隣同士で分担する一つの大太鼓を、光った側だけ叩き分ける,大太鼓の左右どちらかが光って膨らみきった瞬間、光った側をタップして打つ,,196,alternate_tap,shared_drum_split,timing_one_shot,low,default,,,0,,6,se_coin se_failure se_good se_milestone se_success se_tap,,true,false,true,popup,true,true,true,false,false,false,,27,15,true,false,祭り櫓の大太鼓を隣同士で分担する打ち手。太鼓は一つだが受け持ちは左右で分かれており、光った側の音符だけを自分の持ち場として打ち抜く,90s PRE-RENDER,false,false,false,true,true,95,25/20/15/15/15/5,0,
,K-X-0028-rival-accuracy-duel.js,K-X-0028-rival-accuracy-duel,0,ライバルアキュラシーデュエル,同じ譜面を上下に分かれたライバルと同時に叩き、正確さで得点を競う,下段の自分のラインに音符が重なった瞬間にタップする。上段はライバルが自動で演奏する,,229,duel_2p,rival_accuracy_duel,rhythm,low,jp-weak,,,0,,7,se_bad se_coin se_failure se_good se_milestone se_success se_tap,,true,false,true,popup,true,true,true,false,false,false,,32,15,true,false,一台の筐体を上下に分けた対戦演奏台。同じ譜面が上下同時に流れ、上段のライバルと下段の自分、正確に打てた分だけ得点が積み上がる,HD POST 3D,false,false,false,true,true,95,25/20/15/15/15/5,0,
,K-X-0029-panel-knob-curve.js,K-X-0029-panel-knob-curve,0,パネルノブカーブ,音符に合わせてボタンを押しつつ、曲線部分では指でつまみの溝をなぞって回す,丸い音符はボタンが光った瞬間にタップ。曲線の溝が現れたら始点から終点まで指でなぞる,,285,guide_path,control_panel_curve,trace,med,jp,,,0,,6,se_coin se_failure se_good se_milestone se_success se_tap,,true,false,true,popup,true,true,true,true,false,false,,51,15,true,false,演奏用制御盤の操作員。音符に合わせてボタンを押す区間と、溝に沿ってつまみを指でなぞり回す曲線区間が交互に現れる一連の演奏を成立させる,SKEUOMORPH,false,false,false,true,true,95,25/20/15/15/15/5,0,
,K-X-0030-ring-signal-tap.js,K-X-0030-ring-signal-tap,0,リングシグナルタップ,八方から迫る光の粒を、中央リングに触れる瞬間だけ弾く,中央のリングに光の粒が重なった一瞬(判定窓)でどこでもよいのでタップする,,232,timing_window,signal_ring_operator,timing_window,low,jp-weak,,,0,,6,se_bad se_coin se_failure se_good se_success se_tap,,true,false,true,burst popup,true,true,true,false,false,false,,31,15,true,false,高台の信号塔に一人立つ通信士。八方から届く光の粒信号を、中央の受信リングに重なる瞬間だけ弾いて送り返す,80s NEON,false,false,false,true,true,95,25/20/15/15/15/5,0,
,K-X-0031-comet-arc-trace.js,K-X-0031-comet-arc-trace,0,コメットアークトレース,円周に沿って伸びる彗星の光の尾を、指でなぞって追う,円周上を伸びていく光の帯からはみ出さないよう、指でなぞり続ける,,233,trace,comet_arc_tracer,trace,high,slug+jp,,,0,,5,se_coin se_failure se_milestone se_success se_tap,bgm_tense,false,false,true,burst popup,true,true,true,true,false,false,,23,15,true,false,丸いドームの天井を見上げる観測者。彗星が弧を描いて空を横切り、その光跡を指でなぞって記録する,70s VECTOR,false,false,false,true,true,93,25/18/15/15/15/5,0,
,K-X-0032-lantern-height-match.js,K-X-0032-lantern-height-match,0,ランタン高さ合わせ,指を上下にドラッグしてランタンを操り、渡ってくる灯りの高さに重ねる,画面を指で押さえたまま上下にドラッグし、ランタン(手元の灯)の高さを近づく灯りに合わせる,,196,drag_follow,lighthouse_lantern_keeper,pair_match,low,slug-weak,,,0,,7,se_bad se_coin se_failure se_good se_lantern_keeper se_success se_tap,,true,false,true,burst popup,true,true,true,true,false,false,,28,15,true,false,断崖の灯台守。沖から届く連絡船の灯りの高さを読み、自分のランタンを同じ高さに掲げて応答信号を送る,90s BIG SPRITE,false,false,false,true,true,95,25/20/15/15/15/5,0,
,K-X-0033-lane-flag-dispatch.js,K-X-0033-lane-flag-dispatch,0,レーンフラッグ発信,光る側のレールへ、素早く指を払って旗を振り分ける,左右どちらかのレールが光ったら、光った側へ指を払う(左右スワイプ),,201,swipe_direction,rail_lane_dispatcher,swipe_direction,med,jp,,,0,,6,se_bad se_coin se_failure se_good se_success se_tap,,true,false,true,burst popup,true,true,true,false,false,false,,30,15,true,false,分岐駅の操車係。左右どちらかのレールが光って合図を出すたび、旗を光った側へ払って列車を導く,2000s ARCADE POP,false,false,false,true,true,95,25/20/15/15/15/5,0,
,K-X-0034-vault-pad-flash.js,K-X-0034-vault-pad-flash,0,ボルトパッドフラッシュ,9枚の床パッドが順に光る、光った一瞬だけタップして解錠する,3x3の床パッドが1枚ずつ光るので、光っているその一瞬にそのパッドをタップする,,198,timing_one_shot,pressure_pad_vault,memory_sequence,med,jp,,,0,,6,se_bad se_coin se_failure se_good se_success se_tap,,true,false,true,burst popup,true,true,true,false,false,false,,27,15,true,false,遺跡最奥の扉番。床に並ぶ圧力パッドが一枚ずつ明滅する謎の錠。光った瞬間だけを狙って踏み抜き、封を解く,8bit PC MONITOR,false,false,false,true,true,95,25/20/15/15/15/5,0,
,K-X-0035-conduit-pulse-hold.js,K-X-0035-conduit-pulse-hold,0,コンジットパルスホールド,伸びてくる送電ラインの短点はタップ、長い帯は押しっぱなしで送電する,ラインが点(短)ならタップ、帯(長)なら帯の間ずっと指を押さえ続けて離す,,227,hold_duration,power_line_lineman,hold_charge,med,slug,,,0,,6,se_bad se_coin se_failure se_good se_success se_tap,,true,false,true,burst popup,true,true,true,true,false,false,,26,15,true,false,嵐の夜の送電線技師。判定ラインまで伸びてくる導線を、短い区画はタップで、長い区画は押さえ続けて通電させる,PIXEL HD,false,false,false,true,true,95,25/20/15/15/15/5,0,
,K-X-0036-tandem-brake-duet.js,K-X-0036-tandem-brake-duet,0,タンデムブレーキデュエット,画面上下で二人一組、伸びてくる光る綱を分担してタップする,画面上半分は上のプレイヤー、下半分は下のプレイヤーが担当。自分側に来た光点をタップする,,230,coop_2zone,tandem_cable_brakemen,duel_2p,med,jp,,,0,,6,se_bad se_coin se_failure se_good se_success se_tap,,true,false,true,burst popup,true,true,true,false,false,false,,39,15,true,false,山あいのケーブルカーを操る二人一組の制動手。上下に分かれ、共有する光る制動綱の合図を分担してタップし速度を合わせる,TOON SHADE,false,false,false,true,true,95,25/20/15/15/15/5,0,
,K-X-0037-blind-bell-strike.js,K-X-0037-blind-bell-strike,0,ブラインドベルストライク,目隠しの鐘つき番。響く一打の合図の瞬間だけを頼りにタップする,画面はほぼ暗転。合図の鐘音が鳴った、その瞬間にタップする(視覚はほぼ使わない),,196,reaction_duel,blind_bell_ringer,reaction_duel,low,jp-weak,,,0,,6,se_bad se_coin se_failure se_good se_success se_tap,bgm_dark,false,true,true,burst flash popup,true,true,true,false,false,false,,24,15,true,false,真っ暗な鐘楼に目隠しで立つ鐘つき番。合図の残響だけを頼りに、鳴った瞬間を逃さず撞木を打ち込む,1BIT INK,false,false,false,true,true,93,25/18/15/15/15/5,0,
,K-X-0038-sonar-beat-sync.js,K-X-0038-sonar-beat-sync,0,ソナービートシンク,暗闇の中、一定間隔で鳴るソナー音の拍だけに合わせて連続でタップし続ける,画面はほぼ暗転。一定テンポで鳴るソナー音を聞き、その拍の瞬間ごとにタップし続ける,,182,rhythm,sonar_drum_diver,rhythm,med,slug,,,0,,5,se_bad se_coin se_failure se_good se_success,bgm_dark,false,true,true,burst flash popup,true,true,true,false,false,false,,24,15,true,false,光の届かない深海を行く潜水士。ガイドが打つソナーの拍だけを頼りに、姿は見えぬまま歩調を合わせて進む,SKEUOMORPH,false,false,false,true,true,93,25/18/15/15/15/5,0,
,K-X-0039-firefly-pattern-recall.js,K-X-0039-firefly-pattern-recall,0,ファイアフライパターンリコール,一瞬だけ光る蛍の点滅間隔を覚え、消えた後も同じ間で拍手する,蛍が数回光る間隔をよく見て覚え、光が消えた後、同じタイミングでタップし続ける,,221,memory_sequence,firefly_pattern_conductor,timing_one_shot,low,jp-weak,,,0,,6,se_bad se_coin se_failure se_good se_success se_tap,bgm_cute,false,true,true,burst popup,true,true,true,false,false,false,,38,15,true,false,夜の野原で蛍を導く指揮者。蛍が数回瞬く間隔を目に焼き付け、光が消えた暗闇の中でも同じ拍で手を打ち続ける,HD POST 3D,false,false,false,true,true,93,25/18/15/15/15/5,0,
,D-20092012-0009-glowlane-dash.js,D-20092012-0009-glowlane-dash,0,グローレーン・ダッシュ,光る3車線を自動で走り続ける小さな配達ロボが、迫る障害物をスワイプでかわす,左右にスワイプしてレーンを切り替え、迫る障害物を避ける,,232,dodge,glowlane_dash,dodge,med,jp,,,0,,7,se_bad se_coin se_failure se_good se_milestone se_success se_tap,,true,false,true,burst popup,true,true,true,false,false,false,,27,15,true,false,夜の配送センターの光る3車線コース。小さな配達ロボが休みなく前進し、迫るコンテナをレーン移動でかわしてゴールを目指す,2000s ARCADE POP,false,false,false,true,true,95,25/20/15/15/15/5,0,
,D-20092012-0010-fork-run-escape.js,D-20092012-0010-fork-run-escape,0,フォークラン・エスケープ,追ってくる大きな影から、分かれ道を正しい方向へスワイプして逃げ切る小さな探検者,分岐点で安全な方の道が光るので、その方向へスワイプして進路を選ぶ,,216,swipe_direction,fork_run_escape,slice,med,jp,,,0,,7,se_bad se_coin se_failure se_good se_milestone se_success se_tap,,true,false,true,popup,true,true,true,false,false,false,,26,15,true,false,積み木で組まれた立方体の地下遺跡。小さな探検者が、追ってくる巨大な影から分かれ道を選びながら出口まで走り抜ける,VOXEL BLOCK,false,false,false,true,true,95,25/20/15/15/15/5,0,
,D-20092012-0011-updraft-courier.js,D-20092012-0011-updraft-courier,0,アップドラフト・クーリエ,背中の送風ユニットで浮かぶ配達員が、指の高さに合わせて上下し迫る障害物をかわす,画面を指で押さえたまま上下にドラッグすると、配達員がその高さへついてくる,,217,drag_follow,updraft_courier,timing_one_shot,low,default,,,0,,7,se_bad se_coin se_failure se_good se_milestone se_success se_tap,,true,false,true,popup,true,true,true,true,false,false,,24,15,true,false,高層ビルの谷間を行き来する送風ユニット配達員。指先の高さに合わせて上下しながら、迫る看板や配管をかわして荷物を届ける,TOON SHADE,false,false,false,true,true,95,25/20/15/15/15/5,0,
,D-20092012-0022-rooftop-relay-dash.js,D-20092012-0022-rooftop-relay-dash,0,ルーフトップ・リレーダッシュ,崩れゆく屋上群を自動疾走し、割れ目が来た瞬間にタップして跳び越える,足場が崩れる割れ目に差しかかる瞬間にタップしてジャンプする,,227,camera_run,crumbling_rooftop_courier,camera_run,high,slug+jp,,,0,,7,se_bad se_coin se_failure se_jump se_milestone se_success se_tap,,true,false,true,burst popup,true,true,true,false,false,false,,29,15,true,false,夜の下町、崩れゆく屋根伝いを走る飛脚便が、途切れる屋上の隙間を跳びながら終着点まで駆け抜ける,TOON SHADE,false,false,false,true,true,95,25/20/15/15/15/5,0,
,D-20092012-0023-rooftop-courier-dash.js,D-20092012-0023-rooftop-courier-dash,0,ルーフトップ・クーリエ・ダッシュ,自動で走り続ける配達人が、迫る障害物をタップで跳び越え/突き抜ける,画面をタップすると次の障害物を跳躍または突進で処理する(接近を見て早すぎず遅すぎず),,222,camera_run,rooftop_courier,camera_run,high,slug+jp,,,0,,6,se_bad se_coin se_failure se_jump se_success se_tap,,true,false,true,burst popup,true,true,true,false,false,false,,39,15,true,false,屋根伝いに荷物を届ける配達人が、夕暮れの屋上を自動で走り続け、迫る障害物をタップ一つで跳躍/突進して切り抜ける,90s 16bit,false,false,false,true,true,95,25/20/15/15/15/5,0,
,D-20092012-0046-skyline-plank-runner.js,D-20092012-0046-skyline-plank-runner,0,高架ランナーの板渡し,自動で走るランナーの少し先に指で板を描き、欠けた橋をつないで落下を防ぐ,ランナーの少し先の空中を指でなぞって板(足場)を描き、欠けた区間を途切れないよう繋ぐ,,235,guide_path,skyline_plank_runner,trace,med,jp,,,0,,5,se_coin se_failure se_milestone se_success se_tap,bgm_tense,false,false,true,popup,true,true,true,true,false,false,,22,15,true,false,崩れた高架橋を自動で走り続ける配達ランナーの少し先に、指で板を描いて即席の橋を繋ぎ、対岸まで導く,90s LOW POLY,false,false,false,true,true,89,21/18/15/15/15/5,0,全入力ハンドラで即時フィードバック(feedback/fx/audio)を返す
,GH-DS-0008-plate-dash.js,GH-DS-0008-plate-dash,0,プレートダッシュ,皿が落ちる前に跳び越える。届いた距離が残る,タップでジャンプ。押す長さで跳ぶ高さが変わる(長押し可),,255,camera_run,kitchen_counter,hold_charge,low,jp-weak,20,,0,,6,se_coin se_failure se_jump se_milestone se_success se_tap,,true,true,true,flash popup,true,true,true,true,false,false,,39,15,true,false,深夜の台所の調理台。積まれた皿がひとりでに落ちてくる。棚の上を走り、落ちる皿を跳び越える,8bit HOME,true,false,false,true,true,95,25/20/15/15/15/5,0,
,GH-DS-0013-ledge-to-ledge-climb.js,GH-DS-0013-ledge-to-ledge-climb,0,レッジトゥレッジクライム,崩れる足場を渡り歩き、塔のてっぺんを目指す,次の足場がある側へスワイプして跳び移る。足場は着地後まもなく崩れ落ちる,,287,camera_climb,crumbling_watchtower,camera_climb,low,slug-weak,,,0,,6,se_coin se_failure se_jump se_milestone se_success se_tap,,true,false,true,flash popup,true,true,true,false,false,false,,35,15,true,false,崩れかけの見張り塔。石工の見習いが、崩落する足場を読みながら頂上の鐘を目指して登る,90s 16bit,false,false,false,true,true,95,25/20/15/15/15/5,0,
,GH-PS-0028-platform-dash-alternate.js,GH-PS-0028-platform-dash-alternate,0,プラットフォームダッシュ,左右交互のタップで全力疾走し、発車間際の電車に飛び乗る,画面左右を交互にタップして走る。同じ側を連続で叩くとつまずく,,227,alternate_tap,station_platform,alternate_tap,med,jp,12,,0,,5,se_coin se_failure se_milestone se_success se_tap,,true,true,true,popup,true,true,true,false,false,false,,37,15,true,false,夕方の駅のホーム。案内板の秒針が発車を刻む。左右の足を交互に踏み出して走者が電車まで駆け抜ける,80s ISO,false,false,false,true,true,95,25/20/15/15/15/5,0,
,GH-PS-0032-boulder-dash-dodge.js,GH-PS-0032-boulder-dash-dodge,0,キャニオンダッシュ,3本の坑道レーンを走り、転がってくる岩をスワイプで避け続ける,左右にスワイプしてレーンを切り替える。岩が来る前に土煙の予告が出るレーンを避ける,,260,dodge,mine_canyon_run,dodge,high,slug+jp,,12,0,,7,se_coin se_failure se_good se_milestone se_powerup se_success se_tap,,true,true,true,burst popup,true,true,true,false,false,false,,36,15,true,false,採掘用トロッコの3本レーン。奥から岩が転がってくる。土煙の予告のあと岩が来るので、来る直前にレーンを移る。避け続けるとまれに幸運な追い風(フィーバー)が来る,8bit PC MONITOR,false,false,false,true,true,95,25/20/15/15/15/5,0,
,GH-PS-0093-rc-flip.js,GH-PS-0093-rc-flip,0,RCフリップ,ラジコンでコースを走らせる。操作が視点と逆になる区間がある,指で左右にドラッグして操縦。逆走マーク区間では操作方向が反転する,,213,drag_follow,neon_rc_track,timing_one_shot,low,default,,,0,,4,se_coin se_failure se_success se_tap,bgm_tense,false,false,true,burst popup,true,true,true,true,false,false,,21,15,true,false,夜のRCコース。普段は指の方向どおりに動くが、視点が反転する区間だけ逆に動く。気づかず突っ込むと外に落ちる,80s NEON,false,false,false,true,true,93,25/18/15/15/15/5,0,
,GH-PS-0113-tag-chase.js,GH-PS-0113-tag-chase,0,タグチェイス,鬼ごっこ。触られる前に逃げる。決まった場所(安全マット)なら捕まらない(2人),左半分をP1(逃げる側)、右半分をP2(追う側)が指で押さえたままドラッグで自分のコマを操作,,225,duel_2p,schoolyard_tag,duel_2p,med,jp,,,0,,4,se_coin se_failure se_success se_tap,bgm_cute,false,false,true,burst popup,true,true,true,true,true,false,,35,12,true,false,校庭の鬼ごっこ。安全マットの上に乗っていれば捕まらない。制限時間まで逃げ切れば勝ち,8bit HANDHELD,false,false,false,true,true,93,25/18/15/15/15/5,0,
,GH-PS-0122-shutter-chance.js,GH-PS-0122-shutter-chance,0,シャッターチャンス,被写体が決めポーズをした瞬間にシャッターを押す,被写体が本当のポーズ(両手を広げる)を決めた瞬間にタップ。中途半端な構えは偽物,,177,timing_one_shot,photo_shoot,timing_one_shot,low,default,,,0,,5,se_bad se_coin se_failure se_success se_tap,bgm_cute,false,false,true,burst popup,true,true,true,false,false,false,,43,15,true,false,スタジオでの撮影。被写体は何度か構えかけて止まる(偽物)。本当に両手を広げて決めた瞬間だけシャッターチャンス,2000s HANDHELD PASTEL,false,false,false,true,true,93,25/18/15/15/15/5,0,
,GH-PS-0123-runway-land.js,GH-PS-0123-runway-land,0,ランウェイランド,滑走路にまっすぐ降りる。速度と高度を合わせる,押して高度を上げる、離すと下がる。速度は一定。ゲージ2本を着地帯に収めてタップで着陸,,167,hold_duration,dusk_runway,camera_climb,low,jp-weak,,,0,,4,se_coin se_failure se_success se_tap,bgm_tense,false,false,true,burst popup,true,true,true,true,false,false,,20,15,true,false,夕暮れの滑走路。高度計と速度計、2本のゲージが揺れる。両方が帯の中に収まった時だけ着陸できる,HD POST 3D,false,false,false,true,true,93,25/18/15/15/15/5,0,
,GH-PS2-0044-cover-dash.js,GH-PS2-0044-cover-dash,0,カバーダッシュ,遮蔽物の間を走る。敵の射線が切れた瞬間だけ動く,サーチライトが自分から外れている間にタップして次の遮蔽物へ走る,,196,timing_window,searchlight_corridor,camera_run,low,slug-weak,,,0,,4,se_coin se_failure se_success se_tap,bgm_tense,false,false,true,burst popup,true,true,true,false,false,false,,19,15,true,false,奥へ続く通路。サーチライトが周期的に通路を掃く。光が外れた一瞬だけ、次の遮蔽物まで走れる,MODE7 PSEUDO,false,false,false,true,true,93,25/18/15/15/15/5,0,
,GH-PS2-0057-jitte-throw.js,GH-PS2-0057-jitte-throw,0,ジッテスロー,逃げる下手人に十手を投げる。届く距離で投げる,相手が投げても届く距離の帯に入った瞬間にタップ,,169,timing_one_shot,night_chase,timing_one_shot,low,default,,,0,,5,se_bad se_coin se_failure se_success se_tap,bgm_tense,false,false,true,burst popup,true,true,true,false,false,false,,23,15,true,false,夜の路地、逃げる影を追う。届く間合いの帯に入った瞬間だけ投げが届く。早すぎ・遠すぎれば外れる,90s BIG SPRITE,false,false,false,true,true,93,25/18/15/15/15/5,0,
,I-DS-0029-rooftop-tile-dodge.js,I-DS-0029-rooftop-tile-dodge,0,屋根がわら避け,嵐の屋根の上、迫り落ちてくる瓦を指でぜんまい仕掛けをドラッグしてよける,落ちてくる瓦の影を見て、瓦がない位置までぜんまい仕掛けを指で左右にドラッグする,,225,dodge,storm_rooftop_windup,dodge,high,slug+jp,20,,0,,6,se_bad se_coin se_failure se_milestone se_success se_tap,bgm_tense,false,false,true,burst popup,true,true,true,true,false,false,,21,15,true,false,嵐の夜の屋根。ぜんまい仕掛けの小さなロボットが、剥がれ落ちる瓦を避けながら煙突まで踏みとどまる,MODE7 PSEUDO,false,false,false,true,true,89,21/18/15/15/15/5,0,全入力ハンドラで即時フィードバック(feedback/fx/audio)を返す
,I-GBA-0015-gate-slip.js,I-GBA-0015-gate-slip,0,ゲートスリップ,閉まりかけの改札ゲートが完全に閉じる前に、指で連れたキャラを隙間へ滑り込ませる,指を離した位置にキャラがついてくる。閉じていくゲートの隙間へ、完全に閉まる前にドラッグして通す,,212,drag_follow,transit_gate_rush,gap_fit,low,jp-weak,,,0,,7,se_bad se_coin se_failure se_good se_milestone se_success se_tap,,true,false,true,burst popup,true,true,true,true,false,false,,24,15,true,false,地下の乗換通路。閉まりかけの自動ゲートへ、駆け込み客の分身キャラを指で誘導して滑り込ませ続ける,2010s FLAT MOBILE,false,false,false,true,true,95,25/20/15/15/15/5,0,
,I-GBA-0016-crate-lane-dodge.js,I-GBA-0016-crate-lane-dodge,0,クレートレーンドッジ,頭上のコンベアから落ちてくる木箱を避け続けながら通路を進む,落下物が来るレーンを見て、来ない側のレーンへホールド移動する,,231,dodge,cargo_conveyor_dodge,dodge,high,slug+jp,,,0,,7,se_bad se_coin se_failure se_good se_milestone se_success se_tap,,true,false,true,popup,true,true,true,false,false,false,,27,15,true,false,倉庫の搬入通路。頭上のコンベアから木箱が連続で落ちてくる中、台車係が轢かれないようレーンを渡り歩く,8bit HANDHELD,false,false,false,true,true,88,18/20/15/15/15/5,0,全入力ハンドラで即時フィードバック(feedback/fx/audio)を返す
,I-GBA-0052-cliff-alt-climb.js,I-GBA-0052-cliff-alt-climb,0,クリフオルトクライム,画面左右を交互にタップして、時間内に岩壁を登りきる,画面下の左右ゾーンを交互にタップして手足を掛け替え、登っていく,,203,alternate_tap,cliffside_alt_climb,alternate_tap,med,jp,11,,0,,7,se_bad se_coin se_failure se_good se_milestone se_success se_tap,,true,false,true,popup,true,true,true,true,false,false,,27,15,true,false,荒いドット絵で描かれた一枚岩の断崖。左右の手がかりへ交互に手を伸ばして頂上を目指す小さな登山者,8bit HANDHELD,false,false,false,true,true,95,25/20/15/15/15/5,0,
,I-GBA-0065-spindle-tower-climb.js,I-GBA-0065-spindle-tower-climb,0,スピンドルタワークライム,灯台内部の巻き上げ機を回し続け、日暮れ前に灯室まで昇る,画面下のクランクの上で指を円を描くように回し続け、籠を巻き上げる。突風の予告中も回し続けて耐える,,233,camera_climb,lighthouse_winch_climb,rotate_gesture,med,jp,,7,0,,6,se_coin se_failure se_milestone se_success se_tap se_winch_climb,,true,false,true,burst popup,true,true,true,true,false,false,,27,15,true,false,灯台の内部シャフト。灯守りが手動の巻き上げクランクを回し、日没までに灯室まで籠を昇らせる,8bit HOME,false,false,false,true,true,91,21/20/15/15/15/5,0,全入力ハンドラで即時フィードバック(feedback/fx/audio)を返す
,I-Switch-0001-rooftop-courier-dash.js,I-Switch-0001-rooftop-courier-dash,0,ダッシュクーリエ,屋根伝いの配達人が連打で加速し、隙間をジャンプでかわしながら距離を走り切る,画面タップ連打で加速する。頭上に隙間の警告が出たら上スワイプでジャンプしてかわす,,238,camera_run,rooftop_courier_dash,mash,med,jp,20,,0,,7,se_bad se_coin se_failure se_jump se_milestone se_success se_tap,bgm_tense,false,false,true,popup,true,true,true,false,false,false,,27,15,true,false,夕暮れの屋根の上、配達人が屋根から屋根へ駆け抜け、隙間を飛び越えながら決められた距離を届け先まで走る,90s BIG SPRITE,false,false,false,true,true,86,18/18/15/15/15/5,0,全入力ハンドラで即時フィードバック(feedback/fx/audio)を返す
,I-Switch-0007-ductway-drone.js,I-Switch-0007-ductway-drone,0,ダクトウェイ・ドローン,通風ダクトを飛ぶ配達ドローン。上下3段のレーンだけを移動し、回るファンをよける,上/下にスワイプしてレーンを1段だけ移動する。左右移動はできない,,223,camera_run,duct_delivery_drone,dodge,med,jp,,,0,,5,se_bad se_coin se_milestone se_success se_tap,,true,false,true,burst popup,true,true,true,false,false,false,,31,15,true,false,工場地下の通風ダクトを飛ぶ紙飛行機型の配達ドローン。回転ファンの隙間だけを縫って荷物を届ける,90s 16bit,false,false,false,true,true,88,18/20/15/15/15/5,0,全入力ハンドラで即時フィードバック(feedback/fx/audio)を返す
,I-Wii-0022-rope-ladder-climb.js,I-Wii-0022-rope-ladder-climb,0,ロープラダー・クライム,崩れゆく崖の縄ばしごを左右交互に踏んで、落ちる前に登り切る,画面下の左右ゾーンを交互にタップしてロープばしごを登る。同じ側を連続で踏むと足が滑る,,196,alternate_tap,crumbling_cliff_rope_ladder,alternate_tap,med,jp,,10,0,,6,se_bad se_coin se_failure se_milestone se_success se_tap,bgm_tense,false,false,true,burst popup,true,true,true,true,false,false,,25,15,true,false,崩れゆく崖に垂れた縄ばしごを、登山者が左右の足場を交互に踏みながら崩落より速く登り切る,90s 16bit,false,false,false,true,true,93,25/18/15/15/15/5,0,
,K-GBA-0003-drill-march-inplace.js,K-GBA-0003-drill-march-inplace,0,ドリルマーチ,一定のリズムで足踏みを続け、隊列を乱さず足並みを揃える,光る方の足跡(左右交互)を、太鼓の拍に合わせてタップして足踏みを続ける,,213,alternate_tap,handheld_drill_march,alternate_tap,med,jp,,,0,,5,se_bad se_coin se_failure se_success se_tap,,true,false,true,burst popup,true,true,true,false,false,false,,26,15,true,false,8bitハンドヘルドの隊列訓練。左右交互の足跡を太鼓のリズムぴったりに踏み続け、隊列から遅れない,8bit HANDHELD,false,false,false,true,true,95,25/20/15/15/15/5,0,
,K-GBA-0017-nightwatch-freeze-step.js,K-GBA-0017-nightwatch-freeze-step,0,夜警フリーズステップ,一定の歩調で見回る足を、物音の合図が鳴った瞬間だけ止める,歩き続ける足音の中、物音の合図(点滅)が出たらその直後にタップして足を止める,,200,freeze,nightwatch_patrol,reaction_duel,low,jp-weak,,,0,,7,se_bad se_coin se_failure se_good se_milestone se_success se_tap,bgm_dark,false,false,true,burst popup,true,true,true,false,false,false,,26,15,true,false,明けの見回りをする夜警。等間隔の足音の中、物音の合図が鳴った直後だけ足を止めてやり過ごす巡回,1BIT INK,false,false,false,true,true,93,25/18/15/15/15/5,0,
,K-GBA-0023-cliff-ascent-climb.js,K-GBA-0023-cliff-ascent-climb,0,崖登りリズム,一定のリズムで足場を蹴り上がりながら、落ちてくる岩を避けて頂上を目指す,一定間隔でタップして上昇(拍から外れると失速)。左右に岩が来たら逆側へスワイプしてよける,,209,camera_climb,cliff_ascent_climb,dodge,med,jp,,,0,,6,se_bad se_coin se_failure se_milestone se_success se_tap,,true,false,true,popup,true,true,true,false,false,false,,27,15,true,false,夜明け前の断崖を一人で登る登攀者。一定リズムで足場を蹴り、落石を避けながら頂上灯りを目指す,8bit HOME,false,false,false,true,true,91,25/20/15/11/15/5,0,進捗バーか達成カウンタを常時表示する
,K-X-0017-gauntlet-shape-runner.js,K-X-0017-gauntlet-shape-runner,0,決め振り回廊,あらかじめ決まった振り付けの障害物回廊を、形に合わせて跳ぶ・くぐる・かわす,迫る障害物の形を見て、低い塊は上へ、頭上の梁は下へ、左右の壁はその場から離れる方向へスワイプする,,244,camera_run,fixed_choreography_gauntlet,swipe_direction,med,jp,,,0,,8,se_bad se_coin se_failure se_good se_jump se_milestone se_success se_tap,,true,false,true,popup,true,true,true,false,false,false,,52,15,true,false,工房地下に組まれた一本道の試練回廊。あらかじめ決められた9つの障害物の並びを、駆け抜ける配達係が形どおりの動きでこなしていく,90s 16bit,false,false,false,true,true,88,18/20/15/15/15/5,0,全入力ハンドラで即時フィードバック(feedback/fx/audio)を返す
,K-X-0018-pulse-track-sprint.js,K-X-0018-pulse-track-sprint,0,鼓動トンネル疾走,流れる曲の拍に合わせて生成されるゲートを、空いたレーンへ指を寄せて駆け抜ける,3本のレーンのうち、迫るゲートで塞がれていないレーンへ指を押さえたまま寄せて走らせ続ける,,225,dodge,pulse_tunnel_sprint,rhythm,low,jp-weak,,,0,,6,se_bad se_coin se_good se_milestone se_tap se_tunnel_sprint,,true,false,true,popup,true,true,true,true,false,false,,23,15,true,false,曲の鼓動そのものが壁を生み出す光のトンネル。拍ごとに生成されるゲートの空きレーンだけを縫って駆け抜けるランナー,VOXEL BLOCK,false,false,false,true,true,90,20/20/15/15/15/5,0,全入力ハンドラで即時フィードバック(feedback/fx/audio)を返す
,D-20092012-0003-orbit-curve-strike.js,D-20092012-0003-orbit-curve-strike,0,オービットカーブストライク,無重力の宙域で探査ドローンを放ち、惑星の重力で軌道を曲げて隠れた標的を撃つ,狙いたい方向の画面をタップ。ドローンはその方向へ飛び出し、惑星の重力に引かれて軌道が曲がる,,285,aim_shoot,gravity_well_probe,aim_shoot,low,jp-weak,,,0,,8,se_bad se_break se_coin se_failure se_jump se_milestone se_success se_tap,,true,false,true,burst popup,true,true,true,false,false,false,,58,18,true,false,無重力の宙域に浮かぶガス惑星。小さな探査ドローンを放ち、惑星の重力に軌道を巻き付けながら、影に隠れた標的ビーコンを撃ち抜く,MODE7 PSEUDO,false,false,false,true,true,95,25/20/15/15/15/5,0,
,D-20092012-0021-barrier-flare-watch.js,D-20092012-0021-barrier-flare-watch,0,バリアフレア・ウォッチ,夜霧の外壁に迫るしがみ這い寄る影を、フレア砲でタップ狙撃して食い止める,画面奥から迫る影を、壁に達する前にタップして撃つ,,234,aim_shoot,fogline_outpost_watch,aim_shoot,low,jp-weak,,,0,,7,se_bad se_break se_coin se_failure se_milestone se_success se_tap,bgm_tense,false,false,true,burst popup shake,true,true,true,false,false,false,,26,15,true,false,濃霧の外壁前哨。見張り番が迫り這う影の群れをフレア砲で狙撃し、壁の内側を守り抜く,90s BIG SPRITE,false,false,false,true,true,93,25/18/15/15/15/5,0,
,D-20092012-0045-porch-zapper-light.js,D-20092012-0045-porch-zapper-light,0,軒先ザッパーライト,灯りに群がる虫を指で次々にタップして退治する,灯りの周りに現れる虫を、消える前に素早くタップして倒す,,199,chase,porch_zapper_light,timing_one_shot,low,default,18,,0,,5,se_break se_coin se_failure se_milestone se_tap,,true,false,true,burst popup,true,true,true,false,false,false,,26,15,true,false,夜更けの軒先に灯る誘蛾灯へ次々と群がる虫を、番人が指先ひとつで捕まえては退治していく,MODERN AD-GAME,false,false,false,true,true,95,25/20/15/15/15/5,0,
,GH-DS-0009-armor-gap.js,GH-DS-0009-armor-gap,0,アーマーギャップ,装甲車が迫る。装甲の隙間が開く一瞬だけ撃てる,隙間(赤く光る部分)が開いた瞬間にタップ,,185,timing_window,iso_convoy,gap_fit,low,jp-weak,,,0,,5,se_bad se_coin se_failure se_success se_tap,bgm_tense,false,false,true,burst popup,true,true,true,false,false,false,,28,15,true,false,見下ろし斜め視点の道。装甲車が正面から迫り、装甲板が周期的に開閉する。開いた瞬間だけ弱点が見える,80s ISO,false,false,false,true,true,93,25/18/15/15/15/5,0,
,GH-DS-0012-turret-rotate-predict.js,GH-DS-0012-turret-rotate-predict,0,ターレットリード,砲塔を指で回し、動く標的の先を読んで3発当てる,砲塔の支点を中心に指で円弧を描いて回転させ、狙いを定めてから指を離すと発射。着弾まで時間がかかるので先読みが要る,,250,rotate_gesture,coastal_battery_lead,rotate_gesture,low,slug-weak,,,0,,7,se_bad se_coin se_failure se_jump se_powerup se_success se_tap,bgm_tense,false,true,true,burst popup,true,true,true,true,false,false,,31,15,true,false,岸壁の防衛砲塔。沖を横切る標的艇を狙う。砲弾は着弾まで間があるので、今の位置ではなく先の位置に構える,90s PRE-RENDER,false,false,false,true,true,93,25/18/15/15/15/5,0,
,GH-DS-0016-arc-shot-trajectory.js,GH-DS-0016-arc-shot-trajectory,0,アークショットトラジェクトリ,揺れる二つのゲージが合った瞬間にタップし、山越えの一発を放つ,高さゲージと飛距離ゲージが同時に良い値になった瞬間にタップして発射,,303,trajectory,hilltop_mortar_range,aim_shoot,med,slug,,,0,,6,se_coin se_failure se_jump se_milestone se_success se_tap,,true,true,true,burst popup,true,true,true,false,false,false,,50,19,true,false,丘の砲兵陣地。高さと距離、二つの揺れを同時に読み切って、丘向こうの的へ一発を落とす,70s MONO,false,false,false,true,true,90,20/20/15/15/15/5,0,
,GH-DS-0025-headshot.js,GH-DS-0025-headshot,0,ヘッドショット,弾は12発。迫る群れの、頭だけを撃つ,タップで撃つ,,299,aim_shoot,night_barricade,aim_shoot,low,jp-weak,20,,0,,6,se_break se_coin se_failure se_milestone se_success se_tap,,true,false,true,burst flash popup,true,true,true,false,false,false,,73,15,true,false,夜のバリケード。手持ちの弾は12発しかなく、群れは止まらない。胴に当てても倒れない,90s BIG SPRITE,true,false,false,true,true,95,25/20/15/15/15/5,0,
,GH-PS-0045-hostage-safe-aim.js,GH-PS-0045-hostage-safe-aim,0,セーフエイム,せり出す的だけを狙って撃つ。手を挙げた人質を撃てば一発で終わる,タップで狙撃。赤いマスクの的だけを撃つ。青い私服の人質には触れない,,229,aim_shoot,rooftop_standoff,aim_shoot,high,slug+jp,16,,0,,6,se_break se_coin se_failure se_milestone se_success se_tap,,true,false,true,burst flash popup,true,true,true,false,false,false,,58,15,true,false,夜のビル屋上の対峙。手すりの陰から的と人質が交互にせり出す。人質は両手を挙げて見分けがつくが、迷いなく引き金を引けば巻き添えにする,8bit HANDHELD,false,false,false,true,true,95,25/20/15/15/15/5,0,
,GH-PS-0057-bullet-gap.js,GH-PS-0057-bullet-gap,0,バレットギャップ,弾幕の隙間を抜けながら進む。自機の当たり判定は小さい,指で左右にドラッグして、迫る弾幕列の隙間へ機体を入れる,,204,dodge,bullet_curtain,gap_fit,low,jp-weak,,,0,,5,se_coin se_failure se_good se_success se_tap,bgm_tense,false,false,true,burst popup,true,true,true,true,false,false,,17,15,true,false,見下ろしの戦場。上から弾幕の列が繰り返し迫る。列ごとに隙間の位置が変わる。自機の当たり判定は小さく、隙間の端でもすり抜けられる,MODERN AD-GAME,false,false,false,true,true,93,25/18/15/15/15/5,0,
,GH-PS-0088-flash-target.js,GH-PS-0088-flash-target,0,フラッシュターゲット,的が一瞬しか出ない。出た瞬間に撃つ,巨大な的が浮かび上がった瞬間だけタップ,,192,timing_one_shot,shooting_gallery,aim_shoot,high,slug+jp,,,0,,5,se_bad se_coin se_failure se_success se_tap,bgm_tense,false,false,true,burst popup,true,true,true,false,false,false,,41,15,true,false,射的場。3つの台のどれかに、巨大な的が一瞬だけせり上がる。出た瞬間だけ撃てる。すぐ引っ込む,90s BIG SPRITE,false,false,false,true,true,93,25/18/15/15/15/5,0,
,GH-PS-0099-descend-row.js,GH-PS-0099-descend-row,0,ディセンドロウ,上から来る列を撃つ。減るほど速くなる,降りてくる敵をタップして撃つ。逃すと近づいて危険が増す,,183,mash,invader_column,aim_shoot,low,jp-weak,,,0,,6,se_bad se_coin se_failure se_good se_success se_tap,bgm_tense,false,false,true,burst popup,true,true,true,false,false,false,,14,15,true,false,上から敵の列が降りてくる。数が減るほど速くなる。最下段に3体到達すると突破される,2010s FLAT MOBILE,false,false,false,true,true,93,25/18/15/15/15/5,0,
,GH-PS-0101-lock-volley.js,GH-PS-0101-lock-volley,0,ロックボレー,ロックオンして一斉に撃つ。ロック数が多いほど高得点,制限時間内にできるだけ多くの敵をタップしてロックオン。時間切れで一斉に撃つ,,190,reaction_duel,ink_squadron,aim_shoot,low,jp-weak,,,0,,5,se_bad se_coin se_failure se_success se_tap,bgm_tense,false,false,true,burst popup,true,true,true,false,false,false,,17,11,true,false,白黒の画面に浮かぶ敵影。ロックした敵にだけ印が付く。制限時間が来たら、印の付いた敵だけ一斉に消える,1BIT INK,false,false,false,true,true,93,25/18/15/15/15/5,0,
,GH-PS2-0042-overheat-pace-fire.js,GH-PS2-0042-overheat-pace-fire,0,オーバーヒートペース,銃身が焼き切れる前に、間隔を空けてタップで迎撃する,画面のどこでもタップで自動照準射撃。連打すると銃身が過熱して撃てなくなる,,251,cooldown_tap,barrier_turret,mash,med,jp,13,,0,,7,se_bad se_break se_coin se_failure se_milestone se_success se_tap,,true,false,true,burst flash popup,true,true,true,false,false,false,,36,15,true,false,荒野の防衛柵。旧式タレットは銃身が熱くなるとロックする。迫る機体を、連打せず間を置いて狙い撃つしかない,70s VECTOR,false,false,false,true,true,95,25/20/15/15/15/5,0,
,GH-Wii-0008-corner-combat.js,GH-Wii-0008-corner-combat,0,コーナーコンバット,4隅で撃ち合い、最後の1人になる(2〜4人),自分の角(隅)を連打して撃つ。当たると相手のHPが減る,,212,duel_2p,block_arena,mash,med,jp,,,0,,5,se_coin se_failure se_good se_success se_tap,bgm_tense,false,false,true,burst popup,true,true,true,true,true,false,,25,13,true,false,4隅に分かれたブロックの闘技場。連打で撃ち、当てれば相手が1体減る。残り1人になるまで、または時間切れまで,VOXEL BLOCK,false,false,false,true,true,93,25/18/15/15/15/5,0,
,I-3DS-0003-cannon-charge-release.js,I-3DS-0003-cannon-charge-release,0,キャノンチャージリリース,合図と同時に発射ボタンを押し続け、示された長さでちょうど離して撃つ,合図が出たら指を画面に押し続け、ゲージが示す目標の長さに達した瞬間に指を離して発射する,,192,hold_duration,harbor_signal_cannon,hold_charge,high,slug+jp,,,0,,6,se_bad se_coin se_failure se_jump se_success se_tap,,true,false,true,burst popup,true,true,true,true,false,false,,26,15,true,false,霧の港に据えられた合図砲。砲手が合図長の指示どおりに引き金を押し続け、正確な長さで離して合図弾を撃ち上げる,MODERN AD-GAME,false,false,false,true,true,90,20/20/15/15/15/5,0,全入力ハンドラで即時フィードバック(feedback/fx/audio)を返す
,I-GBA-0011-beacon-align.js,I-GBA-0011-beacon-align,0,ビーコンアライン,灯台の主レンズと副レンズ、別々に回る2条の光が重なった瞬間にタップして点火する,主レンズの光と、逆回転する副レンズの光が完全に重なった瞬間にタップする,,198,trajectory,lighthouse_twin_beam,timing_one_shot,low,jp-weak,,,0,,8,se_bad se_coin se_failure se_good se_milestone se_success se_tap se_twin_beam,,true,false,true,burst popup,true,true,true,false,false,false,,24,15,true,false,岬の灯台。主レンズと副レンズが別々の速さで回り続ける中、番人が2条の光が重なる刹那を狙って点火する,MODE7 PSEUDO,false,false,false,true,true,95,25/20/15/15/15/5,0,
,I-Switch-0003-range-target-loose.js,I-Switch-0003-range-target-loose,0,レンジターゲット,左右に動く的へ狙いを定め、ボタンで矢を放つ,動く的の中心に照準を重ねてタップし、矢を放つ,,220,aim_shoot,archery_range_gallery,aim_shoot,high,slug+jp,,,0,,6,se_bad se_coin se_failure se_good se_success se_tap,,true,false,true,burst popup,true,true,true,false,false,false,,28,15,true,false,屋外の射的場。左右に揺れ動く的を見切り、狙いを合わせて矢を放つ射手,80s ISO,false,false,false,true,true,95,25/20/15/15/15/5,0,
,I-Switch2-0013-searchlight-buoy-press.js,I-Switch2-0013-searchlight-buoy-press,0,サーチライトブイプレス,潜水艦の探照灯係が、海中を漂うブイのスイッチを狙って光った瞬間に押し込む,漂う光るブイを狙ってタップし、点灯した瞬間に押し込んで作動させる,,193,aim_shoot,submarine_searchlight_buoy,aim_shoot,low,jp-weak,,,0,,6,se_bad se_coin se_failure se_good se_success se_tap,,true,false,true,burst popup,true,true,true,false,false,false,,26,15,true,false,深海を進む小型潜水艇の探照灯係。海流に漂う通信ブイを狙い、点滅が最も強くなった瞬間だけ押し込んで信号を送る仕事,HD POST 3D,false,false,false,true,true,95,25/20/15/15/15/5,0,
,I-Wii-0002-crosswind-arrow-judge.js,I-Wii-0002-crosswind-arrow-judge,0,横風矢読み,横に構えた弓を風向きの合図で判断し、正しい的ゾーンをタップして射る,吹き流しが示す風向きを見て、風上側にずれた的ゾーン(左/中/右)を選んでタップする,,211,judge,cliffside_archery_range,reaction_duel,low,jp-weak,,,0,,7,se_bad se_coin se_failure se_good se_milestone se_success se_tap,,true,false,true,burst popup,true,true,true,false,false,false,,25,15,true,false,崖の上の弓場。弓を横に構えた射手が、揺れる吹き流しで風向きを読み、狙うべき的を瞬時に判断する,70s VECTOR,false,false,false,true,true,95,25/20/15/15/15/5,0,
,K-DS-0005-gallery-pop-shot.js,K-DS-0005-gallery-pop-shot,0,ギャラリーポップショット,射的の的が現れる順番とタイミングに合わせて撃ち抜く,柵の後ろからひょっこり現れる的が出ている間にタップして撃つ,,227,aim_shoot,carnival_shooting_gallery,aim_shoot,high,slug+jp,,,0,,7,se_bad se_coin se_failure se_good se_milestone se_success se_tap,,true,false,true,popup,true,true,true,false,false,false,,26,15,true,false,縁日の射的屋台。柵の後ろから順番にひょっこり顔を出す的を、出ている一瞬だけ狙って撃ち抜く,PIXEL HD,false,false,false,true,true,95,25/20/15/15/15/5,0,
,K-DS-0023-reticle-sweep-shot.js,K-DS-0023-reticle-sweep-shot,0,レティクルスイープ,左右に揺れる照準が標的に重なった瞬間に撃つ,自動で左右に往復する照準の輪が、通過する標的に重なった瞬間にタップして撃つ,,202,aim_shoot,reticle_sweep_range,aim_shoot,high,slug+jp,,,0,,6,se_bad se_coin se_failure se_good se_success se_tap,bgm_tense,false,false,true,burst popup,true,true,true,false,false,false,,24,15,true,false,独自デザインの砲台オペレーターが守る前哨基地。左右に往復する照準に、通過する標的を重ねて迎撃する,8bit HANDHELD,false,false,false,true,true,93,25/18/15/15/15/5,0,
,D-20092012-0005-candy-gear-relay.js,D-20092012-0005-candy-gear-relay,0,キャンディギアリレー,3つの歯車バルブを指で回して目標帯に合わせ、飴を仕掛けの樋づたいに口元まで送る,中央の歯車の縁を押さえたまま円を描くように回す。ゲージが目標帯に入ったら指を離して止める,,245,rotate_gesture,candy_gear_relay,rotate_gesture,med,jp,,,0,,6,se_bad se_coin se_failure se_powerup se_success se_tap,,true,false,true,burst popup,true,true,true,true,false,false,,31,16,true,false,甘味工房の奥に住む生き物。天井の飴を送る歯車仕掛けを、係の手が順番に回して口元の樋まで運ぶ,SKEUOMORPH,false,false,false,true,true,88,18/20/15/15/15/5,0,全入力ハンドラで即時フィードバック(feedback/fx/audio)を返す
,D-20092012-0012-lane-guard-garden.js,D-20092012-0012-lane-guard-garden,0,レーンガーデン,3本の畝を虫が奥の小屋へ迫る。虫がいる畝を見極めてタップし、守り草を差して撃退する,虫が通っている畝(左/中/右)の親指ゾーンをタップして守り草を配置する,,246,judge,garden_lane_defense,timing_one_shot,low,default,,,0,,6,se_bad se_break se_coin se_failure se_success se_tap,,true,false,true,burst popup,true,true,true,false,false,false,,31,15,true,false,郊外の家庭菜園。3本の畝を虫が上から小屋に向かって這い進む。畝を見極めて守り草を差し、小屋を守る番人の話,2010s FLAT MOBILE,false,false,false,true,true,95,25/20/15/15/15/5,0,
,D-20092012-0014-scrap-buggy-build.js,D-20092012-0014-scrap-buggy-build,0,スクラップバギー組立,廃品置き場のパーツを車体の空きスロットにドラッグしてはめ込み、完成させて発進させる,下段に並ぶパーツを、形が合う車体上のスロットまでドラッグして離す,,294,gap_fit,junkyard_vehicle_build,timing_one_shot,low,default,18,,0,,6,se_bad se_coin se_failure se_milestone se_success se_tap,,true,false,true,burst popup,true,true,true,true,false,false,,35,15,true,false,廃品置き場の一角。バラバラのパーツを拾い集めた整備士が、車体の穴の形に合わせてはめ込み一台のバギーを組み上げる話,VOXEL BLOCK,false,false,false,true,true,91,21/20/15/15/15/5,0,全入力ハンドラで即時フィードバック(feedback/fx/audio)を返す
,D-20092012-0024-tidepool-bloom.js,D-20092012-0024-tidepool-bloom,0,タイドプール・ブルーム,潮だまりの微生物を指で誘導し、自分より小さな粒を飲み込んで育つ,指で押さえた位置に向かって微生物がゆっくり追従する。小さい粒に触れれば吸収、大きい粒に触れれば失敗,,257,drag_follow,tidepool_microbe,timing_one_shot,low,default,,,0,,6,se_bad se_coin se_failure se_good se_success se_tap,bgm_cute,false,false,true,burst popup,true,true,true,true,false,false,,23,15,true,false,満潮の岩だまりに浮かぶ小さな微生物が、漂う粒を飲み込みながら少しずつ大きく育っていく短い成長劇,TOON SHADE,false,false,false,true,true,93,25/18/15/15/15/5,0,
,D-20092012-0025-skyway-approach.js,D-20092012-0025-skyway-approach,0,スカイウェイ・アプローチ,指で描く進入路に小さな飛行機を沿わせ、横切る便を避けて滑走路へ導く,飛行機の近くを指で押さえて進入路の内側をなぞるようにドラッグし続ける。路の外に出ると失敗,,267,guide_path,night_sky_approach,trace,med,jp,,,0,,4,se_bad se_coin se_success se_tap,bgm_tense,false,false,true,burst popup,true,true,true,true,false,false,,27,15,true,false,夜間の小さな空港。着陸誘導員が一機の便を光の誘導路に沿わせ、横切る他機を避けながら滑走路まで導く,MODE7 PSEUDO,false,false,false,true,true,93,25/18/15/15/15/5,0,
,D-20092012-0026-harbor-lane-pilot.js,D-20092012-0026-harbor-lane-pilot,0,ハーバー・レーン・パイロット,混み合う港内に引かれた一本の水路を、干潮までに指でなぞって曳船を導く,曳船の近くを指で押さえ、示された水路の線からはみ出さないようになぞり続ける,,248,trace,crowded_harbor_lane,trace,med,jp,12,,0,,4,se_bad se_coin se_success se_tap,bgm_tense,false,false,true,burst popup,true,true,true,true,false,false,,24,15,true,false,小舟がひしめく旧い港。水先案内人が一隻の曳船を、係留船の間を縫う狭い水路に沿って干潮までに桟橋へ導く,SKEUOMORPH,false,false,false,true,true,93,25/18/15/15/15/5,0,
,D-20092012-0027-tidepool-fluff-scrub.js,D-20092012-0027-tidepool-fluff-scrub,0,タイドプール・フラフ磨き,波打ち際の小さな毛玉生き物の背の汚れを、指で素早く往復こすって落とす,生き物の背中の汚れ部分を指で素早く左右に往復させてこすり続ける,,199,rub,tidepool_fluff_creature,rub,med,jp,10.5,,0,,5,se_coin se_failure se_milestone se_success se_tap,,true,false,true,burst popup,true,true,true,true,false,false,,26,15,true,false,干潮の岩だまりに住む小さな毛玉生き物。背中についた砂汚れを指でこすり落として機嫌を直してやる,2000s HANDHELD PASTEL,false,false,false,true,true,95,25/20/15/15/15/5,0,
,D-20092012-0030-parcel-twine-wrap.js,D-20092012-0030-parcel-twine-wrap,0,パーセル・ツイン・ラップ,荷造り台の小包に指で円を描くように紐を巻きつけ、表面をできるだけ覆う,小包の縁に沿って指で円を描くように何周もなぞり、紐を巻きつける,,200,rotate_gesture,parcel_wrapping_bench,trace,med,jp,11,,0,,5,se_coin se_failure se_milestone se_success se_tap,,true,false,true,burst popup,true,true,true,true,false,false,,22,15,true,false,郵便集配所の荷造り台。見習いが小包に紐を何重にも巻きつけ、規定の被覆率まで仕上げて送り出す,SKEUOMORPH,false,false,false,true,true,95,25/20/15/15/15/5,0,
,D-20092012-0032-tonic-chute-sort.js,D-20092012-0032-tonic-chute-sort,0,トニック・シュートソート,上から落ちる色つきの雫を、タップで漏斗を動かして対応する色の瓶へ導く,下部の3つのボタンをタップして漏斗を色の合う瓶の上へ動かす,,237,gap_fit,tonic_workshop_funnel,drag_sort,low,slug-weak,,,0,,6,se_bad se_coin se_failure se_milestone se_success se_tap,,true,false,true,burst popup,true,true,true,false,false,false,,30,15,true,false,薬品工房の集荷シュート。見習いが色違いの雫を漏斗で受け止め、対応する瓶へ振り分けて仕上げる,PIXEL HD,false,false,false,true,true,95,25/20/15/15/15/5,0,
,GH-DS-0027-cavity-rub-precision.js,GH-DS-0027-cavity-rub-precision,0,キャビティラブ,虫歯の黒ずみだけを指で往復してこすり落とす。健康な歯先をこすると患者が跳ねる,黒ずんだ歯だけを指で素早く左右にこすって削る。健康な白い歯をこすると失点,,232,rub,dental_chair_precision,rub,med,jp,13,,0,,6,se_bad se_break se_coin se_failure se_success se_tap,,true,true,true,burst popup,true,true,true,true,false,false,,25,15,true,false,診療チェアの上で開いた口。虫歯だけが黒ずんで見える。患者は健康な歯に触れられるたび跳び上がる,1BIT INK,false,false,false,true,true,95,25/20/15/15/15/5,0,
,GH-PS-0006-dual-pour-pinch.js,GH-PS-0006-dual-pour-pinch,0,デュアルポア,両手の親指で2つの注ぎ口を同時に押さえて、2つのグラスを揃って満たす,合図の光で両方のレバーを同時に押す(2本指)。片方だけ押すと液面がずれて溢れる,,223,pinch_zone,twin_tap_soda_counter,reaction_duel,low,jp-weak,,5,0,,6,se_bad se_coin se_failure se_milestone se_success se_tap,,true,false,true,burst popup,true,true,true,true,false,false,,29,15,true,false,昔ながらのソーダ売り場。左右のレバーを両手で同時に押さないと片方だけ噴き出して溢れる,SKEUOMORPH,false,false,false,true,true,95,25/20/15/15/15/5,0,
,GH-PS-0011-pressure-point-hold.js,GH-PS-0011-pressure-point-hold,0,プレッシャーポイント・ホールド,光る指圧点を、ちょうどの時間だけ押し続けて離す,指圧点を押し始めるとゲージが伸びる。緑帯に入ったところで指を離す。早すぎ/遅すぎは失敗,,220,hold_duration,acupressure_parlor,hold_charge,high,slug+jp,,3,0,,8,se_bad se_coin se_failure se_good se_milestone se_powerup se_success se_tap,,true,true,true,burst popup,true,true,true,true,false,false,,30,15,true,false,指圧院の施術シーン。患者の背中に浮かぶ光点を、長すぎず短すぎない“ちょうど”の時間だけ押さえて効かせる,2000s ARCADE POP,false,false,false,true,true,95,25/20/15/15/15/5,0,
,GH-PS-0026-bath-temp.js,GH-PS-0026-bath-temp,0,バスタイム,銭湯の湯温を保つ。熱すぎても冷たすぎても客が出ていく,押している間だけお湯を足して温度を上げる。離すと自然に冷める,,167,hold_duration,bathhouse,hold_charge,med,jp,,,0,,5,se_bad se_coin se_failure se_success se_tap,bgm_cute,false,false,true,burst popup,true,true,true,true,false,false,,16,15,true,false,湯船の温度計。適温の帯からはみ出すと客が離れていく。長押しでお湯を足し、離すと冷めていく,8bit HANDHELD,false,false,false,true,true,93,25/18/15/15/15/5,0,
,GH-PS-0027-brake-line.js,GH-PS-0027-brake-line,0,ブレーキライン,ブレーキを握る位置だけで停止点が決まる,進入してくる電車の、ブレーキを握るタイミングを長押しで決める。離すと減速が止まる,,239,hold_duration,night_platform,hold_charge,low,jp-weak,,,0,,4,se_bad se_coin se_success se_tap,bgm_tense,false,false,true,burst popup,true,true,true,true,false,false,,25,15,true,false,夜の無人駅。カメラは固定、電車だけが奥から迫る。握った瞬間から減速が始まり、離せばその速度のまま進み続ける,90s PRE-RENDER,false,false,false,true,true,93,25/18/15/15/15/5,0,
,GH-PS-0116-scoop-load-timing.js,GH-PS-0116-scoop-load-timing,0,スクープロードタイミング,走るトラックの荷台へ、タップの瞬間に積み荷を落とす,荷台がシュートの真下に来た瞬間にタップして積み荷を落とす。ズレるとこぼれて減点,,297,drop_timing,dock_loading_line,stack,low,jp-weak,,,0,,6,se_coin se_failure se_milestone se_powerup se_success se_tap,,true,true,true,burst popup,true,true,true,false,false,false,,49,17,true,false,休みなく走る積み込みラインの現場長。荷台が滑るたび、真上のシュートから一撃で積む,MODERN AD-GAME,false,false,false,true,true,90,20/20/15/15/15/5,0,
,GH-PS2-0058-tidy-drag-sort.js,GH-PS2-0058-tidy-drag-sort,0,おかたづけドラッグ,落ちているおもちゃを、同じ大きさの置き場へ片付ける。ゴミは捨てる,落ちてきたものをドラッグし、同じ大きさの丸い置き場(小→大の順に並ぶ)へ離す。トゲトゲの物はゴミ箱へ,,261,drag_sort,toy_shelf,memory_sequence,med,jp,,7,0,,6,se_bad se_coin se_good se_milestone se_success se_tap,,true,false,true,burst popup,true,true,true,true,false,false,,29,15,true,false,真っ白な子ども部屋。おもちゃが大きさ順に並んだ棚の丸い置き場に、落ちてきたおもちゃを大きさ合わせで片付ける。トゲトゲのゴミだけは棚ではなくゴミ箱へ,HYPERCASUAL 3D,false,false,false,true,true,95,25/20/15/15/15/5,0,
,GH-PS2-0146-cafe-rush.js,GH-PS2-0146-cafe-rush,0,カフェラッシュ,注文を覚えて運ぶ。同時に3人まで,出てきた品を、注文した客(アイコンが一致する席)へタップして運ぶ,,208,reaction_duel,cafe_counter,memory_sequence,low,jp-weak,,,0,,5,se_bad se_coin se_failure se_success se_tap,bgm_cute,false,false,true,burst popup,true,true,true,false,false,false,,17,15,true,false,3席の喫茶店。各席の注文アイコンは常に見える。品が出るたびに、合う席へすぐ運ぶ,VOXEL BLOCK,false,false,false,true,true,93,25/18/15/15/15/5,0,
,I-3DS-0004-gauge-stamp-press.js,I-3DS-0004-gauge-stamp-press,0,ゲージスタンプ,針が緑のゾーンに来た瞬間にボタンを押して部品に合格印を押す,左右に振れる針を見て、狙いのゾーンに重なった瞬間に画面下のボタンをタップ,,231,timing_one_shot,inspection_gauge_press,timing_one_shot,low,jp-weak,,,0,,6,se_bad se_coin se_failure se_good se_success se_tap,,true,false,true,burst popup,true,true,true,false,false,false,,24,15,true,false,工場の検品ラインに立つ検査官。圧力計の針が最良点に来た瞬間だけボタンを押し、部品に合格スタンプを打つ,SKEUOMORPH,false,false,false,true,true,95,25/20/15/15/15/5,0,
,I-3DS-0012-dual-valve-control.js,I-3DS-0012-dual-valve-control,0,デュアルバルブ,蒸気機関室の整備士が左手で圧力レバーを保持しつつ右手で噴出バルブを次々閉じる,左下のレバーを指で押さえ続けながら、右側に次々出る噴出バルブを別の指で素早くタップして閉じる,,254,coop_2zone,boiler_room_valves,timing_one_shot,low,default,,,0,,7,se_bad se_coin se_failure se_good se_milestone se_success se_tap,bgm_tense,false,false,true,burst popup,true,true,true,true,false,false,,24,15,true,false,老朽化した蒸気機関室、整備士が左手で圧力レバーを保持し続けながら右手で暴走する噴出バルブを次々閉める,8bit HOME,false,false,false,true,true,93,25/18/15/15/15/5,0,
,I-DS-0004-crate-two-hand-carry.js,I-DS-0004-crate-two-hand-carry,0,クレート二点持ち運び,木箱の左右の取っ手を2本指で同時につまみ、指定の荷台まで運ぶ,木箱の左右にある取っ手を同時に2本指で押さえて持ち上げ、そのまま2本指を一緒に動かして荷台の枠まで運ぶ,,239,pinch_zone,dockside_crate_relay,timing_one_shot,low,default,,0,0,,6,se_coin se_failure se_good se_milestone se_success se_tap,,true,false,true,burst popup,true,true,true,true,true,false,,23,15,true,false,波止場の倉庫。積み降ろし係が木箱の両端を両手でつまみ上げ、次々と荷台の枠まで運び込む,2010s FLAT MOBILE,false,false,false,true,true,88,18/20/15/15/15/5,0,全入力ハンドラで即時フィードバック(feedback/fx/audio)を返す
,I-DS-0013-drawer-pull.js,I-DS-0013-drawer-pull,0,アーカイブドロワー,地下書庫の引き出しを指でなぞって最後まで引き抜く,レール(引き出しのスライド軌道)から外れないよう指でなぞって奥から手前へ引く,,243,guide_path,archive_drawer_pull,trace,med,jp,,,0,,5,se_coin se_failure se_milestone se_success se_tap,,true,false,true,burst popup,true,true,true,true,false,false,,29,15,true,false,地下書庫のモグラ司書が、光る記憶結晶が入った巨大な引き出しをレールに沿って引き抜く,8bit HOME,false,false,false,true,true,95,25/20/15/15/15/5,0,
,I-DS-0021-taffy-pull-stretch.js,I-DS-0021-taffy-pull-stretch,0,タフィープル,両手でつまんだ飴生地を、示された長さまで一気に引き伸ばす,画面上の飴の両端をそれぞれ指でつまみ、2本指を左右に引き離して目標の長さまで伸ばす,,198,pinch_zone,taffy_pull_workshop,timing_one_shot,low,default,,,0,,6,se_bad se_coin se_failure se_good se_success se_tap,,true,false,true,burst popup,true,true,true,true,false,false,,29,15,true,false,下町の飴細工工房。修行中の職人が、師匠の示す長さの札どおりに飴生地を両手で伸ばして仕上げる,2000s HANDHELD PASTEL,false,false,false,true,true,88,18/20/15/15/15/5,0,全入力ハンドラで即時フィードバック(feedback/fx/audio)を返す
,I-DS-0027-splinter-extract.js,I-DS-0027-splinter-extract,0,とげ抜き摘出,刺さったとげを指でつまみ、通路に沿ってまっすぐ引き抜く,刺さったとげの頭をつまみ、表示された引き抜き経路からはみ出さないよう指でなぞって抜く,,251,guide_path,clinic_splinter_removal,trace,med,jp,,,0,,7,se_break se_coin se_failure se_good se_milestone se_success se_tap,,true,false,true,burst popup,true,true,true,true,false,false,,26,15,true,false,小さな診療室。手当ての名手が、次々運ばれてくる指に刺さったとげを一本ずつ丁寧に抜き取る,SKEUOMORPH,false,false,false,true,true,91,21/20/15/15/15/5,0,全入力ハンドラで即時フィードバック(feedback/fx/audio)を返す
,I-GBA-0006-forge-strike.js,I-GBA-0006-forge-strike,0,フォージストライク,鍛冶場で赤く熱した鉄を、火花が散った合図の瞬間だけ一撃で打つ,火花が散った瞬間にタップしてハンマーを振る。早撃ちも遅撃ちも失敗,,205,reaction_duel,blacksmith_forge,reaction_duel,low,jp-weak,,,0,,7,se_bad se_coin se_failure se_milestone se_powerup se_success se_tap,,true,false,true,burst popup,true,true,true,false,false,false,,30,15,true,false,山あいの鍛冶場。師匠が鉄を熱し火花が散った刹那だけ弟子がハンマーを振り下ろす一発勝負の鍛錬,1BIT INK,false,false,false,true,true,95,25/20/15/15/15/5,0,
,I-GBA-0019-forge-ember-tap.js,I-GBA-0019-forge-ember-tap,0,フォージエンバータップ,炉の通気口から不意に弾け出る火の粉を、開いた瞬間だけ叩いて消す,通気口が光って開いた瞬間(短い判定窓)にその穴をタップする,,211,timing_window,blacksmith_forge_vent_tending,timing_window,low,jp-weak,,,0,,7,se_bad se_coin se_failure se_good se_milestone se_success se_tap,,true,false,true,burst popup,true,true,true,false,false,false,,28,15,true,false,鍛冶場の見習いが、炉の通気口からランダムに弾け出す火の粉を、開いている一瞬だけ叩いて火事を防ぐ,8bit PC MONITOR,false,false,false,true,true,95,25/20/15/15/15/5,0,
,I-GBA-0028-boiler-leak-plug.js,I-GBA-0028-boiler-leak-plug,0,ボイラーリークプラグ,あちこちから噴き出す配管の水漏れを、両手の指で同時に押さえて塞ぐ,漏れた箇所を指で押さえ続ける。同時に複数箇所が噴き出したら両手の指で同時に塞ぐ,,238,coop_2zone,boiler_room_pipe_leak,timing_one_shot,low,default,,,0,,7,se_bad se_coin se_failure se_good se_milestone se_success se_tap,,true,false,true,burst popup,true,true,true,true,false,false,,28,15,true,false,地下ボイラー室の整備士が、次々弾ける配管の水漏れ箇所を両手の指で同時に押さえ続け、部屋が浸水する前に凌ぎきる,HYPERCASUAL 3D,false,false,false,true,true,90,20/20/15/15/15/5,0,全入力ハンドラで即時フィードバック(feedback/fx/audio)を返す
,I-GBA-0031-pattern-cut-line.js,I-GBA-0031-pattern-cut-line,0,パターンカットライン,仕立て台の生地に引かれたチョークの線からはみ出さず、指でなぞって裁つ,生地に引かれた白い線の上から離れないよう、指でなぞって端から端まで裁ち進める,,242,guide_path,tailor_pattern_cutting,trace,med,jp,20,,0,,5,se_coin se_failure se_milestone se_success se_tap,,true,true,true,burst popup,true,true,true,true,false,false,,32,15,true,false,仕立て工房の裁断台。裁断ロボットが、生地に引かれた型紙のチョークラインを正確になぞって裁つ,2010s FLAT MOBILE,false,false,false,true,true,95,25/20/15/15/15/5,0,
,I-GBA-0034-airlock-boot-dock.js,I-GBA-0034-airlock-boot-dock,0,エアロックブーツドック,落ちてくるブーツを正しい形のソケットへ収める,落下してくるブーツの形(丸/角/スリット)を見て、対応するソケットをタップして収める,,259,gap_fit,airlock_boot_dock,timing_one_shot,low,default,,,0,,7,se_bad se_coin se_failure se_milestone se_powerup se_success se_tap,,true,false,true,burst popup,true,true,true,false,false,false,,44,15,true,false,宇宙ステーションの整備ベイ。次々降りてくるブーツを、形の合うドッキングソケットに収めて出撃準備を整える整備ロボットの話,80s NEON,false,false,false,true,true,95,25/20/15/15/15/5,0,
,I-GBA-0037-suds-scrub-clean.js,I-GBA-0037-suds-scrub-clean,0,サッズスクラブ,泡だらけの鍋を指でこすって、時間内に汚れを全部落とす,汚れのシミの上を指で素早く往復させてこすり落とす,,279,rub,kitchen_pot_scrub,rub,med,jp,12,,0,,6,se_coin se_failure se_good se_milestone se_success se_tap,,true,false,true,burst popup,true,true,true,true,false,false,,31,15,true,false,厨房のシンクに置かれた顔つきの鍋。こびりついた汚れのシミをタイムリミット内にこすり落として輝きを取り戻す,SKEUOMORPH,false,false,false,true,true,95,25/20/15/15/15/5,0,
,I-GBA-0043-cog-fit-bench.js,I-GBA-0043-cog-fit-bench,0,コグフィットベンチ,大きさも向きもバラバラな歯車から、台座の凹みにぴったり合う一つを選ぶ,下に並ぶ歯車候補から、上の凹みと同じ大きさ・向きのものをタップして差し込む,,254,gap_fit,workshop_cog_bench,timing_one_shot,low,default,20,,0,,5,se_coin se_failure se_milestone se_success se_tap,,true,false,true,burst popup,true,true,true,false,false,false,,41,15,true,false,古びた時計工房の作業台。修理待ちの歯車が山積みで、台座の凹みに合う一枚だけを選び出して嵌め込む,SKEUOMORPH,false,false,false,true,true,95,25/20/15/15/15/5,0,
,I-GBA-0055-lantern-doll-upright.js,I-GBA-0055-lantern-doll-upright,0,ランタンドール立て直し,夜店の棚で転んだ紙提灯人形を、左右交互に押して立たせる,倒れた人形の下部を、左右交互にタップして揺すり起こす(片側連打では起きない),,196,alternate_tap,lantern_doll_upright,mash,med,jp,,,0,,5,se_coin se_failure se_milestone se_success se_tap,,true,false,true,burst popup,true,true,true,false,false,false,,34,15,true,false,夜店の景品棚。紙張りのランタン人形が横倒しになっている。閉店前に交互の揺すりだけで立て直す,90s HANDHELD COLOR,false,false,false,true,true,95,25/20/15/15/15/5,0,
,I-GBA-0059-teapot-pour-control.js,I-GBA-0059-teapot-pour-control,0,急須の一滴,湯呑みに湯を注ぐ。長押しで注ぎ続け、溢れる寸前で指を離す,画面を長押しして急須を傾け注ぐ。狙いの量に届く直前で指を離す,,215,hold_duration,teapot_pour_control,hold_charge,low,jp-weak,,,0,,5,se_coin se_failure se_milestone se_success se_tap,,true,false,true,burst popup,true,true,true,true,false,false,,26,15,true,false,静かな茶室。見習いが客人の湯呑みに湯を注ぐ。溢れさせても注ぎ足りなくても作法違反になる,1BIT INK,false,false,false,true,true,95,25/20/15/15/15/5,0,
,I-Switch-0010-twin-torch-juggler.js,I-Switch-0010-twin-torch-juggler,0,ツイン・トーチ・ジャグラー,左右で独立して落ちてくる松明を、左手ゾーンと右手ゾーンで同時にキャッチし続ける,画面左半分は左手、右半分は右手。それぞれの松明が受け皿に来た瞬間、対応する側をタップしてキャッチする,,221,coop_2zone,twin_torch_street_performer,timing_one_shot,low,jp-weak,,,0,,7,se_bad se_coin se_failure se_good se_milestone se_success se_tap,,true,false,true,popup,true,true,true,true,false,false,,54,15,true,false,広場で芸を見せる大道芸人。左右の手にそれぞれ独立したリズムで松明が落ちてくる。両手とも落とさず回し続けるのが腕の見せ所,90s BIG SPRITE,false,false,false,true,true,88,18/20/15/15/15/5,0,全入力ハンドラで即時フィードバック(feedback/fx/audio)を返す
,I-Switch2-0012-fuse-spark-guide.js,I-Switch2-0012-fuse-spark-guide,0,フューズスパークガイド,花火師見習いが、後ろから迫る火花に追いつかれる前に導火線をなぞって着火点まで導く,導火線からはみ出さないよう指でなぞって進む。後方から迫る火花に追いつかれないよう速さも保つ,,259,trace,firework_apprentice_fuse,trace,med,jp,,,0,,4,se_coin se_failure se_success se_tap,,true,false,true,burst popup,true,true,true,true,false,false,,25,15,true,false,川辺の花火工房。見習い職人が、曲がりくねる導火線の上を指で火花のようになぞり玉に導く。,70s VECTOR,false,false,false,true,true,95,25/20/15/15/15/5,0,
,I-Wii-0010-glowwell-pump-relay.js,I-Wii-0010-glowwell-pump-relay,0,グロウウェル・ポンプリレー,左右のハンドルを交互に押して発光水をくみ上げ、渇きの影が届く前に満たす,左右のポンプハンドルを交互にタップする。同じ側を連続で押すと空振りになる,,212,alternate_tap,drought_well_relay,alternate_tap,med,jp,,10,0,,7,se_bad se_coin se_failure se_good se_milestone se_success se_tap,,true,false,true,burst popup,true,true,true,false,false,false,,33,15,true,false,荒野の井戸守り。左右のハンドルを交互に押して発光水をくみ上げ、忍び寄る渇きの影が届く前に水位計を満たす,70s MONO,false,false,false,true,true,95,25/20/15/15/15/5,0,
,I-Wii-0016-valve-wheel-turn.js,I-Wii-0016-valve-wheel-turn,0,バルブホイールターン,潜水艇の圧力弁ハンドルを、指で円を描くように回して規定量まで開く,ハンドルの縁を指で押さえたまま円を描くように動かすとホイールが回る。ゲージが目標帯に入ったら止める,,225,rotate_gesture,submarine_valve_room,rotate_gesture,med,jp,,,0,,6,se_bad se_coin se_failure se_powerup se_success se_tap,,true,false,true,burst popup,true,true,true,true,false,false,,23,15,true,false,深海探査艇の機関室。整備士が浸水前に各系統の圧力弁を目標の開度までハンドルを回して調整する,80s ISO,false,false,false,true,true,88,18/20/15/15/15/5,0,全入力ハンドラで即時フィードバック(feedback/fx/audio)を返す
,I-Wii-0018-river-pan-scoop.js,I-Wii-0018-river-pan-scoop,0,リバーパンスクープ,川底に沈む砂金皿を、下から上へすくい上げるように振って引き上げる,沈んだ皿が画面下から浮かんできた瞬間、下から上へ指をスワイプしてすくい上げる,,209,swipe_direction,river_gold_panning,timing_one_shot,low,default,,,0,,5,se_bad se_coin se_failure se_success se_tap,,true,false,true,burst popup,true,true,true,false,false,false,,26,15,true,false,山あいの川原にしゃがむ砂金採り。流れてくる皿を見逃さず、浮き上がる瞬間に合わせてすくい上げる,90s PRE-RENDER,false,false,false,true,true,88,18/20/15/15/15/5,0,全入力ハンドラで即時フィードバック(feedback/fx/audio)を返す
,I-Wii-0020-bell-strike-window.js,I-Wii-0020-bell-strike-window,0,ベルストライク・ウィンドウ,揺れ続ける大鐘を、光る窓が開いた瞬間だけ打って清らかな音を響かせる,大鐘が揺れる先端が光る窓の中に入った瞬間にタップして打つ,,199,timing_window,temple_bell_ringer,timing_window,low,jp-weak,,,0,,6,se_bad se_coin se_failure se_good se_success se_tap,bgm_dark,false,false,true,burst popup,true,true,true,false,false,false,,19,15,true,false,山寺の鐘つき番が、揺れ続ける大鐘の先端が光る窓に入った刹那だけ撞木を当てて清らかな音を響かせる,1BIT INK,false,false,false,true,true,93,25/18/15/15/15/5,0,
,I-Wii-0024-gem-polish-rub.js,I-Wii-0024-gem-polish-rub,0,ジェムポリッシュ・ラブ,原石を手首だけの小刻みな往復でこすり、熱で割る前に磨き上げる,原石の上で指を小刻みに左右往復させてこする。往復が速すぎると熱で割れる,,200,rub,gem_cutter_workshop,rub,med,jp,10,100,0,,7,se_bad se_break se_coin se_failure se_milestone se_success se_tap,,true,true,true,burst popup,true,true,true,true,false,false,,26,15,true,false,宝石研磨師の工房で、職人が手首だけの小さな往復で原石をこすり、割らずに磨き上げて輝かせる,PIXEL HD,false,false,false,true,true,95,25/20/15/15/15/5,0,
,K-DS-0001-conveyor-part-drop.js,K-DS-0001-conveyor-part-drop,0,パーツ差し込みライン,流れてくる箱に部品を落とすタイミングを合わせる玩具工場ライン,シュートの真下に箱が来た瞬間にタップして部品を落とす,,236,drop_timing,toy_assembly_line,timing_one_shot,low,jp-weak,,,0,,5,se_coin se_failure se_milestone se_success se_tap,,true,false,true,popup,true,true,true,false,false,false,,28,15,true,false,玩具工場の組み立てライン。天井のシュートから部品が落ち、下を流れる箱にタイミングよく収める作業員ロボットの視点,8bit HOME,false,false,false,true,true,95,25/20/15/15/15/5,0,
,K-DS-0006-flock-signal-hold.js,K-DS-0006-flock-signal-hold,0,フロックシグナル,渡り鳥の羽ばたき周期を見極め、合図を送って隊列を保たせる,合図灯がフルチャージになった瞬間だけタップして群れに合図を送る。早押しは連打禁止,,214,cooldown_tap,migratory_flock_guide,mash,med,jp,,,0,,7,se_bad se_coin se_failure se_milestone se_powerup se_success se_tap,,true,false,true,popup,true,true,true,false,false,false,,23,15,true,false,渡り鳥の群れを先導する誘導灯係。羽ばたきの周期に合わせて合図灯を送り、隊列の乱れを防ぐ,90s 16bit,false,false,false,true,true,95,25/20/15/15/15/5,0,
,K-DS-0008-hoe-swing-count.js,K-DS-0008-hoe-swing-count,0,耕しカウント,一定のリズムで鍬を振り下ろし、示された回数ちょうどで止める畑仕事,鍬が自動で振り下ろされる拍に合わせ、回数表示が目標とちょうど一致した瞬間にタップして止める,,209,count_exact,furrow_tilling_rhythm,count_exact,med,jp,,6,0,,7,se_bad se_coin se_failure se_good se_milestone se_success se_tap,,true,true,true,popup,true,true,true,false,false,false,,30,15,true,false,早朝の畑。鍬を一定のリズムで振り下ろし続け、区画ごとに示された回数ぴったりで手を止めて次の畝へ進む農作業,70s MONO,false,false,false,true,true,95,25/20/15/15/15/5,0,
,K-DS-0009-jump-peak-shutter.js,K-DS-0009-jump-peak-shutter,0,ピークシャッター,トランポリンではねる相手の、一番高く上がった瞬間だけシャッターを切る,助走の小さな跳躍はやり過ごし、一番大きな跳躍が頂点に達した瞬間だけタップしてシャッターを切る,,208,timing_one_shot,trampoline_peak_photo,slice,med,jp,,,0,,6,se_coin se_failure se_good se_jump se_success se_tap,,true,false,true,burst popup,true,true,true,false,false,false,,45,15,true,false,公園のトランポリン広場。小さな助走跳躍のあとに来る一番高い跳躍、その一瞬の頂点を狙う写真係の視点,MODERN AD-GAME,false,false,false,true,true,95,25/20/15/15/15/5,0,
,K-DS-0022-crowd-nod-wave.js,K-DS-0022-crowd-nod-wave,0,クラウドノッドウェーブ,周囲の群衆が波状に頷く中、自分の番の窓に合わせて頷く,左右に並ぶ群衆が順番に頷いていく波が自分の位置に来て、頭上の窓が開いた瞬間にタップして頷く,,201,timing_window,crowd_nod_wave,timing_window,low,jp-weak,,,0,,6,se_bad se_coin se_failure se_good se_success se_tap,,true,false,true,burst popup,true,true,true,false,false,false,,25,15,true,false,独自デザインの聴衆が並ぶ講堂。頷きの波が横一列を順に伝っていき、自分の番に開く窓のタイミングで頷き続ける,TOON SHADE,false,false,false,true,true,95,25/20/15/15/15/5,0,
,K-DS-0026-conveyor-box-pack.js,K-DS-0026-conveyor-box-pack,0,コンベアボックスパック,ベルトを流れる品物を、箱が真下に来た瞬間に落として詰める,ベルトの品物の真下を左右に動く箱が通った瞬間にタップして品物を落とし入れる,,201,drop_timing,conveyor_box_pack,drop_timing,low,jp-weak,,,0,,5,se_bad se_coin se_failure se_success se_tap,,true,false,true,burst popup,true,true,true,false,false,false,,27,15,true,false,独自デザインの梱包工。頭上のベルトを流れる品物の真下に、往復する箱を重ねた瞬間に落として詰めていく,SKEUOMORPH,false,false,false,true,true,95,25/20/15/15/15/5,0,
,K-DS-0029-honey-drizzle-timing.js,K-DS-0029-honey-drizzle-timing,0,ハニーグレイズ台,レールを流れる焼き菓子に、目の前を通り過ぎる一瞬だけ蜜をかける,焼き菓子がノズルの真下(光る帯)に来た瞬間にタップして蜜をかける,,228,timing_window,honey_glaze_stand,timing_one_shot,low,jp-weak,,,0,,6,se_bad se_coin se_failure se_good se_success se_tap,,true,false,true,burst popup,true,true,true,false,false,false,,28,15,true,false,小さな菓子工房のグレイズ台。レールで流れてくる焼き菓子に、ノズル直下を通る一瞬だけ蜜をかける係の仕事,SKEUOMORPH,false,false,false,true,true,95,25/20/15/15/15/5,0,
,K-DS-0030-driver-tighten-cue.js,K-DS-0030-driver-tighten-cue,0,スクリュー・タクト,レールを流れる部品を、ゲージの針が緑ゾーンに来た瞬間にドライバーで締める,部品ごとに円形ゲージの光点が回る。光点が緑ゾーンにある間にタップして締める,,215,timing_one_shot,assembly_line_torque,timing_one_shot,low,jp-weak,,,0,,6,se_bad se_coin se_failure se_good se_success se_tap,,true,false,true,burst popup,true,true,true,false,false,false,,26,15,true,false,小さな組立工場のライン。流れてくる部品のネジを、円形ゲージの光点が最良点に来た瞬間だけドライバーで締める係,8bit PC MONITOR,false,false,false,true,true,95,25/20/15/15/15/5,0,
,K-DS-0045-batter-line-timing.js,K-DS-0045-batter-line-timing,0,バッターラインタイミング,流れてくる具材が衣ゾーンを通る間にタップして衣をつける,ベルトで流れる具材が中央の衣ゾーンに重なっている間にタップする,,239,timing_window,kitchen_coating_line,timing_one_shot,low,default,,5,0,,6,se_bad se_coin se_failure se_good se_success se_tap,,true,false,true,burst popup,true,true,true,false,false,false,,26,15,true,false,厨房の下ごしらえライン。ベルトを流れる具材に、衣ゾーンを通過する一瞬だけ衣をまとわせる係,SKEUOMORPH,false,false,false,true,true,95,25/20/15/15/15/5,0,
,K-DS-0052-kit-paw-tease.js,K-DS-0052-kit-paw-tease,0,子ギツネのじゃれ合い,フェイントを織り交ぜて伸びてくる前脚に、本気の伸びだけ合わせて手を出す,子ギツネの前脚が本気で伸び切った瞬間だけタップする。フェイント(途中で引っ込む動き)ではタップしない,,215,cooldown_tap,kit_paw_play,timing_one_shot,low,default,,,0,,6,se_bad se_coin se_failure se_good se_success se_tap,,true,false,true,burst popup,true,true,true,false,false,false,,29,15,true,false,縁側でじゃれ合う子ギツネ。フェイントを混ぜながら伸ばしてくる前脚に、こちらも本気の瞬間だけ手を合わせる遊び,2000s HANDHELD PASTEL,false,false,false,true,true,95,25/20/15/15/15/5,0,
,K-DS-0053-branch-peck-patience.js,K-DS-0053-branch-peck-patience,0,ブランチペックペイシェンス,くちばしが振りかぶりきった一瞬だけタップして幹をつつく,くちばしが振り上がって光った瞬間だけタップ。振りかぶり中の連打は我慢する,,207,cooldown_tap,forest_trunk_pecking,mash,med,jp,,,0,,6,se_bad se_coin se_failure se_good se_success se_tap,,true,false,true,burst popup,true,true,true,false,false,false,,37,15,true,false,朝の雑木林。一本の枯れ木に留まり、振りかぶりが満ちた一瞬だけくちばしを打ち込む小鳥,TOON SHADE,false,false,false,true,true,95,25/20/15/15/15/5,0,
,K-GBA-0002-cue-pluck-tweezers.js,K-GBA-0002-cue-pluck-tweezers,0,キューピンセット,生えてくる一本を、電子音の拍に合わせてピンセットでつまみ抜く,拍に合わせて伸びきった一本が画面中央に来た瞬間タップしてつまみ抜く,,184,rhythm,pastel_grooming_booth,rhythm,low,jp-weak,,,0,,6,se_bad se_coin se_failure se_good se_success se_tap,bgm_cute,false,false,true,burst popup,true,true,true,false,false,false,,20,15,true,false,パステル色の身だしなみブース。生えてくる一本一本を、鳴る電子音の拍にきっちり合わせてつまみ抜く仕事,2000s HANDHELD PASTEL,false,false,false,true,true,93,25/18/15/15/15/5,0,
,K-GBA-0029-drill-formation-march.js,K-GBA-0029-drill-formation-march,0,隊列足踏み,左右の足を交互に踏み続け、方向転換の合図が出た瞬間だけ逆側にスワイプして向きを変える,左右の足元パネルを交互にタップして足踏みを継続。矢印の合図が出たら合図の向きへスワイプ,,237,alternate_tap,drill_formation_march,alternate_tap,med,jp,,,0,,6,se_bad se_coin se_failure se_milestone se_success se_tap,,true,false,true,burst popup,true,true,true,true,false,false,,29,15,true,false,夜の練兵場に整列する隊列。太鼓のテンポで左右交互に足踏みを続け、合図が出た瞬間だけ隊列ごと向きを変える,90s LOW POLY,false,false,false,true,true,95,25/20/15/15/15/5,0,
,K-GBA-0030-garden-sprout-pluck.js,K-GBA-0030-garden-sprout-pluck,0,双葉抜き取り,次々に伸びる余分な双葉を、2本指でつまんで素早く抜き取る。テンポは徐々に速くなる,伸びてきた双葉が出ている場所を2本指(ピンチ)で同時にタップしてつまみ抜く,,245,pinch_zone,garden_sprout_pluck,timing_one_shot,low,default,,,0,,6,se_bad se_coin se_failure se_good se_success se_tap,,true,false,true,burst popup,true,true,true,true,false,false,,26,15,true,false,小さな畑を手入れする庭師見習い。次々顔を出す余分な双葉を、テンポが速まる中で2本指のピンセット代わりに摘み続ける,2000s HANDHELD PASTEL,false,false,false,true,true,88,18/20/15/15/15/5,0,全入力ハンドラで即時フィードバック(feedback/fx/audio)を返す
,D-20092012-0008-hillside-bounce-toss.js,D-20092012-0008-hillside-bounce-toss,0,ヒルサイド・バウンストス,丸い苔玉を丘の斜面へ勢いよく弾き飛ばし、弾みながら遠くの旗まで届ける,苔玉の上で指を押さえ、丘の下方向へ素早くフリック(はじく)して勢いをつける,,271,flick_launch,hillside_bounce_toss,flick_launch,med,jp,,,0,,6,se_coin se_failure se_jump se_milestone se_success se_tap,bgm_cute,false,false,true,burst popup,true,true,true,true,false,false,,21,15,true,false,起伏する緑の丘。丸い苔玉を一気にはじき飛ばし、斜面のこぶで弾みをつけながら遠くの旗まで転がす一投勝負,HYPERCASUAL 3D,false,false,false,true,true,93,25/18/15/15/15/5,0,
,D-20092012-0044-deskside-paper-toss.js,D-20092012-0044-deskside-paper-toss,0,デスクサイド紙くず投げ,扇風機の風向きを読み、指ではじいた紙くずをゴミ箱へ入れる,紙くずを指ではじく(フリック)。飛ばす方向と強さは指の動きで決まる,,248,flick_launch,deskside_paper_toss,flick_launch,med,jp,,,0,,5,se_bad se_coin se_jump se_milestone se_tap,,true,false,true,burst popup,true,true,true,true,false,false,,30,15,true,false,残業中のオフィスでうちわ代わりの扇風機が首を振る中、机の主が丸めた紙くずを指ではじき、風向きを読んでゴミ箱へ沈める,2010s FLAT MOBILE,false,false,false,true,true,88,18/20/15/15/15/5,0,全入力ハンドラで即時フィードバック(feedback/fx/audio)を返す
,GH-PS-0019-pin-drop-curve.js,GH-PS-0019-pin-drop-curve,0,ピンドロップカーブ,指を弾いてボールを投げ、風を読んでピンを崩す,レーン奥のピンめがけ、下から上へフリック。横のブレでボールにカーブをかける,,394,flick_launch,night_lane_bowl,flick_launch,med,jp,,,0,,6,se_coin se_failure se_jump se_milestone se_success se_tap,,true,true,true,burst popup,true,true,true,true,false,false,,82,15,true,false,深夜営業のボウリングレーン。ピン精たちが並ぶ奥まで、風が吹く中で球を投げ切る一投勝負,2000s BILLBOARD 3D,false,false,false,true,true,95,25/20/15/15/15/5,0,
,GH-PS-0037-called-shot.js,GH-PS-0037-called-shot,0,コールドショット,狙った本数だけ倒す。10本倒すと失敗,振れる矢印が狙いに来た瞬間にタップして投げる,,299,trajectory,polygon_lane,timing_one_shot,low,jp-weak,18,,0,,6,se_break se_coin se_failure se_jump se_success se_tap,,true,false,true,burst flash,false,true,true,false,false,false,,52,15,true,false,角ばったレーン。的は10本のピン。求められるのは全部倒す力ではなく、言われた数だけ倒す精度,90s LOW POLY,true,false,false,true,true,87,25/15/15/12/15/5,0,キャラ/モチーフを game.draw.sprite で描く; 走行中のマイルストーン演出(fx.popup)を入れる
,GH-PS-0042-pinch-hitter.js,GH-PS-0042-pinch-hitter,0,ピンチヒッター,代打で1打席。投手の癖(グラブの色)が3球で分かる,球が来た瞬間、ストライク(の色)ならタップ。ボール(別の色)なら我慢,,218,reaction_duel,pinch_atbat,timing_one_shot,low,jp-weak,,,0,,6,se_bad se_coin se_failure se_good se_success se_tap,bgm_cute,false,false,true,burst popup,true,true,true,false,false,false,,37,15,true,false,代打の一打席。投手はグラブの色でしか癖を見せない。同じ色は同じコース。読めれば振れる,MODERN AD-GAME,false,false,false,true,true,93,25/18/15/15/15/5,0,
,GH-PS-0048-ski-takeoff.js,GH-PS-0048-ski-takeoff,0,スキーテイクオフ,雪面の凸凹を読んでジャンプの踏み切りを決める,台の端(色が変わる場所)に来た瞬間にタップして踏み切る,,182,timing_one_shot,snow_ramp,slice,med,jp,,,0,,4,se_bad se_coin se_success se_tap,bgm_cute,false,false,true,burst popup,true,true,true,false,false,false,,20,15,true,false,雪山のジャンプ台。滑走してくる途中、台の端に来た瞬間だけ強く踏み切れる。ずれるほど距離が落ちる,90s LOW POLY,false,false,false,true,true,93,25/18/15/15/15/5,0,
,GH-PS-0079-dart-throw.js,GH-PS-0079-dart-throw,0,ダートスロー,的の中心を狙う。3投の合計,押している間だけ力をためる。力のゲージが的の帯(中心ゾーン)に来た時に離す,,175,hold_charge,dart_board,hold_charge,med,jp,,,0,,5,se_bad se_coin se_failure se_success se_tap,bgm_tense,false,false,true,burst popup,true,true,true,true,false,false,,20,15,true,false,揺れる力のゲージ。帯の中で離せば中心に刺さる。ずれるほど点は落ちる,2000s BILLBOARD 3D,false,false,false,true,true,93,25/18/15/15/15/5,0,
,GH-PS-0087-slalom-gate.js,GH-PS-0087-slalom-gate,0,スラロームゲート,旗門を左右に抜ける。抜け損ねると失格,指で左右にドラッグして旗門の間を通す,,182,drag_follow,slalom_slope,timing_one_shot,low,default,,,0,,4,se_coin se_failure se_success se_tap,bgm_cute,false,false,true,burst popup,true,true,true,true,false,false,,15,15,true,false,見下ろしのゲレンデ。旗門が交互に迫る。門の間をすり抜ければ次へ、逃せば失格,8bit PC MONITOR,false,false,false,true,true,93,25/18/15/15/15/5,0,
,GH-PS-0090-golf-charge-power.js,GH-PS-0090-golf-charge-power,0,ゴルフチャージ・パワー,パワーゲージを溜めて離し、距離と精度でカップを狙う,押し続けるとパワーゲージが伸びる(伸びすぎるとオーバーチャージで失速)。狙った強さで指を離して打つ,,239,hold_charge,voxel_links_course,hold_charge,high,slug+jp,,,0,,8,se_bad se_coin se_failure se_good se_jump se_milestone se_success se_tap,,true,false,true,burst popup,true,true,true,true,false,false,,36,15,true,false,ボクセルブロックで組まれたミニリンクス。3打でカップに近づけるほど高得点。溜めすぎると逆にオーバーチャージで失速する,VOXEL BLOCK,false,false,false,true,true,95,25/20/15/15/15/5,0,
,GH-PS-0098-tightrope-balance-act.js,GH-PS-0098-tightrope-balance-act,0,タイトロープアクト,突風に煽られる綱の上で、重心を左右タップで保ちながら対岸まで渡る,傾いた側と逆(重心を戻したい側)を画面左右でタップして重心を戻す,,244,balance,canyon_tightrope,balance,high,slug+jp,18,,0,,6,se_bad se_coin se_failure se_milestone se_success se_tap,,true,false,true,flash popup,true,true,true,false,false,false,,31,15,true,false,渓谷にかけた一本の綱。旗のはためきが強まると突風が来る合図。軽業師は綱の上で重心を保ちながら対岸を目指す,90s 16bit,false,false,false,true,true,95,25/20/15/15/15/5,0,
,GH-PS-0114-race-start-reaction.js,GH-PS-0114-race-start-reaction,0,レーススタート・リアクション,号砲と同時にスタートを切る。フライングは即失格,スタートランプが全部消えた瞬間だけタップして飛び出す。ランプが点いている間のタップはフライング,,248,reaction_duel,sprint_starting_line,slice,med,jp,,,0,,7,se_bad se_coin se_failure se_jump se_milestone se_success se_tap,,true,true,true,burst popup,true,true,true,false,false,false,,49,15,true,false,陸上競技場のスタートライン。号砲ランプが消えた瞬間にどれだけ速く飛び出せるかを対抗ランナーと競う,90s HANDHELD COLOR,false,false,false,true,true,95,25/20/15/15/15/5,0,
,GH-PS2-0100-ring-push-out.js,GH-PS2-0100-ring-push-out,0,ドヒョウプッシュ,土俵の上で連打して力士を押し出す。相手のタメには連打で対抗,画面下の手形を連打して押す。相手が光って身構えたら、光っている間だけ連打を強めて耐える,,246,push_out,dohyo_sumo,mash,med,jp,,,0,,6,se_bad se_coin se_failure se_milestone se_success se_tap,,true,true,true,burst popup,true,true,true,false,false,false,,47,15,true,false,丸い土俵の上、大きな力士どうしが組み合う。連打した分だけ押せるが、相手はときどき光って渾身の突っ張りを溜め、そこで押し負けると大きく押し戻される,90s BIG SPRITE,false,false,false,true,true,95,25/20/15/15/15/5,0,
,I-3DS-0011-cheer-surge-mash.js,I-3DS-0011-cheer-surge-mash,0,チアサージ,応援団長が声援ゲージを連打で押し上げてスタジアムを沸かせる,制限時間内に画面を連打してゲージを右端まで押し上げる。連続で叩くほど倍率が上がる,,188,mash,stadium_cheer_meter,mash,high,slug+jp,10,,0,,5,se_coin se_failure se_milestone se_success se_tap,,true,false,true,burst popup,true,true,true,false,false,false,,25,15,true,false,満員のスタジアム、応援団長が声援ゲージを連打で押し上げ観客席全体を沸かせようとする,2010s FLAT MOBILE,false,false,false,true,true,95,25/20/15/15/15/5,0,
,I-DS-0007-festival-candle-blowout.js,I-DS-0007-festival-candle-blowout,0,フェスティバルキャンドルブロウ,指を長押しして息を溜め、離した勢いで並んだ灯りを吹き消す,画面を長押しして息ゲージを溜め、離すと溜めた強さぶん遠くまで息が届いて灯りを吹き消す,,214,hold_charge,festival_candle_blowout_stall,hold_charge,low,jp-weak,,,0,,7,se_break se_coin se_failure se_milestone se_powerup se_success se_tap,,true,false,true,burst popup,true,true,true,true,false,false,,26,15,true,false,縁日の出店。挑戦者が息を溜めて一気に吹き放ち、遠くの灯りほど強い一息でまとめて消す腕試し,90s 16bit,false,false,false,true,true,90,20/20/15/15/15/5,0,全入力ハンドラで即時フィードバック(feedback/fx/audio)を返す
,I-DS-0022-snowball-pack-size.js,I-DS-0022-snowball-pack-size,0,スノーボールパック,両手で挟んだ雪玉を押し固め、示された大きさまでちょうど縮める,雪玉の両端を指でつまんで押さえ続けると縮んでいく。示された目標サイズの輪に収まった瞬間に指を離す,,192,hold_charge,snow_pack_contest,timing_one_shot,low,default,,,0,,6,se_bad se_coin se_failure se_powerup se_success se_tap,,true,false,true,burst popup,true,true,true,true,false,false,,26,15,true,false,雪祭りの玉投げ大会前の準備場。選手が審査員の示す規格の輪に合わせて雪玉を握り固め、投擲用に仕上げる,90s BIG SPRITE,false,false,false,true,true,90,20/20/15/15/15/5,0,全入力ハンドラで即時フィードバック(feedback/fx/audio)を返す
,I-GBA-0005-temple-rope.js,I-GBA-0005-temple-rope,0,テンプルロープ,境内で回る大縄が足元を通る瞬間に合わせて跳ぶ、一発勝負の奉納芸,回る縄が足元の当たりゾーンに入っている間にタップして跳ぶ,,213,timing_window,shrine_rope_jump,timing_one_shot,low,default,,,0,,7,se_bad se_coin se_failure se_jump se_milestone se_success se_tap,,true,false,true,burst popup,true,true,true,false,false,false,,28,15,true,false,山あいの神社の境内。奉納の大縄跳びを一人で演じる舞い手が、回り続ける縄を跳び越え続ける,70s VECTOR,false,false,false,true,true,95,25/20/15/15/15/5,0,
,I-GBA-0017-lantern-paddle-return.js,I-GBA-0017-lantern-paddle-return,0,ランタンパドルリターン,夜市の灯りボールが届く瞬間にパドルを振って打ち返す,灯りボールがパドルに届く直前でタップして振り返す,,207,reaction_duel,night_market_lantern_rally,timing_one_shot,low,default,,,0,,7,se_bad se_coin se_failure se_good se_milestone se_success se_tap,,true,false,true,burst popup,true,true,true,false,false,false,,26,15,true,false,夜市の屋台芸。光る紙提灯ボールを相手台から打ち返され続け、届く瞬間だけパドルを振ってラリーを続ける露天芸人,90s 16bit,false,false,false,true,true,95,25/20/15/15/15/5,0,
,I-GBA-0021-springboard-peak-dive.js,I-GBA-0021-springboard-peak-dive,0,スプリングボードピークダイブ,弾む板の反発が最大になる瞬間を見計らってボタンを押し、跳躍を決める,板の反発ゲージが上下するのを見て、頂点に来た瞬間にタップする,,190,timing_one_shot,springboard_peak_launch,timing_one_shot,low,jp-weak,,,0,,7,se_bad se_coin se_failure se_good se_milestone se_success se_tap,,true,false,true,burst popup,true,true,true,false,false,false,,25,15,true,false,屋外プールの飛び込み板。上下に弾む板の反発力が最大になる一瞬を狙い澄まして跳ね上がるダイバー,80s ISO,false,false,false,true,true,91,25/20/15/11/15/5,0,進捗バーか達成カウンタを常時表示する
,I-GBA-0033-chug-tilt-balance.js,I-GBA-0033-chug-tilt-balance,0,チャグ・チルト,大ジョッキの傾け具合を左右タップで保ち、こぼさず一気飲みを完走する,ジョッキが傾きすぎたら逆側をタップして戻す。中央の安全帯を保てば飲み進む,,214,balance,festival_chug_contest,balance,high,slug+jp,17,,0,,5,se_coin se_failure se_milestone se_success se_tap,,true,true,true,popup,true,true,true,false,false,false,,31,15,true,false,収穫祭の一気飲み大会。丸っこい参加者マスコットが、大ジョッキの傾きを保ってこぼさず飲み干す,2000s ARCADE POP,false,false,false,true,true,95,25/20/15/15/15/5,0,
,I-GBA-0053-tilt-tray-hole.js,I-GBA-0053-tilt-tray-hole,0,ティルトトレイホール,指でトレイを傾けてボールを転がし、時間内に穴へ落とす,指で押さえたままドラッグしてトレイを傾け、ボールを穴まで転がす,,237,balance,pseudo3d_tilt_tray,balance,low,jp-weak,20,,0,,6,se_bad se_coin se_failure se_milestone se_success se_tap,,true,false,true,burst popup,true,true,true,true,false,false,,27,15,true,false,奥行きを感じさせる疑似3Dの木製トレイ。指でトレイの傾きを操り、転がる小さな球を縁から落とさず穴へ導く職人芸,MODE7 PSEUDO,false,false,false,true,true,91,21/20/15/15/15/5,0,全入力ハンドラで即時フィードバック(feedback/fx/audio)を返す
,I-GBA-0057-taffy-mallet-shakeoff.js,I-GBA-0057-taffy-mallet-shakeoff,0,水飴もちシェイクオフ,木槌の先にべっとり絡んだ水飴を、時間内に連打して振り落とす,画面を連打して木槌を振り、絡んだ水飴を弾き飛ばす,,179,mash,taffy_mallet_shakeoff,mash,med,jp,,14,0,,5,se_break se_coin se_failure se_milestone se_tap,,true,false,true,burst popup,true,true,true,false,false,false,,21,15,true,false,縁日の水飴屋台。練りすぎて木槌にべったり絡みついた水飴を、閉店の鐘が鳴る前に叩き落とす,2000s ARCADE POP,false,false,false,true,true,95,25/20/15/15/15/5,0,
,I-GBA-0058-pole-plate-balance.js,I-GBA-0058-pole-plate-balance,0,ポールプレート・バランス,頭上のポールに乗せた皿が落ちないよう、左右タップで重心を保つ,皿が傾いた側と逆をタップして体重を移し、水平に戻し続ける,,187,balance,pole_plate_balance,balance,high,slug+jp,,,0,,5,se_coin se_failure se_milestone se_success se_tap,,true,false,true,burst popup,true,true,true,false,false,false,,31,15,true,false,大道芸の一座。頭に立てた細いポールの先で皿を回し続ける芸人が、風で傾く皿を落とさぬよう耐える,70s VECTOR,false,false,false,true,true,95,25/20/15/15/15/5,0,
,I-Switch-0002-hurdle-window-leap.js,I-Switch-0002-hurdle-window-leap,0,ハードルウィンドウ,足元の窓が開いた瞬間にボタンを押し、選手をハードルの上まで跳ばせる,迫るハードルの直前、足元の当たり判定窓が開いている間にボタンをタップして跳躍させる,,238,timing_window,hurdle_sprint_track,timing_window,low,jp-weak,,,0,,6,se_bad se_coin se_failure se_jump se_success se_tap,,true,false,true,burst popup,true,true,true,false,false,false,,31,15,true,false,陸上競技場のトラックを疾走する選手。次々現れるハードルの直前、踏み切りの窓が開いた瞬間だけジャンプできる,90s 16bit,false,false,false,true,true,95,25/20/15/15/15/5,0,
,I-Switch-0008-rapids-tube-run.js,I-Switch-0008-rapids-tube-run,0,ラピッズ・チューブ・ラン,川下りの浮き輪に乗ったカワウソが、指の左右移動だけで岩をよける,画面を押している間、指の左右位置にカワウソが追従する(縦方向の操作はできない),,204,drag_follow,river_tube_otter,dodge,med,jp,,,0,,5,se_bad se_coin se_milestone se_success se_tap,,true,false,true,burst popup,true,true,true,true,false,false,,27,15,true,false,渓流を浮き輪で下るカワウソ。流れてくる岩を左右のよろめきだけでかわし、滝つぼの手前まで駆け抜ける,2000s ARCADE POP,false,false,false,true,true,88,18/20/15/15/15/5,0,全入力ハンドラで即時フィードバック(feedback/fx/audio)を返す
,I-Switch2-0002-ring-stare-down.js,I-Switch2-0002-ring-stare-down,0,リングステアダウン,向かい合った相手と仕切り、見られている間は動かず合図で立ち合う,相手に見られている(視線マーカー点灯)間はボタンに触れず我慢し、視線が外れた合図の瞬間だけタップする,,195,freeze,ring_face_off,freeze,med,jp,,,0,,7,se_bad se_coin se_failure se_good se_milestone se_success se_tap,bgm_tense,false,false,true,burst popup,true,true,true,false,false,false,,24,15,true,false,土俵際で向かい合う二人の力士(自分とAIの相手)。仕切り線で見つめ合い、視線が外れた合図の瞬間にだけ立ち合う,VOXEL BLOCK,false,false,false,true,true,93,25/18/15/15/15/5,0,
,I-Switch2-0004-tandem-trapeze-catch.js,I-Switch2-0004-tandem-trapeze-catch,0,タンデムトラピーズ,手を繋いだ空中ブランコの二人組が、バーが来た瞬間に2本指で同時に掴む,揺れるバーが自分の高さに来た合図で、画面を2本指同時にタップして掴む,,215,pinch_zone,aerial_duo_catch,duel_2p,med,jp,,,0,,6,se_bad se_coin se_failure se_good se_success se_tap,,true,false,true,burst popup,true,true,true,true,true,false,,29,15,true,false,旅回りの空中曲芸団。手を繋いだ二人組のフライヤーが、振り子のバーが最接近した瞬間に揃って両手で掴む花形演目,80s NEON,false,false,false,true,true,95,25/20/15/15/15/5,0,
,I-Wii-0003-lantern-tightrope-balance.js,I-Wii-0003-lantern-tightrope-balance,0,灯篭頭上バランス,頭に灯篭を乗せて構え、突風の合図に合わせて左右タップで重心を保つ,突風が来る方向の予告を見て、傾く前に逆側(画面下の左/右ゾーン)をタップして体勢を戻す,,203,balance,rope_lantern_walker,reaction_duel,low,jp-weak,18,,0,,6,se_bad se_coin se_failure se_milestone se_success se_tap,,true,false,true,burst popup,true,true,true,false,false,false,,26,15,true,false,夜祭りの綱渡り芸。頭に灯篭を乗せた軽業師が、吹く風に逆らって左右に重心を戻しながら綱を渡り切る,TOON SHADE,false,false,false,true,true,95,25/20/15/15/15/5,0,
,I-Wii-0009-tray-bridge-balance.js,I-Wii-0009-tray-bridge-balance,0,トレイブリッジ・バランス,傾く吊り橋の上でスープトレイを水平に保ち、渡りきる,トレイが傾いた側と逆のボタン(左/右)を押して重心を戻す。時間いっぱい保てば成功,,248,balance,rope_bridge_tray_carrier,balance,high,slug+jp,,,0,,7,se_bad se_coin se_failure se_good se_milestone se_success se_tap,bgm_cute,false,false,true,burst popup,true,true,true,false,false,false,,33,15,true,false,渓谷の吊り橋を渡る給仕ロボット。強風にあおられるたびトレイの傾きを戻し、スープをこぼさず対岸まで運ぶ,2000s ARCADE POP,false,false,false,true,true,93,25/18/15/15/15/5,0,
,I-Wii-0023-fan-flick-goldfish-boat.js,I-Wii-0023-fan-flick-goldfish-boat,0,ファン・フリック・ボート,夜店の紙舟に扇であおぎ、狙った輪の中まで滑らせて止める,紙舟を指で引き寄せてから、狙う方向へ大きく振って弾き飛ばす(引いて放すフリック),,237,flick_launch,festival_pond_paper_boat,flick_launch,med,jp,,,0,,8,se_bad se_coin se_failure se_good se_jump se_milestone se_success se_tap,,true,true,true,burst,true,true,true,true,false,false,,29,15,true,false,夜店の紙舟すくい屋台で、店主が紙舟に団扇の風を大きく送り、池に浮かぶ的の輪へ滑らせ届ける,2000s ARCADE POP,false,false,false,true,true,95,25/20/15/15/15/5,0,
,K-DS-0003-beat-bounce-keeper.js,K-DS-0003-beat-bounce-keeper,0,ビートバウンス,街角のパフォーマー。跳ねる玉を拍のタイミングでパドルに合わせて弾き続ける,曲の拍に合わせてタップし、落ちてくる玉をパドルで弾き続ける,,205,rhythm,street_ball_performer,rhythm,high,slug+jp,,,0,,5,se_coin se_failure se_milestone se_success se_tap,,true,false,true,popup,true,true,true,false,false,false,,28,15,true,false,夜の街角で玉乗りパフォーマンスをする大道芸人。曲の拍に合わせてパドルで玉を弾き続け、観客を沸かせる,80s NEON,false,false,false,true,true,95,25/20/15/15/15/5,0,
,K-DS-0004-wall-rally-swing.js,K-DS-0004-wall-rally-swing,0,ウォールラリー,壁から跳ね返ってくる球に合わせて道具を振り、リズムよく打ち返し続ける,球が手元に戻ってきた瞬間にタップして道具を振り、打ち返す,,196,timing_window,backwall_rally_court,rhythm,low,jp-weak,,,0,,5,se_coin se_failure se_milestone se_success se_tap,,true,false,true,popup,true,true,true,false,false,false,,28,15,true,false,裏庭の壁打ちコート。壁に当たって跳ね返ってくる球を、戻ってきた瞬間にラケットで打ち返し続ける練習,TOON SHADE,false,false,false,true,true,95,25/20/15/15/15/5,0,
,K-DS-0010-sync-dive-release.js,K-DS-0010-sync-dive-release,0,シンクロダイブ,息を溜めて構え、相方の合図とぴったり重なる瞬間に指を離して飛び込む,指を押さえて息を溜め、ゲージが示す合図の窓に入った瞬間に指を離して飛び込む,,215,hold_charge,synchronized_dive_pair,reaction_duel,low,jp-weak,,,0,,6,se_coin se_failure se_good se_milestone se_success se_tap,bgm_cute,false,true,true,burst popup,true,true,true,true,false,false,,34,15,true,false,プールサイドに並んで立つ飛び込みペア。息を溜めながら構え、相方の合図とぴったり重なる瞬間に手を離して同時に飛び込む,SKEUOMORPH,false,false,false,true,true,93,25/18/15/15/15/5,0,
,K-DS-0018-street-kick-return.js,K-DS-0018-street-kick-return,0,ストリートキックリターン,壁当て機から飛んでくる球を、届いた瞬間に蹴り返す,球が足元に届いた瞬間にタップして蹴り返す,,206,reaction_duel,street_wall_kickback,timing_one_shot,low,default,,,0,,6,se_bad se_coin se_failure se_good se_success se_tap,bgm_tense,false,false,true,burst popup,true,true,true,false,false,false,,22,15,true,false,路地裏の壁当てコート。壁の発射口から次々に飛んでくる球を、選手が届いた瞬間だけ強く蹴り返す個人練習,90s 16bit,false,false,false,true,true,93,25/18/15/15/15/5,0,
,K-DS-0021-arc-return-volley.js,K-DS-0021-arc-return-volley,0,アークリターン,弧を描いて飛んでくる球を軌道を読んで打ち返す,左右いずれかから弧を描いて向かってくる球を、打点に来た瞬間にタップして打ち返す,,216,trajectory,arc_return_court,timing_one_shot,low,jp-weak,,,0,,6,se_bad se_coin se_failure se_good se_success se_tap,bgm_tense,false,false,true,burst popup,true,true,true,false,false,false,,20,15,true,false,夜間照明の屋外コート。独自デザインの選手が、弧を描いて次々飛んでくる球の軌道を読み、打点で正確に打ち返す,MODE7 PSEUDO,false,false,false,true,true,93,25/18/15/15/15/5,0,
,K-DS-0028-call-and-row.js,K-DS-0028-call-and-row,0,コール&ロウ,掛け声に合わせて左右のオールを交互に漕ぐ,画面下の左右どちらかが光った瞬間に、その側をタップして漕ぐ。交互に切り替わる,,188,alternate_tap,call_and_row,alternate_tap,med,jp,,,0,,6,se_bad se_coin se_failure se_good se_success se_tap,,true,false,true,burst popup,true,true,true,false,false,false,,25,15,true,false,独自デザインの漕手が並ぶ手漕ぎ艇。号令役の掛け声に合わせ、左右のオールを交互に漕ぎ進む,70s VECTOR,false,false,false,true,true,95,25/20/15/15/15/5,0,
,K-DS-0034-falling-orb-flick.js,K-DS-0034-falling-orb-flick,0,フォーリングオーブフリック,落ちてくる玉が受け台に届く瞬間に弾き返す,3レーンのいずれかを落ちてくる玉が受け台に届いた瞬間、そのレーンをタップして弾き返す,,200,flick_launch,falling_orb_flick,swipe_direction,low,slug-weak,,,0,,6,se_bad se_coin se_failure se_good se_success se_tap,bgm_dark,false,false,true,burst popup,true,true,true,false,false,false,,20,15,true,false,独自デザインのブロック造形の番人が守る三本の落下口。落ちてくる玉が受け台に触れる寸前で弾き返し続ける,VOXEL BLOCK,false,false,false,true,true,93,25/18/15/15/15/5,0,
,K-DS-0036-forge-hammer-swing.js,K-DS-0036-forge-hammer-swing,0,フォージハンマー,熱した鉄を、振り上げた大槌のタイミングを合わせて打つ,画面を押し続けて大槌を振り上げ、狙いの力加減のところで指を離して振り下ろす,,212,hold_charge,forge_hammer_strike,hold_charge,low,jp-weak,,,0,,6,se_bad se_break se_coin se_failure se_success se_tap,,true,false,true,burst popup,true,true,true,true,false,false,,38,15,true,false,鍛冶場の職人が、真っ赤に熱した鉄を大槌で打つ。振り上げる強さが狙いの帯にぴったり合った時だけ良い一打になる,SKEUOMORPH,false,false,false,true,true,90,20/20/15/15/15/5,0,全入力ハンドラで即時フィードバック(feedback/fx/audio)を返す
,K-DS-0041-pond-stone-hopper.js,K-DS-0041-pond-stone-hopper,0,跳ね石渡り,大魚の尾びれが跳ね上げる飛び石を、頂点の瞬間に踏み込んで渡る,石が水面から跳ね上がり頂点に達した瞬間にタップして踏み込む。早すぎ/遅すぎは水没,,239,timing_one_shot,pond_stone_hopper,timing_one_shot,low,default,,,0,,6,se_bad se_coin se_failure se_jump se_success se_tap,bgm_cute,false,false,true,burst popup,true,true,true,false,false,false,,29,15,true,false,旅の軽業師が池を渡る。水面下の大魚が尾びれで石を次々跳ね上げ、石が頂点で静止する一瞬だけ踏み込んで対岸を目指す,TOON SHADE,false,false,false,true,true,93,25/18/15/15/15/5,0,
,K-DS-0046-formation-step-call.js,K-DS-0046-formation-step-call,0,フォーメーションステップコール,号令に合わせ、隊列と足並みを揃えて左右交互に足を踏み出す,号令の光と足アイコンに合わせ、左足の合図なら画面左側、右足の合図なら画面右側をタップ,,232,alternate_tap,drill_formation_march,alternate_tap,med,jp,,,0,,6,se_bad se_coin se_failure se_good se_success se_tap,,true,false,true,burst popup,true,true,true,false,false,false,,28,15,true,false,広場での隊列訓練。号令係の合図に合わせ、周囲の隊員と足並みを揃えて左右交互に足を踏み出す一員,8bit HANDHELD,false,false,false,true,true,95,25/20/15/15/15/5,0,
,K-DS-0047-drop-strike-kick.js,K-DS-0047-drop-strike-kick,0,ドロップストライクキック,落ちてくる的球に合わせ、蹴り位置に来た瞬間タップして蹴り返す,上から落ちてくる球が蹴りライン付近に来た瞬間にタップして蹴る,,215,timing_one_shot,courtyard_drop_kick,timing_one_shot,low,jp-weak,,,0,,6,se_bad se_coin se_failure se_good se_success se_tap,,true,false,true,burst popup,true,true,true,false,false,false,,27,15,true,false,練習用の中庭。的当て器が落とす球を、着地の瞬間に見切って蹴り返す反復練習,HYPERCASUAL 3D,false,false,false,true,true,95,25/20/15/15/15/5,0,
,K-DS-0048-basket-drop-catch.js,K-DS-0048-basket-drop-catch,0,バスケットドロップキャッチ,屋台の上から次々落ちてくる品を、動く籠を滑らせてタイミングよく受け止める,落下物の真下に籠が来るよう左右にドラッグし、着地の瞬間に籠が下にあれば自動でキャッチ,,215,drop_timing,night_stall_catch,timing_one_shot,low,jp-weak,,,0,,5,se_bad se_coin se_failure se_success se_tap,,true,false,true,burst popup,true,true,true,true,false,false,,29,15,true,false,夜店の屋台。棚から次々に品物が落ちてくるので、店主が持つ籠をタイミングよく滑らせて受け止める,2000s ARCADE POP,false,false,false,true,true,90,20/20/15/15/15/5,0,全入力ハンドラで即時フィードバック(feedback/fx/audio)を返す
,K-DS-0050-pogo-bounce-chain.js,K-DS-0050-pogo-bounce-chain,0,ポゴ・バウンスチェーン,弾む一輪具に乗り、跳ね上がる頂点の窓でタップして次の跳躍へつなぐ,キャラが跳ね上がり頂点に来た瞬間にタップして着地を強く踏み込み、次の跳躍へつなげる,,201,timing_window,pogo_rooftop_hop,connect,med,jp,,,0,,6,se_bad se_coin se_failure se_jump se_success se_tap,,true,false,true,burst popup,true,true,true,false,false,false,,30,15,true,false,夕暮れの屋根伝い。弾む一輪の器具に乗った軽業師が、跳躍の頂点を逃さず踏み込んで屋根から屋根へ渡っていく,80s ISO,false,false,false,true,true,95,25/20/15/15/15/5,0,
,K-DS-0054-ring-charge-push.js,K-DS-0054-ring-charge-push,0,リングチャージプッシュ,立ち合いの合図と同時に連打で力をため、土俵際まで相手を押し出す,合図(GO!)が出るまでは待ち、出た瞬間から連打して相手を押し出す。合図前の連打は反則,,195,push_out,courtyard_ring_push,mash,med,jp,20,,0,,7,se_bad se_coin se_failure se_good se_milestone se_success se_tap,,true,false,true,burst popup,true,true,true,false,false,false,,28,15,true,false,土俵のような円の広場。立ち合いの合図と同時に連打で力を込め、相手を円の外まで押し出す力比べ,90s BIG SPRITE,false,false,false,true,true,91,25/20/15/11/15/5,0,進捗バーか達成カウンタを常時表示する
,K-DS-0057-acrobat-pair-catch.js,K-DS-0057-acrobat-pair-catch,0,宙返りキャッチ,宙返りする相方を、飛び上がった瞬間から着地まで腕を構え続けて受け止める,相方が飛び上がったら指を押し続けて腕を構え、着地の瞬間ぴったりで離して受け止める,,218,hold_duration,acrobat_pair_catch,hold_charge,low,jp-weak,,,0,,6,se_bad se_coin se_failure se_good se_success se_tap,bgm_tense,false,false,true,burst popup,true,true,true,true,false,false,,27,15,true,false,旅回りの曲芸団。宙返りする相方が飛び上がった瞬間から着地までの回転時間ぴったりに腕を構え続け、落下の瞬間に受け止める花形の二人技,90s PRE-RENDER,false,false,false,true,true,93,25/18/15/15/15/5,0,
,K-DS-0058-temari-toss-catch.js,K-DS-0058-temari-toss-catch,0,手毬落下キャッチ,放り上げた手毬が描く軌道を読み、受け皿が下に来た瞬間にタップして受け止める,手毬の落下軌道を見て、皿の真下に来た瞬間にタップして受け止める。早すぎ/遅すぎは取りこぼし,,231,trajectory,temari_toss_catch,timing_one_shot,low,jp-weak,,,0,,6,se_bad se_coin se_failure se_good se_success se_tap,,true,false,true,burst popup,true,true,true,false,false,false,,28,15,true,false,大道芸の曲芸師が、次々放り上げる手毬の落下軌道を読み、構えた受け皿でタイミングよく受け止める見世物,SKEUOMORPH,false,false,false,true,true,95,25/20/15/15/15/5,0,
,K-GBA-0004-return-type-judge.js,K-GBA-0004-return-type-judge,0,リターンタイプジャッジ,飛んでくる物の硬さを見極め、正しい打ち返し方をタイミングよく選ぶ,迫る物が硬い塊か柔らかい塊かを見て、対応するゾーン(左=強打/右=軽打)を接近中にタップ,,220,judge,street_stall_return,timing_one_shot,low,jp-weak,,,0,,6,se_bad se_coin se_failure se_good se_success se_tap,,true,false,true,burst popup,true,true,true,false,false,false,,23,15,true,false,商店街の何でも打ち返し屋台。飛来物の硬さを瞬時に見極め、強打か軽打かを選んで打ち返す腕比べ,2000s ARCADE POP,false,false,false,true,true,95,25/20/15/15/15/5,0,
,K-GBA-0005-swing-ball-timing.js,K-GBA-0005-swing-ball-timing,0,スイングタイミング,振り子のように迫る球を、ストライクラインでバットを合わせて打ち返す,弧を描いて迫る球がストライクラインに重なった瞬間タップしてバットを振る,,221,timing_one_shot,pendulum_batting_cage,timing_one_shot,low,jp-weak,,,0,,6,se_bad se_coin se_failure se_good se_success se_tap,,true,false,true,burst popup,true,true,true,false,false,false,,24,15,true,false,振り子式投球マシンのバッティングケージ。弧を描いて迫る球をジャストミートで打ち返す一発勝負,90s 16bit,false,false,false,true,true,95,25/20/15/15/15/5,0,
,K-GBA-0010-jump-rope-landing.js,K-GBA-0010-jump-rope-landing,0,縄跳びランディング,一定のリズムで跳び続け、縄が足元を通る瞬間だけジャンプを合わせる,縄が足元を通過する寸前だけジャンプが効く。それ以外のタップは無効で連打すると引っかかる,,198,cooldown_tap,handheld_jump_rope_meet,mash,med,jp,,,0,,6,se_bad se_coin se_failure se_jump se_success se_tap,,true,false,true,burst popup,true,true,true,false,false,false,,28,15,true,false,90年代ハンドヘルド風の運動会種目。回る縄が足元を通る瞬間だけジャンプが効く、我慢比べの縄跳び,90s HANDHELD COLOR,false,false,false,true,true,95,25/20/15/15/15/5,0,
,K-GBA-0014-ring-pass-relay.js,K-GBA-0014-ring-pass-relay,0,リングパス・リレー,高く放り上げたリングが落ちてきて手元に戻る瞬間に合わせてタップし、次へ送る,放り上げたリングが山なりに落ちてきて手の高さに戻る瞬間だけタップする,,196,drop_timing,streetside_ring_juggler,timing_one_shot,low,default,,,0,,6,se_bad se_coin se_failure se_good se_success se_tap,,true,false,true,burst popup,true,true,true,false,false,false,,26,15,true,false,大道芸の一座。放り上げたリングが山なりに戻ってくる一瞬を捉え、次の演目へ送り継ぐ曲芸師,80s NEON,false,false,false,true,true,95,25/20/15/15/15/5,0,
,K-GBA-0019-festival-ring-toss.js,K-GBA-0019-festival-ring-toss,0,夜市の玉入れ,合図の灯りに合わせて玉を弾き上げ、ちょうど良い勢いで輪の的に入れる,灯りがついた合図の直後に、玉から上へ指を弾く(フリックの速さが弱すぎ/強すぎだと外れる),,221,flick_launch,night_market_ring_toss,flick_launch,med,jp,,,0,,7,se_bad se_coin se_failure se_good se_milestone se_success se_tap,bgm_cute,false,false,true,burst popup,true,true,true,true,false,false,,22,15,true,false,夜市の的当て屋台。灯りが灯った合図の直後だけ、ちょうど良い勢いで玉を弾き上げて輪に通す出し物,90s HANDHELD COLOR,false,false,false,true,true,93,25/18/15/15/15/5,0,
,K-GBA-0021-archer-draw-flow.js,K-GBA-0021-archer-draw-flow,0,流鏑の弓引き,音の高まりに合わせて弓を押し続けて溜め、緑の間合いで指を離して射る,弓を長押しして溜め、メーターが緑の間合いに入ったところで指を離す(早すぎ/溜めすぎは失敗),,223,hold_charge,archery_range_flow,hold_charge,low,jp-weak,,,0,,8,se_bad se_break se_coin se_failure se_good se_milestone se_success se_tap,bgm_cute,false,true,true,burst popup,true,true,true,true,false,false,,46,15,true,false,弓の稽古場。高まっていく音色に合わせて弓を引き絞り、音がちょうど満ちた一瞬で矢を放つ射手,TOON SHADE,false,false,false,true,true,93,25/18/15/15/15/5,0,
,K-GBA-0028-quarry-boulder-break.js,K-GBA-0028-quarry-boulder-break,0,息合わせ割岩,相棒の振り上げに合わせ、ハンマーが最高点に来た瞬間だけ叩いて岩を割る。連打は禁物,振り上がるハンマーが頂点で止まった一瞬だけタップする。速すぎる連打はクールダウンで無効,,208,cooldown_tap,quarry_boulder_break,mash,med,jp,,,0,,6,se_bad se_break se_coin se_failure se_success se_tap,,true,false,true,burst popup,true,true,true,false,false,false,,26,15,true,false,採石場で相棒と息を合わせて大槌を振る石割り職人。振り上げの頂点でだけ叩く一撃を、テンポが速まる中で外さずに続ける,1BIT INK,false,false,false,true,true,95,25/20/15/15/15/5,0,
